date,captured_at_utc,start_utc,game_pk,player,team,opponent,version,probability,offered_odds,quote_provenance,decision,bet_status,rank,proposed_stake,lineup_confirmed,lineup_slot,actual_bet_odds,actual_bet_stake,closing_odds,conservative_probability,decimal_odds,estimated_ev,conservative_ev,minimum_decimal_price,minimum_american_price,price_pass,name_key,actual_hit,flat_unit_profit,proposed_profit,outcome_status
2026-09-09,2026-09-10T01:15:56.145533+00:00,2026-09-10T02:10:00+00:00,823900,Carlos Jorge,CIN,LAD,price-decision-v1,0.6121501187378345,-143,Model snapshot; sportsbook quote age unverified,Not selected,Not selected,,0.0,True,1.0,,,,0.5821501187378345,1.6993006993006992,0.0402271248482082,-0.0107518961308127,1.769303083254803,-129.98778007871152,False,carlosjorge,0.0,-1.0,-0.0,Resolved
2026-09-09,2026-09-10T01:15:56.145533+00:00,2026-09-10T02:10:00+00:00,823900,Dane Myers,CIN,LAD,price-decision-v1,0.6187753208704907,-174,Model snapshot; sportsbook quote age unverified,Not selected,Not selected,,0.0,False,2.47,,,,0.5887753208704907,1.5747126436781609,-0.0256066786292272,-0.0728480579395721,1.7493939767671798,-133.441157922554,False,danemyers,,,,Pending
2026-09-09,2026-09-10T01:15:56.145533+00:00,2026-09-10T02:10:00+00:00,823900,Elly De La Cruz,CIN,LAD,price-decision-v1,0.6614879398928362,-152,Model snapshot; sportsbook quote age unverified,Not selected,Not selected,,0.0,True,2.0,,,,0.6314879398928361,1.6578947368421053,0.0966773740328599,0.0469405319275968,1.6310683624057676,-158.46143770982056,True,ellydelacruz,1.0,0.6578947368421053,0.0,Resolved
2026-09-09,2026-09-10T01:15:56.145533+00:00,2026-09-10T02:10:00+00:00,823900,Eugenio Suarez,CIN,LAD,price-decision-v1,0.5503277527478493,-135,Model snapshot; sportsbook quote age unverified,Not selected,Not selected,,0.0,False,4.58,,,,0.5203277527478493,1.7407407407407407,-0.0420220600315216,-0.0942442822537439,1.9795215507160115,-102.09065836979484,False,eugeniosuarez,,,,Pending
2026-09-09,2026-09-10T01:15:56.145533+00:00,2026-09-10T02:10:00+00:00,823900,Freddie Freeman,LAD,CIN,price-decision-v1,0.688158321558689,-275,Model snapshot; sportsbook quote age unverified,Not selected,Not selected,,0.0,False,3.01,,,,0.6581583215586889,1.3636363636363638,-0.0616022887836058,-0.1025113796926968,1.5649729954955125,-176.99961024206922,False,freddiefreeman,,,,Pending
2026-09-09,2026-09-10T01:15:56.145533+00:00,2026-09-10T02:10:00+00:00,823900,Héctor Rodríguez,CIN,LAD,price-decision-v1,0.5732039411958911,-138,Model snapshot; sportsbook quote age unverified,Not selected,Not selected,,0.0,True,5.0,,,,0.5432039411958911,1.7246376811594204,-0.0114308840244775,-0.0631700144592601,1.8961570818731592,-111.58757992625434,False,hectorrodriguez,0.0,-1.0,-0.0,Resolved
2026-09-09,2026-09-10T01:15:56.145533+00:00,2026-09-10T02:10:00+00:00,823900,JJ Bleday,CIN,LAD,price-decision-v1,0.6494402499049552,-143,Model snapshot; sportsbook quote age unverified,Not selected,Not selected,,0.0,True,4.0,,,,0.6194402499049552,1.6993006993006992,0.1035942708175112,0.0526152498384902,1.6627915285744506,-150.87700383721352,True,jjbleday,0.0,-1.0,-0.0,Resolved
2026-09-09,2026-09-10T01:15:56.145533+00:00,2026-09-10T02:10:00+00:00,823900,Matt McLain,CIN,LAD,price-decision-v1,0.5744374689572851,-114,Model snapshot; sportsbook quote age unverified,Not selected,Not selected,,0.0,False,2.67,,,,0.5444374689572851,1.8771929824561404,0.0783299855864825,0.0220141961127984,1.891860973442316,-112.12509906564246,False,mattmclain,0.0,-1.0,-0.0,Resolved
2026-09-09,2026-09-10T01:15:56.145533+00:00,2026-09-10T02:10:00+00:00,823900,Max Muncy,LAD,CIN,price-decision-v1,0.6630728243074998,-175,Model snapshot; sportsbook quote age unverified,Not selected,Not selected,,0.0,True,4.0,,,,0.6330728243074998,1.5714285714285714,0.0419715810546426,-0.0051712760882146,1.6269850172872091,-159.49344440904238,False,maxmuncy,1.0,0.5714285714285714,0.0,Resolved
2026-09-09,2026-09-10T01:15:56.145533+00:00,2026-09-10T02:10:00+00:00,823900,Mookie Betts,LAD,CIN,price-decision-v1,0.6342149768459245,-299,Model snapshot; sportsbook quote age unverified,Not selected,Not selected,,0.0,True,3.0,,,,0.6042149768459245,1.334448160535117,-0.1536729907641341,-0.1937064355801877,1.704691276235364,-141.90611317657408,False,mookiebetts,1.0,0.33444816053511706,0.0,Resolved
2026-09-09,2026-09-10T01:15:56.145533+00:00,2026-09-10T02:10:00+00:00,823900,Sal Stewart,CIN,LAD,price-decision-v1,0.654397258559142,-185,Model snapshot; sportsbook quote age unverified,Not selected,Not selected,,0.0,True,3.0,,,,0.624397258559142,1.5405405405405406,0.0081255064289484,-0.0380907097872678,1.6495908428182824,-153.94305678039578,False,salstewart,1.0,0.5405405405405406,0.0,Resolved
2026-09-09,2026-09-10T01:15:56.145533+00:00,2026-09-10T02:10:00+00:00,823900,Shohei Ohtani,LAD,CIN,price-decision-v1,0.6881095603474191,-293,Model snapshot; sportsbook quote age unverified,Not selected,Not selected,,0.0,False,1.0,,,,0.6581095603474191,1.341296928327645,-0.0770407603531204,-0.1172796682029498,1.5650889488009538,-176.96329084507343,False,shoheiohtani,,,,Pending
2026-09-09,2026-09-10T01:15:56.145533+00:00,2026-09-10T02:10:00+00:00,823900,Teoscar Hernández,LAD,CIN,price-decision-v1,0.6022153483530086,-274,Model snapshot; sportsbook quote age unverified,Not selected,Not selected,,0.0,True,5.0,,,,0.5722153483530086,1.364963503649635,-0.1779980281604919,-0.2189469332699809,1.8000216229163029,-124.99662151064366,False,teoscarhernandez,1.0,0.36496350364963503,0.0,Resolved
2026-09-09,2026-09-10T01:15:56.145533+00:00,2026-09-10T02:10:00+00:00,823900,Tommy Edman,LAD,CIN,price-decision-v1,0.637418811756793,-257,Model snapshot; sportsbook quote age unverified,Not selected,Not selected,,0.0,True,1.0,,,,0.607418811756793,1.3891050583657587,-0.1145583042911474,-0.1562314560421202,1.6956998697834305,-143.74014477123552,False,tommyedman,0.0,-1.0,-0.0,Resolved
2026-09-09,2026-09-10T01:15:56.145533+00:00,2026-09-10T02:10:00+00:00,823900,Tyler Stephenson,CIN,LAD,price-decision-v1,0.5707159163696433,-127,Model snapshot; sportsbook quote age unverified,Not selected,Not selected,,0.0,False,4.26,,,,0.5407159163696432,1.7874015748031495,0.0200985276843228,-0.0335235195597716,1.9048819700285524,-110.51165048281892,False,tylerstephenson,1.0,0.7874015748031495,0.0,Resolved
2026-09-09,2026-09-10T01:15:56.145533+00:00,2026-09-10T02:10:00+00:00,823900,Will Smith,LAD,CIN,price-decision-v1,0.6493807668303279,-272,Model snapshot; sportsbook quote age unverified,Not selected,Not selected,,0.0,True,2.0,,,,0.6193807668303278,1.3676470588235294,-0.1118763041879339,-0.1529057159526399,1.662951217021171,-150.8406613224552,False,willsmith,1.0,0.36764705882352944,0.0,Resolved
2026-09-10,2026-09-10T15:31:13.714255+00:00,2026-09-10T17:05:00+00:00,823413,Alec Bohm,PHI,HOU,price-decision-v1,0.5834511996925962,-208,Model snapshot; sportsbook quote age unverified,Not selected,Not selected,,0.0,True,5.0,,,,0.5534511996925962,1.4807692307692308,-0.1360434158398095,-0.1804664927628864,1.8610493582308496,-116.1373608192037,False,alecbohm,1.0,0.48076923076923084,0.0,Resolved
2026-09-10,2026-09-10T15:31:13.714255+00:00,2026-09-10T23:40:00+00:00,824550,Andrew Benintendi,CWS,PIT,price-decision-v1,0.5839778635447551,-143,Model snapshot; sportsbook quote age unverified,Not selected,Not selected,,0.0,False,3.89,,,,0.5539778635447551,1.6993006993006992,-0.0076460081022693,-0.0586250290812904,1.8592800683574384,-116.37649199888403,False,andrewbenintendi,0.0,-1.0,-0.0,Resolved
2026-09-10,2026-09-10T15:31:13.714255+00:00,2026-09-10T23:05:00+00:00,823499,Anthony Volpe,NYY,COL,price-decision-v1,0.553098884260542,-138,Model snapshot; sportsbook quote age unverified,Not selected,Not selected,,0.0,False,4.89,,,,0.523098884260542,1.7246376811594204,-0.0461048227970362,-0.0978439532318188,1.9690349778818947,-103.19544937230113,False,anthonyvolpe,1.0,0.7246376811594204,0.0,Resolved
2026-09-10,2026-09-10T15:31:13.714255+00:00,2026-09-10T23:05:00+00:00,823499,Ben Rice,NYY,COL,price-decision-v1,0.7086442678891193,-275,Model snapshot; sportsbook quote age unverified,Not selected,Not selected,,0.0,False,1.95,,,,0.6786442678891192,1.3636363636363638,-0.0336669074239281,-0.074575998333019,1.517731820241775,-193.15019106475057,False,benrice,1.0,0.36363636363636376,0.0,Resolved
2026-09-10,2026-09-10T15:31:13.714255+00:00,2026-09-10T23:40:00+00:00,824550,Brandon Lowe,PIT,CWS,price-decision-v1,0.6274416184219543,-164,Model snapshot; sportsbook quote age unverified,On card,Hold,3.0,0.0,False,2.19,,,,0.5974416184219543,1.6097560975609757,0.010027971118268,-0.0382647118085612,1.7240178257426708,-138.11814632799087,False,brandonlowe,0.0,-1.0,-0.0,Resolved
2026-09-10,2026-09-10T15:31:13.714255+00:00,2026-09-10T20:10:00+00:00,823088,Brandon Nimmo,TEX,SEA,price-decision-v1,0.6580928619292862,-164,Model snapshot; sportsbook quote age unverified,Not selected,Not selected,,0.0,False,3.62,,,,0.6280928619292862,1.6097560975609757,0.0593689972520217,0.0110763143251924,1.6398848998796018,-156.27810566996595,False,brandonnimmo,0.0,-1.0,-0.0,Resolved
2026-09-10,2026-09-10T15:31:13.714255+00:00,2026-09-10T23:40:00+00:00,824550,Bryan Reynolds,PIT,CWS,price-decision-v1,0.6101578250603605,-208,Model snapshot; sportsbook quote age unverified,Not selected,Not selected,,0.0,False,3.0,,,,0.5801578250603605,1.4807692307692308,-0.0964970667375429,-0.14092014366062,1.7753789667369173,-128.96919350396766,False,bryanreynolds,0.0,-1.0,-0.0,Resolved
2026-09-10,2026-09-10T15:31:13.714255+00:00,2026-09-10T17:05:00+00:00,823413,Bryce Harper,PHI,HOU,price-decision-v1,0.6821355462876865,-214,Model snapshot; sportsbook quote age unverified,Not selected,Not selected,,0.0,True,3.0,,,,0.6521355462876864,1.4672897196261685,0.0008904744595026,-0.0431282171292825,1.579426249440512,-172.5845180410086,False,bryceharper,0.0,-1.0,-0.0,Resolved
2026-09-10,2026-09-10T15:31:13.714255+00:00,2026-09-10T20:10:00+00:00,823088,Cal Raleigh,SEA,TEX,price-decision-v1,0.5350316808038629,-115,Model snapshot; sportsbook quote age unverified,Not selected,Not selected,,0.0,False,3.72,,,,0.5050316808038628,1.869565217391304,0.0002766206333086,-0.0558103358884304,2.039476015367077,103.94760153670777,False,calraleigh,1.0,0.869565217391304,0.0,Resolved
2026-09-10,2026-09-10T15:31:13.714255+00:00,2026-09-10T16:15:00+00:00,824872,Chandler Simpson,TB,ATL,price-decision-v1,0.6095357770952404,-265,Model snapshot; sportsbook quote age unverified,Not selected,Not selected,,0.0,True,5.0,,,,0.5795357770952404,1.3773584905660377,-0.1604507221141028,-0.2017714768310839,1.77728457967269,-128.65300896887652,False,chandlersimpson,0.0,-1.0,-0.0,Resolved
2026-09-10,2026-09-10T15:31:13.714255+00:00,2026-09-10T23:40:00+00:00,824550,Chase Meidroth,CWS,PIT,price-decision-v1,0.5834131119362425,-154,Model snapshot; sportsbook quote age unverified,Not selected,Not selected,,0.0,False,3.19,,,,0.5534131119362424,1.6493506493506491,-0.0377472049882754,-0.087227724468795,1.8611774419227425,-116.12008760555894,False,chasemeidroth,0.0,-1.0,-0.0,Resolved
2026-09-10,2026-09-10T15:31:13.714255+00:00,2026-09-10T23:05:00+00:00,823499,Cody Bellinger,NYY,COL,price-decision-v1,0.6802726822523015,-260,Model snapshot; sportsbook quote age unverified,Not selected,Not selected,,0.0,False,3.47,,,,0.6502726822523015,1.3846153846153846,-0.0580839784198902,-0.0996224399583517,1.5839508995402745,-171.24727452038647,False,codybellinger,1.0,0.3846153846153846,0.0,Resolved
2026-09-10,2026-09-10T15:31:13.714255+00:00,2026-09-10T20:10:00+00:00,823088,Cole Young,SEA,TEX,price-decision-v1,0.6096421151768234,-151,Model snapshot; sportsbook quote age unverified,Not selected,Not selected,,0.0,False,2.17,,,,0.5796421151768234,1.6622516556291391,0.013378615293925,-0.0364889343749491,1.7769585284288605,-128.70699830300683,False,coleyoung,1.0,0.6622516556291391,0.0,Resolved
2026-09-10,2026-09-10T15:31:13.714255+00:00,2026-09-10T23:40:00+00:00,824550,Colson Montgomery,CWS,PIT,price-decision-v1,0.5731498794130759,-131,Model snapshot; sportsbook quote age unverified,Not selected,Not selected,,0.0,False,4.23,,,,0.5431498794130759,1.763358778625954,0.0106688713314544,-0.0422318920273242,1.89634581363253,-111.56408439588748,False,colsonmontgomery,1.0,0.7633587786259539,0.0,Resolved
2026-09-10,2026-09-10T15:31:13.714255+00:00,2026-09-10T20:10:00+00:00,823088,Corey Seager,TEX,SEA,price-decision-v1,0.5998461627406353,-148,Model snapshot; sportsbook quote age unverified,Not selected,Not selected,,0.0,False,2.33,,,,0.5698461627406353,1.6756756756756757,0.0051476240518752,-0.045122646218395,1.8075053713554676,-123.83818553694742,False,coreyseager,0.0,-1.0,-0.0,Resolved
2026-09-10,2026-09-10T15:31:13.714255+00:00,2026-09-10T20:10:00+00:00,823088,Dominic Canzone,SEA,TEX,price-decision-v1,0.6130930770360379,-165,Model snapshot; sportsbook quote age unverified,Not selected,Not selected,,0.0,False,3.18,,,,0.5830930770360379,1.606060606060606,-0.0153353611239391,-0.0635171793057574,1.7664418264673398,-130.4730464162126,False,dominiccanzone,1.0,0.606060606060606,0.0,Resolved
2026-09-10,2026-09-10T15:31:13.714255+00:00,2026-09-10T16:15:00+00:00,824872,Drake Baldwin,ATL,TB,price-decision-v1,0.6928233727790908,-243,Model snapshot; sportsbook quote age unverified,Not selected,Not selected,,0.0,True,1.0,,,,0.6628233727790908,1.411522633744856,-0.0220641281348636,-0.0644098071472094,1.5539584786840095,-180.5189447367269,False,drakebaldwin,1.0,0.4115226337448561,0.0,Resolved
2026-09-10,2026-09-10T15:31:13.714255+00:00,2026-09-10T20:10:00+00:00,823088,Evan Carter,TEX,SEA,price-decision-v1,0.5478981219934397,113,Model snapshot; sportsbook quote age unverified,Not selected,Not selected,,0.0,False,4.25,,,,0.5178981219934397,2.13,0.1670229998460264,0.1031229998460263,1.9888081386266296,-101.13185368689568,True,evancarter,0.0,-1.0,-0.0,Resolved
2026-09-10,2026-09-10T15:31:13.714255+00:00,2026-09-10T20:10:00+00:00,823088,Ezequiel Duran,TEX,SEA,price-decision-v1,0.5970182873232259,-165,Model snapshot; sportsbook quote age unverified,Not selected,Not selected,,0.0,False,4.12,,,,0.5670182873232259,1.606060606060606,-0.0411524476323947,-0.089334265814213,1.8165198954383173,-122.47099006242688,False,ezequielduran,0.0,-1.0,-0.0,Resolved
2026-09-10,2026-09-10T15:31:13.714255+00:00,2026-09-10T23:05:00+00:00,823499,Ezequiel Tovar,COL,NYY,price-decision-v1,0.5433591660651355,102,Model snapshot; sportsbook quote age unverified,Not selected,Not selected,,0.0,False,4.25,,,,0.5133591660651354,2.02,0.0975855154515736,0.0369855154515734,2.006392537791587,100.63925377915872,True,ezequieltovar,1.0,1.02,0.0,Resolved
2026-09-10,2026-09-10T15:31:13.714255+00:00,2026-09-10T23:40:00+00:00,824550,Henry Davis,PIT,CWS,price-decision-v1,0.542602426196231,-114,Model snapshot; sportsbook quote age unverified,Not selected,Not selected,,0.0,False,5.0,,,,0.512602426196231,1.8771929824561404,0.0185694667192406,-0.0377463227544435,2.009354516019599,100.93545160195993,False,henrydavis,,,,Pending
2026-09-10,2026-09-10T15:31:13.714255+00:00,2026-09-10T23:05:00+00:00,823499,Hunter Goodman,COL,NYY,price-decision-v1,0.5761367482518374,-168,Model snapshot; sportsbook quote age unverified,Not selected,Not selected,,0.0,False,3.5,,,,0.5461367482518373,1.5952380952380951,-0.0809247111220688,-0.1287818539792118,1.8859745353100488,-112.87006117507066,False,huntergoodman,0.0,-1.0,-0.0,Resolved
2026-09-10,2026-09-10T15:31:13.714255+00:00,2026-09-10T17:05:00+00:00,823413,Isaac Paredes,HOU,PHI,price-decision-v1,0.5840869873687602,-160,Model snapshot; sportsbook quote age unverified,Not selected,Not selected,,0.0,True,3.0,,,,0.5540869873687602,1.625,-0.0508586455257646,-0.0996086455257647,1.8589138952554152,-116.426105750988,False,isaacparedes,1.0,0.625,0.0,Resolved
2026-09-10,2026-09-10T15:31:13.714255+00:00,2026-09-10T20:10:00+00:00,823088,Jake Burger,TEX,SEA,price-decision-v1,0.5789469094385965,-151,Model snapshot; sportsbook quote age unverified,Not selected,Not selected,,0.0,False,4.38,,,,0.5489469094385965,1.6622516556291391,-0.0376445412643197,-0.0875120909331939,1.8763198813768212,-114.11358126770556,False,jakeburger,0.0,-1.0,-0.0,Resolved
2026-09-10,2026-09-10T15:31:13.714255+00:00,2026-09-10T23:40:00+00:00,824550,Jake Mangum,PIT,CWS,price-decision-v1,0.623954888482073,-197,Model snapshot; sportsbook quote age unverified,Not selected,Not selected,,0.0,False,1.0,,,,0.593954888482073,1.5076142131979695,-0.0593167417300726,-0.1045451681260117,1.73413843369872,-136.21409179762216,False,jakemangum,0.0,-1.0,-0.0,Resolved
2026-09-10,2026-09-10T15:31:13.714255+00:00,2026-09-10T23:05:00+00:00,823499,Jake McCarthy,COL,NYY,price-decision-v1,0.6300734269868706,-205,Model snapshot; sportsbook quote age unverified,Not selected,Not selected,,0.0,False,1.1,,,,0.6000734269868706,1.4878048780487805,-0.0625736818000217,-0.1072078281414852,1.7164566096051044,-139.57579378759291,False,jakemccarthy,1.0,0.4878048780487805,0.0,Resolved
2026-09-10,2026-09-10T15:31:13.714255+00:00,2026-09-10T23:05:00+00:00,823499,Jazz Chisholm,NYY,COL,price-decision-v1,0.5661265248637568,-205,Model snapshot; sportsbook quote age unverified,Not selected,Not selected,,0.0,False,4.75,,,,0.5361265248637568,1.4878048780487805,-0.1577141947148984,-0.2023483410563619,1.921188287152457,-108.55544017946242,False,jazzchisholm,,,,Pending
2026-09-10,2026-09-10T15:31:13.714255+00:00,2026-09-10T17:05:00+00:00,823413,Jeremy Peña,HOU,PHI,price-decision-v1,0.6414784681950213,-198,Model snapshot; sportsbook quote age unverified,Not selected,Not selected,,0.0,True,1.0,,,,0.6114784681950213,1.5050505050505052,-0.0345425074640587,-0.0796940226155739,1.684441977230011,-146.1044227659847,False,jeremypena,1.0,0.5050505050505052,0.0,Resolved
2026-09-10,2026-09-10T15:31:13.714255+00:00,2026-09-10T20:10:00+00:00,823088,Joc Pederson,TEX,SEA,price-decision-v1,0.6079015634899465,-113,Model snapshot; sportsbook quote age unverified,Not selected,Not selected,,0.0,False,1.11,,,,0.5779015634899465,1.8849557522123892,0.1458675488792797,0.089318876312908,1.7823104574762385,-127.8264901668368,True,jocpederson,1.0,0.8849557522123892,0.0,Resolved
2026-09-10,2026-09-10T15:31:13.714255+00:00,2026-09-10T16:15:00+00:00,824872,Jonathan Aranda,TB,ATL,price-decision-v1,0.6425958831813114,-203,Model snapshot; sportsbook quote age unverified,On card,Hold,2.0,0.0,False,2.33,,,,0.6125958831813114,1.4926108374384237,-0.0408544206702592,-0.0856327457934119,1.6813694448141574,-146.76325855391838,False,jonathanaranda,0.0,-1.0,-0.0,Resolved
2026-09-10,2026-09-10T15:31:13.714255+00:00,2026-09-10T16:15:00+00:00,824872,Jonny DeLuca,TB,ATL,price-decision-v1,0.6214172514585904,-190,Model snapshot; sportsbook quote age unverified,Not selected,Not selected,,0.0,True,4.0,,,,0.5914172514585904,1.526315789473684,-0.0515210372474147,-0.0973105109316253,1.7415792276260953,-134.84735854874842,False,jonnydeluca,1.0,0.5263157894736841,0.0,Resolved
2026-09-10,2026-09-10T15:31:13.714255+00:00,2026-09-10T23:05:00+00:00,823499,Jordan Beck,COL,NYY,price-decision-v1,0.563945855762993,-108,Model snapshot; sportsbook quote age unverified,Not selected,Not selected,,0.0,False,2.0,,,,0.533945855762993,1.925925925925926,0.0861179444324311,0.0283401666546532,1.9290345432649911,-107.6386241232332,False,jordanbeck,0.0,-1.0,-0.0,Resolved
2026-09-10,2026-09-10T15:31:13.714255+00:00,2026-09-10T17:05:00+00:00,823413,Jose Altuve,HOU,PHI,price-decision-v1,0.5946970478378478,-176,Model snapshot; sportsbook quote age unverified,Not selected,Not selected,,0.0,True,4.0,,,,0.5646970478378478,1.5681818181818183,-0.067406902254284,-0.1144523567997386,1.823986868611652,-121.3611573306885,False,josealtuve,1.0,0.5681818181818183,0.0,Resolved
2026-09-10,2026-09-10T15:31:13.714255+00:00,2026-09-10T20:10:00+00:00,823088,Josh Naylor,SEA,TEX,price-decision-v1,0.6064482534884827,-171,Model snapshot; sportsbook quote age unverified,Not selected,Not selected,,0.0,False,4.22,,,,0.5764482534884827,1.5847953216374269,-0.0389036450562642,-0.086447504705387,1.7868039217167635,-127.0964686879107,False,joshnaylor,0.0,-1.0,-0.0,Resolved
2026-09-10,2026-09-10T15:31:13.714255+00:00,2026-09-10T20:10:00+00:00,823088,J.P. Crawford,SEA,TEX,price-decision-v1,0.6252139497671528,-139,Model snapshot; sportsbook quote age unverified,Not selected,Not selected,,0.0,False,1.26,,,,0.5952139497671528,1.7194244604316546,0.0750081582327304,0.0234254244197806,1.7304701954699402,-136.89812482447155,False,jpcrawford,0.0,-1.0,-0.0,Resolved
2026-09-10,2026-09-10T15:31:13.714255+00:00,2026-09-10T20:10:00+00:00,823088,Julio Rodriguez,SEA,TEX,price-decision-v1,0.6140751310465463,-174,Model snapshot; sportsbook quote age unverified,Not selected,Not selected,,0.0,False,2.86,,,,0.5840751310465463,1.5747126436781609,-0.0330081269726799,-0.0802495062830248,1.7634717611661452,-130.98061393555352,False,juliorodriguez,1.0,0.5747126436781609,0.0,Resolved
2026-09-10,2026-09-10T15:31:13.714255+00:00,2026-09-10T16:15:00+00:00,824872,Junior Caminero,TB,ATL,price-decision-v1,0.6833541553257457,-251,Model snapshot; sportsbook quote age unverified,Not selected,Not selected,,0.0,True,3.0,,,,0.6533541553257457,1.398406374501992,-0.0443931931500527,-0.0863453843851125,1.5764803691903793,-173.46644455637238,False,juniorcaminero,0.0,-1.0,-0.0,Resolved
2026-09-10,2026-09-10T15:31:13.714255+00:00,2026-09-10T23:40:00+00:00,824550,Konnor Griffin,PIT,CWS,price-decision-v1,0.6290694823561623,-219,Model snapshot; sportsbook quote age unverified,Not selected,Not selected,,0.0,False,2.0,,,,0.5990694823561623,1.45662100456621,-0.083684178668421,-0.1273828088054074,1.719333116333972,-139.0176508342096,False,konnorgriffin,0.0,-1.0,-0.0,Resolved
2026-09-10,2026-09-10T15:31:13.714255+00:00,2026-09-10T23:05:00+00:00,823499,Kyle Karros,COL,NYY,price-decision-v1,0.5783848402483118,-152,Model snapshot; sportsbook quote age unverified,Not selected,Not selected,,0.0,False,3.52,,,,0.5483848402483118,1.6578947368421053,-0.0410988174830619,-0.0908356595883251,1.8782430227896345,-113.86369991572708,False,kylekarros,1.0,0.6578947368421053,0.0,Resolved
2026-09-10,2026-09-10T15:31:13.714255+00:00,2026-09-10T17:05:00+00:00,823413,Kyle Schwarber,PHI,HOU,price-decision-v1,0.677308882784679,-216,Model snapshot; sportsbook quote age unverified,Not selected,Not selected,,0.0,True,1.0,,,,0.647308882784679,1.462962962962963,-0.0091221900001917,-0.0530110788890806,1.5912032530266071,-169.14656590277505,False,kyleschwarber,0.0,-1.0,-0.0,Resolved
2026-09-10,2026-09-10T15:31:13.714255+00:00,2026-09-10T16:15:00+00:00,824872,Matt Olson,ATL,TB,price-decision-v1,0.6594647345192877,-207,Model snapshot; sportsbook quote age unverified,Not selected,Not selected,,0.0,True,3.0,,,,0.6294647345192876,1.4830917874396137,-0.0219532681283994,-0.0664460217515879,1.6363108900558103,-157.15588333122673,False,mattolson,1.0,0.4830917874396137,0.0,Resolved
2026-09-10,2026-09-10T15:31:13.714255+00:00,2026-09-10T16:15:00+00:00,824872,Mauricio Dubón,ATL,TB,price-decision-v1,0.6008029101531408,-227,Model snapshot; sportsbook quote age unverified,Not selected,Not selected,,0.0,True,5.0,,,,0.5708029101531408,1.4405286343612334,-0.1345262043168412,-0.1777420633476784,1.8044757335306176,-124.30455740551442,False,mauriciodubon,0.0,-1.0,-0.0,Resolved
2026-09-10,2026-09-10T15:31:13.714255+00:00,2026-09-10T23:40:00+00:00,824550,Miguel Vargas,CWS,PIT,price-decision-v1,0.6665852230582696,-205,Model snapshot; sportsbook quote age unverified,Not selected,Not selected,,0.0,False,2.61,,,,0.6365852230582696,1.4878048780487805,-0.008251253498672,-0.0528853998401355,1.6180080257780651,-161.81019635481454,False,miguelvargas,0.0,-1.0,-0.0,Resolved
2026-09-10,2026-09-10T15:31:13.714255+00:00,2026-09-10T16:15:00+00:00,824872,Mike Yastrzemski,ATL,TB,price-decision-v1,0.5596667172920525,-138,Model snapshot; sportsbook quote age unverified,Not selected,Not selected,,0.0,False,5.0,,,,0.5296667172920525,1.7246376811594204,-0.0347776904673295,-0.0865168209021123,1.944619071528463,-105.86277899110448,False,mikeyastrzemski,1.0,0.7246376811594204,0.0,Resolved
2026-09-10,2026-09-10T15:31:13.714255+00:00,2026-09-10T23:40:00+00:00,824550,Munetaka Murakami,CWS,PIT,price-decision-v1,0.6115239652122522,-135,Model snapshot; sportsbook quote age unverified,Not selected,Not selected,,0.0,False,2.12,,,,0.5815239652122521,1.7407407407407407,0.0645046801842907,0.0122824579620686,1.771208173035581,-129.6666756089815,False,munetakamurakami,0.0,-1.0,-0.0,Resolved
2026-09-10,2026-09-10T15:31:13.714255+00:00,2026-09-10T23:40:00+00:00,824550,Nick Gonzales,PIT,CWS,price-decision-v1,0.6376001004286418,-236,Model snapshot; sportsbook quote age unverified,Not selected,Not selected,,0.0,False,3.54,,,,0.6076001004286418,1.423728813559322,-0.0922303654914252,-0.1349422298982049,1.6951939265206986,-143.84475494554343,False,nickgonzales,1.0,0.423728813559322,0.0,Resolved
2026-09-10,2026-09-10T15:31:13.714255+00:00,2026-09-10T23:40:00+00:00,824550,Oneil Cruz,PIT,CWS,price-decision-v1,0.613736797210011,-158,Model snapshot; sportsbook quote age unverified,Not selected,Not selected,,0.0,False,4.16,,,,0.5837367972100109,1.6329113924050631,0.002177808102423,-0.0468095336697289,1.7644938693653007,-130.8054962991687,False,oneilcruz,1.0,0.6329113924050631,0.0,Resolved
2026-09-10,2026-09-10T15:31:13.714255+00:00,2026-09-10T16:15:00+00:00,824872,Ozzie Albies,ATL,TB,price-decision-v1,0.6001578832589217,-180,Model snapshot; sportsbook quote age unverified,Not selected,Not selected,,0.0,False,3.41,,,,0.5701578832589217,1.5555555555555556,-0.0664210704861217,-0.1130877371527884,1.806517159971028,-123.9899223019536,False,ozziealbies,1.0,0.5555555555555556,0.0,Resolved
2026-09-10,2026-09-10T15:31:13.714255+00:00,2026-09-10T20:10:00+00:00,823088,Randy Arozarena,SEA,TEX,price-decision-v1,0.6028405186226089,-167,Model snapshot; sportsbook quote age unverified,Not selected,Not selected,,0.0,False,2.69,,,,0.5728405186226089,1.598802395209581,-0.036177134896787,-0.0841412067530745,1.7980571668998346,-125.30430669329624,False,randyarozarena,0.0,-1.0,-0.0,Resolved
2026-09-10,2026-09-10T15:31:13.714255+00:00,2026-09-10T16:15:00+00:00,824872,Ronald Acuña Jr.,ATL,TB,price-decision-v1,0.6438112002981706,-239,Model snapshot; sportsbook quote age unverified,Not selected,Not selected,,0.0,True,2.0,,,,0.6138112002981706,1.4184100418410042,-0.0868117284473647,-0.1293640297025948,1.678040412914684,-147.48383443714104,False,ronaldacunajr,0.0,-1.0,-0.0,Resolved
2026-09-10,2026-09-10T15:31:13.714255+00:00,2026-09-10T23:05:00+00:00,823499,Ryan McMahon,NYY,COL,price-decision-v1,0.594554918516308,-129,Model snapshot; sportsbook quote age unverified,Not selected,Not selected,,0.0,False,1.0,,,,0.564554918516308,1.7751937984496124,0.0554502041878646,0.0021943902343761,1.824446065773222,-121.29356200664644,False,ryanmcmahon,1.0,0.7751937984496124,0.0,Resolved
2026-09-10,2026-09-10T15:31:13.714255+00:00,2026-09-10T16:15:00+00:00,824872,Ryan Vilade,TB,ATL,price-decision-v1,0.6230213936112231,-181,Model snapshot; sportsbook quote age unverified,Not selected,Not selected,,0.0,True,2.0,,,,0.5930213936112231,1.5524861878453038,-0.0327678916864437,-0.0793424773218028,1.736868199185499,-135.70947981000606,False,ryanvilade,1.0,0.5524861878453038,0.0,Resolved
2026-09-10,2026-09-10T15:31:13.714255+00:00,2026-09-10T23:40:00+00:00,824550,Sam Antonacci,CWS,PIT,price-decision-v1,0.6595242397138232,-179,Model snapshot; sportsbook quote age unverified,Not selected,Not selected,,0.0,False,1.16,,,,0.6295242397138232,1.558659217877095,0.0279735356433334,-0.0187862408929794,1.6361562192874892,-157.19409316158612,False,samantonacci,0.0,-1.0,-0.0,Resolved
2026-09-10,2026-09-10T15:31:13.714255+00:00,2026-09-10T16:15:00+00:00,824872,Sean Murphy,ATL,TB,price-decision-v1,0.5485394296569724,-133,Model snapshot; sportsbook quote age unverified,Not selected,Not selected,,0.0,False,5.0,,,,0.5185394296569724,1.7518796992481205,-0.0390249089468076,-0.0915812999242513,1.9863484647278848,-101.38404790601884,False,seanmurphy,,,,Pending
2026-09-10,2026-09-10T15:31:13.714255+00:00,2026-09-10T23:40:00+00:00,824550,Spencer Horwitz,PIT,CWS,price-decision-v1,0.5926444254804221,-161,Model snapshot; sportsbook quote age unverified,Not selected,Not selected,,0.0,False,2.17,,,,0.562644425480422,1.62111801242236,-0.0392534468919867,-0.0878869872646574,1.8306410822794872,-120.3889407029748,False,spencerhorwitz,1.0,0.6211180124223601,0.0,Resolved
2026-09-10,2026-09-10T15:31:13.714255+00:00,2026-09-10T23:05:00+00:00,823499,Spencer Jones,NYY,COL,price-decision-v1,0.5922626725988765,-196,Model snapshot; sportsbook quote age unverified,Not selected,Not selected,,0.0,False,4.36,,,,0.5622626725988765,1.510204081632653,-0.1055624944425129,-0.1508686168914926,1.831884011149379,-120.2090659992782,False,spencerjones,1.0,0.510204081632653,0.0,Resolved
2026-09-10,2026-09-10T15:31:13.714255+00:00,2026-09-10T23:05:00+00:00,823499,T.J. Rumfield,COL,NYY,price-decision-v1,0.5979452294913866,-147,Model snapshot; sportsbook quote age unverified,Not selected,Not selected,,0.0,False,3.68,,,,0.5679452294913866,1.6802721088435373,0.0047106917304251,-0.0456974715348811,1.8135551572858504,-122.91729590113586,False,tjrumfield,0.0,-1.0,-0.0,Resolved
2026-09-10,2026-09-10T15:31:13.714255+00:00,2026-09-10T17:05:00+00:00,823413,Trea Turner,PHI,HOU,price-decision-v1,0.6240052347155667,-210,Model snapshot; sportsbook quote age unverified,On card,Locked,1.0,21.0,True,2.0,,,,0.5940052347155667,1.4761904761904765,-0.0788494154198776,-0.123135129705592,1.7339914529426748,-136.2413684779107,False,treaturner,0.0,-1.0,-21.0,Resolved
2026-09-10,2026-09-10T15:31:13.714255+00:00,2026-09-10T20:10:00+00:00,823088,Wyatt Langford,TEX,SEA,price-decision-v1,0.6025869831941709,-150,Model snapshot; sportsbook quote age unverified,Not selected,Not selected,,0.0,False,2.38,,,,0.5725869831941709,1.6666666666666663,0.0043116386569515,-0.0456883613430485,1.7988533274964706,-125.1794247554684,False,wyattlangford,0.0,-1.0,-0.0,Resolved
2026-09-10,2026-09-10T15:31:13.714255+00:00,2026-09-10T17:05:00+00:00,823413,Yainer Diaz,HOU,PHI,price-decision-v1,0.568346795428451,-162,Model snapshot; sportsbook quote age unverified,Not selected,Not selected,,0.0,False,5.0,,,,0.538346795428451,1.617283950617284,-0.0808218493688014,-0.1293403678873199,1.9132648485076609,-109.4972615702959,False,yainerdiaz,0.0,-1.0,-0.0,Resolved
2026-09-10,2026-09-10T15:31:13.714255+00:00,2026-09-10T17:05:00+00:00,823413,Yordan Alvarez,HOU,PHI,price-decision-v1,0.7244303510076674,-244,Model snapshot; sportsbook quote age unverified,Not selected,Not selected,,0.0,True,2.0,,,,0.6944303510076674,1.4098360655737705,0.0213280358468752,-0.0209670461203378,1.4832301014859122,-206.94075077795077,False,yordanalvarez,0.0,-1.0,-0.0,Resolved
2026-09-10,2026-09-10T18:00:46.015689+00:00,2026-09-10T23:05:00+00:00,823499,Jasson Dominguez,NYY,COL,price-decision-v1,0.6315507804071576,-234,Model snapshot; sportsbook quote age unverified,Not selected,Not selected,,0.0,False,3.78,,,,0.6015507804071576,1.4273504273504274,-0.0985557236923476,-0.1413762365128604,1.712241149953871,-140.4018849605595,False,jassondominguez,0.0,-1.0,-0.0,Resolved
2026-09-10,2026-09-10T18:30:38.872207+00:00,2026-09-10T23:05:00+00:00,823499,Adael Amador,COL,NYY,price-decision-v1,0.5539507790458589,-109,Model snapshot; sportsbook quote age unverified,Not selected,Not selected,,0.0,False,5.0,,,,0.5239507790458588,1.9174311926605505,0.0621625029411423,0.0046395671613257,1.9658335118342276,-103.53751322014978,False,adaelamador,1.0,0.9174311926605505,0.0,Resolved
2026-09-10,2026-09-10T18:30:38.872207+00:00,2026-09-10T23:40:00+00:00,824550,Braden Montgomery,CWS,PIT,price-decision-v1,0.579327526015314,-144,Model snapshot; sportsbook quote age unverified,Not selected,Not selected,,0.0,False,4.82,,,,0.549327526015314,1.6944444444444444,-0.0183616920296068,-0.0691950253629402,1.8750198219109195,-114.28312536007944,False,bradenmontgomery,0.0,-1.0,-0.0,Resolved
2026-09-10,2026-09-10T18:30:38.872207+00:00,2026-09-10T20:10:00+00:00,823088,Cody Freeman,TEX,SEA,price-decision-v1,0.5794916281824041,-131,Model snapshot; sportsbook quote age unverified,Not selected,Not selected,,0.0,False,5.0,,,,0.549491628182404,1.763358778625954,0.0218516496956895,-0.031049113663089,1.8744598592102495,-114.35630686388843,False,codyfreeman,0.0,-1.0,-0.0,Resolved
2026-09-10,2026-09-10T18:30:38.872207+00:00,2026-09-10T23:05:00+00:00,823499,Cole Carrigg,COL,NYY,price-decision-v1,0.5886405585192961,-169,Model snapshot; sportsbook quote age unverified,Not selected,Not selected,,0.0,False,3.28,,,,0.5586405585192961,1.5917159763313609,-0.063051418688221,-0.1108028979781619,1.8437615820986308,-118.51689164524036,False,colecarrigg,1.0,0.5917159763313609,0.0,Resolved
2026-09-10,2026-09-10T18:30:38.872207+00:00,2026-09-10T23:05:00+00:00,823499,Connor Norby,COL,NYY,price-decision-v1,0.535910461930366,-123,Model snapshot; sportsbook quote age unverified,Not selected,Not selected,,0.0,False,3.2,,,,0.5059104619303659,1.8130081300813008,-0.028389975524621,-0.0827802194270601,2.0359333864532148,103.59333864532148,False,connornorby,0.0,-1.0,-0.0,Resolved
2026-09-10,2026-09-10T18:30:38.872207+00:00,2026-09-10T20:10:00+00:00,823088,Elias Diaz,TEX,SEA,price-decision-v1,0.5691522237094419,-108,Model snapshot; sportsbook quote age unverified,Not selected,Not selected,,0.0,False,5.0,,,,0.5391522237094418,1.925925925925926,0.0961450234404066,0.0383672456626287,1.9104066619876992,-109.84102398994872,True,eliasdiaz,,,,No PA - excluded (book settlement unverified)
2026-09-10,2026-09-10T18:30:38.872207+00:00,2026-09-10T23:05:00+00:00,823499,George Lombard,NYY,COL,price-decision-v1,0.6102582865792737,-217,Model snapshot; sportsbook quote age unverified,Not selected,Not selected,,0.0,False,5.0,,,,0.5802582865792737,1.4608294930875576,-0.1085166965639181,-0.1523415813565448,1.775071591087538,-129.0203397336309,False,georgelombard,0.0,-1.0,-0.0,Resolved
2026-09-10,2026-09-10T18:30:38.872207+00:00,2026-09-10T23:40:00+00:00,824550,Jacob Gonzalez,PIT,CWS,price-decision-v1,0.5782303893904793,-138,Model snapshot; sportsbook quote age unverified,Not selected,Not selected,,0.0,False,4.5,,,,0.5482303893904793,1.7246376811594204,-0.002762082065695,-0.0545012125004776,1.8787721730368696,-113.79513720196556,False,jacobgonzalez,,,,No PA - excluded (book settlement unverified)
2026-09-10,2026-09-10T18:30:38.872207+00:00,2026-09-10T23:40:00+00:00,824550,Jake Rogers,CWS,PIT,price-decision-v1,0.5529528439307569,-102,Model snapshot; sportsbook quote age unverified,Not selected,Not selected,,0.0,False,5.0,,,,0.5229528439307569,1.9803921568627447,0.0950634752354206,0.0356517105295381,1.969584852542422,-103.13692477536382,True,jakerogers,0.0,-1.0,-0.0,Resolved
2026-09-10,2026-09-10T18:30:38.872207+00:00,2026-09-10T23:05:00+00:00,823499,Luis Garcia,NYY,COL,price-decision-v1,0.6485721576160138,-290,Model snapshot; sportsbook quote age unverified,Not selected,Not selected,,0.0,False,3.47,,,,0.6185721576160138,1.3448275862068966,-0.1277822707922572,-0.1681270983784641,1.665125058278787,-150.34766583412198,False,luisgarcia,1.0,0.3448275862068966,0.0,Resolved
2026-09-10,2026-09-10T19:30:37.740015+00:00,2026-09-10T23:05:00+00:00,823499,Luis García Jr.,NYY,COL,price-decision-v1,0.6376586787175375,-290,Model snapshot; sportsbook quote age unverified,Not selected,Not selected,,0.0,True,4.0,,,,0.6076586787175374,1.3448275862068966,-0.1424590182764151,-0.1828038458626221,1.695030509847754,-143.8785759518743,False,luisgarciajr,1.0,0.3448275862068966,0.0,Resolved
2026-09-11,2026-09-11T15:31:14.157649+00:00,2026-09-11T23:05:00+00:00,823498,Aaron Judge,NYY,NYM,price-decision-v1,0.6577331551537341,-194,Model snapshot; sportsbook quote age unverified,Not selected,Not selected,,0.0,False,2.53,,,,0.6277331551537341,1.5154639175257731,-0.0032291360041349,-0.0486930535299081,1.6408245948833935,-156.04894193893466,False,aaronjudge,1.0,0.5154639175257731,0.0,Resolved
2026-09-11,2026-09-11T15:31:14.157649+00:00,2026-09-11T22:45:00+00:00,822684,Adam Frazier,LAA,WSH,price-decision-v1,0.5499019883928844,-141,Model snapshot; sportsbook quote age unverified,Not selected,Not selected,,0.0,False,5.0,,,,0.5199019883928844,1.7092198581560285,-0.0600966013993961,-0.111373197144077,1.9811426441816955,-101.92197902416446,False,adamfrazier,1.0,0.7092198581560285,0.0,Resolved
2026-09-11,2026-09-11T15:31:14.157649+00:00,2026-09-11T23:10:00+00:00,823817,Agustin Ramirez,MIA,LAD,price-decision-v1,0.5701162229618243,-128,Model snapshot; sportsbook quote age unverified,Not selected,Not selected,,0.0,False,3.38,,,,0.5401162229618243,1.78125,0.0155195221507495,-0.0379179778492505,1.906996968822396,-110.25395170816893,False,agustinramirez,1.0,0.78125,0.0,Resolved
2026-09-11,2026-09-11T15:31:14.157649+00:00,2026-09-11T23:05:00+00:00,823498,AJ Ewing,NYM,NYY,price-decision-v1,0.5903754082027883,-147,Model snapshot; sportsbook quote age unverified,Not selected,Not selected,,0.0,False,2.23,,,,0.5603754082027883,1.6802721088435373,-0.0080086678497366,-0.0584168311150428,1.8380535350460352,-119.3241193052266,False,ajewing,1.0,0.6802721088435373,0.0,Resolved
2026-09-11,2026-09-11T15:31:14.157649+00:00,2026-09-11T23:15:00+00:00,824873,Alec Bohm,PHI,ATL,price-decision-v1,0.5585838158513011,-178,Model snapshot; sportsbook quote age unverified,Not selected,Not selected,,0.0,False,4.54,,,,0.5285838158513011,1.5617977528089888,-0.1276050516479678,-0.1744589842322376,1.9486029823693185,-105.41818005909148,False,alecbohm,0.0,-1.0,-0.0,Resolved
2026-09-11,2026-09-11T15:31:14.157649+00:00,2026-09-12T00:15:00+00:00,823012,Alec Burleson,STL,CWS,price-decision-v1,0.6769297140317304,-208,Model snapshot; sportsbook quote age unverified,Not selected,Not selected,,0.0,False,3.4,,,,0.6469297140317304,1.4807692307692308,0.0023766919316008,-0.0420463849914761,1.5921358652409665,-168.88016056805736,False,alecburleson,1.0,0.48076923076923084,0.0,Resolved
2026-09-11,2026-09-11T15:31:14.157649+00:00,2026-09-11T23:07:00+00:00,822767,Alejandro Kirk,TOR,BAL,price-decision-v1,0.6342268729160361,-230,Model snapshot; sportsbook quote age unverified,Not selected,Not selected,,0.0,False,3.96,,,,0.604226872916036,1.434782608695652,-0.0900223127726439,-0.1330657910335135,1.704657714128398,-141.9128720157297,False,alejandrokirk,0.0,-1.0,-0.0,Resolved
2026-09-11,2026-09-11T15:31:14.157649+00:00,2026-09-11T18:20:00+00:00,824631,Alex Bregman,CHC,PIT,price-decision-v1,0.6072744808129046,-226,Model snapshot; sportsbook quote age unverified,Not selected,Not selected,,0.0,False,3.32,,,,0.5772744808129046,1.4424778761061947,-0.1240199967035092,-0.1672943329866951,1.784246548625496,-127.51092137448904,False,alexbregman,1.0,0.4424778761061947,0.0,Resolved
2026-09-11,2026-09-11T15:31:14.157649+00:00,2026-09-11T23:10:00+00:00,823817,Alex Freeland,LAD,MIA,price-decision-v1,0.5901893103497169,-122,Model snapshot; sportsbook quote age unverified,Not selected,Not selected,,0.0,False,5.0,,,,0.5601893103497169,1.819672131147541,0.0739510401445668,0.0193608762101404,1.8386641461562128,-119.23724229576588,False,alexfreeland,1.0,0.819672131147541,0.0,Resolved
2026-09-11,2026-09-11T15:31:14.157649+00:00,2026-09-11T22:45:00+00:00,822684,Andres Chaparro,WSH,LAA,price-decision-v1,0.6263027240821447,-176,Model snapshot; sportsbook quote age unverified,Not selected,Not selected,,0.0,False,2.88,,,,0.5963027240821447,1.5681818181818183,-0.0178434554166365,-0.0648889099620911,1.72731057297352,-137.49284516951582,False,andreschaparro,0.0,-1.0,-0.0,Resolved
2026-09-11,2026-09-11T15:31:14.157649+00:00,2026-09-11T23:07:00+00:00,822767,Andres Gimenez,TOR,BAL,price-decision-v1,0.5811896800054926,-152,Model snapshot; sportsbook quote age unverified,Not selected,Not selected,,0.0,False,5.0,,,,0.5511896800054926,1.6578947368421053,-0.0364486884119463,-0.0861855305172095,1.8686852046825984,-115.11649958000396,False,andresgimenez,0.0,-1.0,-0.0,Resolved
2026-09-11,2026-09-11T15:31:14.157649+00:00,2026-09-11T23:45:00+00:00,823736,Andrew Vaughn,MIL,CIN,price-decision-v1,0.6318154607759775,-193,Model snapshot; sportsbook quote age unverified,Not selected,Not selected,,0.0,False,4.05,,,,0.6018154607759775,1.5181347150259068,-0.0408190155058993,-0.0863630569566766,1.7114881008073868,-140.55048831670044,False,andrewvaughn,1.0,0.5181347150259068,0.0,Resolved
2026-09-11,2026-09-11T15:31:14.157649+00:00,2026-09-11T23:05:00+00:00,823498,Anthony Volpe,NYY,NYM,price-decision-v1,0.5139643654928332,-125,Model snapshot; sportsbook quote age unverified,Not selected,Not selected,,0.0,False,4.89,,,,0.4839643654928331,1.8,-0.0748641421129002,-0.1288641421129003,2.1282558664233986,112.82558664233986,False,anthonyvolpe,1.0,0.8,0.0,Resolved
2026-09-11,2026-09-11T15:31:14.157649+00:00,2026-09-11T23:15:00+00:00,824873,Austin Riley,ATL,PHI,price-decision-v1,0.5808830460269296,-160,Model snapshot; sportsbook quote age unverified,Not selected,Not selected,,0.0,False,4.73,,,,0.5508830460269296,1.625,-0.0560650502062393,-0.1048150502062393,1.869725357185251,-114.97882541177889,False,austinriley,1.0,0.625,0.0,Resolved
2026-09-11,2026-09-11T15:31:14.157649+00:00,2026-09-11T23:05:00+00:00,823498,Ben Rice,NYY,NYM,price-decision-v1,0.6505656278082722,-204,Model snapshot; sportsbook quote age unverified,Not selected,Not selected,,0.0,False,1.94,,,,0.6205656278082722,1.4901960784313726,-0.0305296526778688,-0.07523553503081,1.659776104000116,-151.56656840664,False,benrice,1.0,0.4901960784313726,0.0,Resolved
2026-09-11,2026-09-11T15:31:14.157649+00:00,2026-09-11T23:05:00+00:00,823498,Bo Bichette,NYM,NYY,price-decision-v1,0.6159837700503229,-199,Model snapshot; sportsbook quote age unverified,Not selected,Not selected,,0.0,False,2.58,,,,0.5859837700503229,1.5025125628140703,-0.0744766470098163,-0.1195520238942385,1.757727863199259,-131.97350243632667,False,bobichette,1.0,0.5025125628140703,0.0,Resolved
2026-09-11,2026-09-11T15:31:14.157649+00:00,2026-09-11T23:10:00+00:00,824711,Bobby Witt Jr.,KC,BOS,price-decision-v1,0.7206178846832038,-264,Model snapshot; sportsbook quote age unverified,Not selected,Not selected,,0.0,False,2.0,,,,0.6906178846832037,1.378787878787879,-0.0064207953610371,-0.0477844317246736,1.4914180805967336,-203.4927161787964,False,bobbywittjr,0.0,-1.0,-0.0,Resolved
2026-09-11,2026-09-11T15:31:14.157649+00:00,2026-09-11T22:45:00+00:00,822684,Brady House,WSH,LAA,price-decision-v1,0.6098031100139002,-207,Model snapshot; sportsbook quote age unverified,Not selected,Not selected,,0.0,False,3.97,,,,0.5798031100139002,1.4830917874396137,-0.0956060155832495,-0.1400987692064379,1.7764651175729411,-128.78878617571124,False,bradyhouse,1.0,0.4830917874396137,0.0,Resolved
2026-09-11,2026-09-11T15:31:14.157649+00:00,2026-09-11T18:20:00+00:00,824631,Brandon Lowe,PIT,CHC,price-decision-v1,0.604840342876489,-128,Model snapshot; sportsbook quote age unverified,Not selected,Not selected,,0.0,False,2.23,,,,0.574840342876489,1.78125,0.0773718607487461,0.0239343607487461,1.791801867708,-126.29422091345448,False,brandonlowe,,,,Pending
2026-09-11,2026-09-11T15:31:14.157649+00:00,2026-09-12T01:40:00+00:00,825036,Brandon Nimmo,TEX,ARI,price-decision-v1,0.6425516652297903,-232,Model snapshot; sportsbook quote age unverified,Not selected,Not selected,,0.0,False,3.62,,,,0.6125516652297903,1.4310344827586206,-0.0804864101021967,-0.1234174445849553,1.6814908169641654,-146.737120311422,False,brandonnimmo,0.0,-1.0,-0.0,Resolved
2026-09-11,2026-09-11T15:31:14.157649+00:00,2026-09-12T00:10:00+00:00,823659,Brayan Rocchio,CLE,MIN,price-decision-v1,0.5924504413644571,-166,Model snapshot; sportsbook quote age unverified,Not selected,Not selected,,0.0,False,3.36,,,,0.5624504413644571,1.6024096385542168,-0.050651702391894,-0.0987239915485206,1.8312724539806693,-120.29750236656514,False,brayanrocchio,1.0,0.6024096385542168,0.0,Resolved
2026-09-11,2026-09-11T15:31:14.157649+00:00,2026-09-11T23:45:00+00:00,823736,Brice Turang,MIL,CIN,price-decision-v1,0.686873737763224,-177,Model snapshot; sportsbook quote age unverified,Not selected,Not selected,,0.0,False,2.22,,,,0.656873737763224,1.5649717514124295,0.0749379963865144,0.0279888438441415,1.5680334602922923,-176.04596734238697,False,briceturang,1.0,0.5649717514124295,0.0,Resolved
2026-09-11,2026-09-11T15:31:14.157649+00:00,2026-09-12T00:10:00+00:00,823659,Brooks Lee,MIN,CLE,price-decision-v1,0.590400141437018,-159,Model snapshot; sportsbook quote age unverified,Not selected,Not selected,,0.0,False,2.55,,,,0.560400141437018,1.6289308176100628,-0.0382790148919015,-0.0871469394202034,1.8379724126385848,-119.3356708308842,False,brookslee,0.0,-1.0,-0.0,Resolved
2026-09-11,2026-09-11T15:31:14.157649+00:00,2026-09-11T18:20:00+00:00,824631,Bryan Reynolds,PIT,CHC,price-decision-v1,0.5931497371169471,-184,Model snapshot; sportsbook quote age unverified,Not selected,Not selected,,0.0,False,3.0,,,,0.563149737116947,1.5434782608695652,-0.0844862753194947,-0.1307906231455817,1.8289984565616588,-120.6274863463057,False,bryanreynolds,1.0,0.5434782608695652,0.0,Resolved
2026-09-11,2026-09-11T15:31:14.157649+00:00,2026-09-12T02:15:00+00:00,823173,Bryce Eldridge,SF,SD,price-decision-v1,0.5914935788376435,-175,Model snapshot; sportsbook quote age unverified,Not selected,Not selected,,0.0,False,2.64,,,,0.5614935788376435,1.5714285714285714,-0.0705100903979887,-0.1176529475408459,1.8343931949003207,-119.8475737951654,False,bryceeldridge,1.0,0.5714285714285714,0.0,Resolved
2026-09-11,2026-09-11T15:31:14.157649+00:00,2026-09-11T23:15:00+00:00,824873,Bryce Harper,PHI,ATL,price-decision-v1,0.6237386600694464,-145,Model snapshot; sportsbook quote age unverified,Not selected,Not selected,,0.0,False,2.96,,,,0.5937386600694464,1.6896551724137931,0.0539032532207888,0.0032135980483749,1.7347699741827936,-136.09701473065684,False,bryceharper,1.0,0.6896551724137931,0.0,Resolved
2026-09-11,2026-09-11T15:31:14.157649+00:00,2026-09-11T23:15:00+00:00,824873,Bryson Stott,PHI,ATL,price-decision-v1,0.5663022740548158,-140,Model snapshot; sportsbook quote age unverified,Not selected,Not selected,,0.0,False,4.32,,,,0.5363022740548158,1.7142857142857144,-0.0291961016203157,-0.0806246730488872,1.9205587032336973,-108.62968287489376,False,brysonstott,0.0,-1.0,-0.0,Resolved
2026-09-11,2026-09-11T15:31:14.157649+00:00,2026-09-12T01:40:00+00:00,824954,Cal Raleigh,SEA,ATH,price-decision-v1,0.5672303106569022,-227,Model snapshot; sportsbook quote age unverified,Not selected,Not selected,,0.0,False,3.73,,,,0.5372303106569022,1.4405286343612334,-0.1828884952211145,-0.2261043542519515,1.9172410408872127,-109.02259661568752,False,calraleigh,0.0,-1.0,-0.0,Resolved
2026-09-11,2026-09-11T15:31:14.157649+00:00,2026-09-11T23:10:00+00:00,824711,Caleb Durbin,BOS,KC,price-decision-v1,0.5780071538098034,-198,Model snapshot; sportsbook quote age unverified,Not selected,Not selected,,0.0,False,4.95,,,,0.5480071538098034,1.5050505050505052,-0.1300700412357504,-0.1752215563872655,1.879537507565972,-113.69611772070932,False,calebdurbin,1.0,0.5050505050505052,0.0,Resolved
2026-09-11,2026-09-11T15:31:14.157649+00:00,2026-09-11T23:10:00+00:00,822930,Cam Smith,HOU,TB,price-decision-v1,0.5756301910598715,-122,Model snapshot; sportsbook quote age unverified,Not selected,Not selected,,0.0,False,4.73,,,,0.5456301910598714,1.819672131147541,0.0474582165187824,-0.0071319474156438,1.887725453753308,-112.64744023864525,False,camsmith,1.0,0.819672131147541,0.0,Resolved
2026-09-11,2026-09-11T15:31:14.157649+00:00,2026-09-12T01:40:00+00:00,824954,Carlos Cortes,ATH,SEA,price-decision-v1,0.6546718004001015,-215,Model snapshot; sportsbook quote age unverified,Not selected,Not selected,,0.0,False,2.89,,,,0.6246718004001015,1.4651162790697674,-0.0408296877858977,-0.0847831761579908,1.648865851380335,-154.11506058959583,False,carloscortes,1.0,0.4651162790697674,0.0,Resolved
2026-09-11,2026-09-11T15:31:14.157649+00:00,2026-09-11T23:05:00+00:00,823498,Carson Benge,NYM,NYY,price-decision-v1,0.5897691826241961,-165,Model snapshot; sportsbook quote age unverified,Not selected,Not selected,,0.0,False,2.78,,,,0.5597691826241961,1.606060606060606,-0.0527949491187154,-0.1009767673005336,1.8400441324250172,-119.0413647808272,False,carsonbenge,1.0,0.606060606060606,0.0,Resolved
2026-09-11,2026-09-11T15:31:14.157649+00:00,2026-09-11T18:20:00+00:00,824631,Carson Kelly,CHC,PIT,price-decision-v1,0.5833791156777995,-158,Model snapshot; sportsbook quote age unverified,Not selected,Not selected,,0.0,False,4.17,,,,0.5533791156777995,1.6329113924050631,-0.0473935959185298,-0.0963809376906817,1.8612917813828544,-116.1046722626845,False,carsonkelly,1.0,0.6329113924050631,0.0,Resolved
2026-09-11,2026-09-11T15:31:14.157649+00:00,2026-09-11T23:10:00+00:00,824711,Carter Jensen,KC,BOS,price-decision-v1,0.6102843135256871,-164,Model snapshot; sportsbook quote age unverified,Not selected,Not selected,,0.0,False,1.59,,,,0.5802843135256871,1.6097560975609757,-0.0175911050562108,-0.0658837879830401,1.7749919754713577,-129.03359410809256,False,carterjensen,1.0,0.6097560975609757,0.0,Resolved
2026-09-11,2026-09-11T15:31:14.157649+00:00,2026-09-11T23:10:00+00:00,822930,Cedric Mullins,TB,HOU,price-decision-v1,0.54028033435017,-135,Model snapshot; sportsbook quote age unverified,Not selected,Not selected,,0.0,False,3.86,,,,0.51028033435017,1.7407407407407407,-0.05951201057563,-0.1117342327978523,2.018498324674183,101.84983246741832,False,cedricmullins,0.0,-1.0,-0.0,Resolved
2026-09-11,2026-09-11T15:31:14.157649+00:00,2026-09-11T23:10:00+00:00,822930,Chandler Simpson,TB,HOU,price-decision-v1,0.6153785966155246,-252,Model snapshot; sportsbook quote age unverified,Not selected,Not selected,,0.0,False,3.98,,,,0.5853785966155246,1.3968253968253967,-0.140423547584664,-0.182328309489426,1.7595450294136767,-131.65776369729392,False,chandlersimpson,0.0,-1.0,-0.0,Resolved
2026-09-11,2026-09-11T15:31:14.157649+00:00,2026-09-12T00:10:00+00:00,823659,Chase DeLauter,CLE,MIN,price-decision-v1,0.6466457314134139,-224,Model snapshot; sportsbook quote age unverified,Not selected,Not selected,,0.0,False,2.64,,,,0.6166457314134138,1.4464285714285714,-0.064673138491312,-0.1080659956341693,1.6703269762998874,-149.1809274214,False,chasedelauter,0.0,-1.0,-0.0,Resolved
2026-09-11,2026-09-11T15:31:14.157649+00:00,2026-09-12T00:15:00+00:00,823012,Chase Meidroth,CWS,STL,price-decision-v1,0.6256299138171562,-238,Model snapshot; sportsbook quote age unverified,Not selected,Not selected,,0.0,False,3.19,,,,0.5956299138171561,1.4201680672268908,-0.111500374494963,-0.1541054165117698,1.7292617044686995,-137.12498460734966,False,chasemeidroth,1.0,0.4201680672268908,0.0,Resolved
2026-09-11,2026-09-11T15:31:14.157649+00:00,2026-09-12T02:15:00+00:00,823173,Christian Koss,SF,SD,price-decision-v1,0.5537638976131849,-138,Model snapshot; sportsbook quote age unverified,Not selected,Not selected,,0.0,False,5.0,,,,0.5237638976131849,1.7246376811594204,-0.0449579157105941,-0.0966970461453767,1.96653493051689,-103.46237558793796,False,christiankoss,0.0,-1.0,-0.0,Resolved
2026-09-11,2026-09-11T15:31:14.157649+00:00,2026-09-11T23:10:00+00:00,822930,Christian Walker,HOU,TB,price-decision-v1,0.5869553474412911,-139,Model snapshot; sportsbook quote age unverified,Not selected,Not selected,,0.0,False,3.79,,,,0.556955347441291,1.7194244604316546,0.0092253815717162,-0.0423573522412333,1.849340355078596,-117.73843006758608,False,christianwalker,0.0,-1.0,-0.0,Resolved
2026-09-11,2026-09-11T15:31:14.157649+00:00,2026-09-11T22:45:00+00:00,822684,CJ Abrams,WSH,LAA,price-decision-v1,0.6237933724755401,-175,Model snapshot; sportsbook quote age unverified,Not selected,Not selected,,0.0,False,3.51,,,,0.5937933724755401,1.5714285714285714,-0.0197532718241512,-0.0668961289670084,1.734610131645463,-136.12662784272888,False,cjabrams,1.0,0.5714285714285714,0.0,Resolved
2026-09-11,2026-09-11T15:31:14.157649+00:00,2026-09-11T23:07:00+00:00,822767,Coby Mayo,BAL,TOR,price-decision-v1,0.567739608616631,-136,Model snapshot; sportsbook quote age unverified,Not selected,Not selected,,0.0,False,4.09,,,,0.537739608616631,1.7352941176470589,-0.0148047968123168,-0.0668636203417286,1.915425204867724,-109.23885366959028,False,cobymayo,1.0,0.7352941176470589,0.0,Resolved
2026-09-11,2026-09-11T15:31:14.157649+00:00,2026-09-11T23:05:00+00:00,823498,Cody Bellinger,NYY,NYM,price-decision-v1,0.6217214389789696,-204,Model snapshot; sportsbook quote age unverified,Not selected,Not selected,,0.0,False,3.45,,,,0.5917214389789696,1.4901960784313726,-0.0735131497568296,-0.1182190321097708,1.740683930224484,-135.01035451071866,False,codybellinger,1.0,0.4901960784313726,0.0,Resolved
2026-09-11,2026-09-11T15:31:14.157649+00:00,2026-09-12T01:40:00+00:00,824954,Cole Young,SEA,ATH,price-decision-v1,0.6265882654501916,-212,Model snapshot; sportsbook quote age unverified,Not selected,Not selected,,0.0,False,2.17,,,,0.5965882654501916,1.4716981132075473,-0.0778512319789631,-0.1220021753751896,1.726483840949757,-137.64931078063157,False,coleyoung,1.0,0.4716981132075473,0.0,Resolved
2026-09-11,2026-09-11T15:31:14.157649+00:00,2026-09-12T00:15:00+00:00,823012,Colson Montgomery,CWS,STL,price-decision-v1,0.5967883367519552,-157,Model snapshot; sportsbook quote age unverified,Not selected,Not selected,,0.0,False,4.24,,,,0.5667883367519552,1.6369426751592355,-0.0230917035334237,-0.0721999837882008,1.817256872120079,-122.3605495547391,False,colsonmontgomery,0.0,-1.0,-0.0,Resolved
2026-09-11,2026-09-11T15:31:14.157649+00:00,2026-09-11T22:40:00+00:00,824227,Colt Keith,DET,COL,price-decision-v1,0.6205578566495369,-210,Model snapshot; sportsbook quote age unverified,Not selected,Not selected,,0.0,False,3.2,,,,0.5905578566495369,1.4761904761904765,-0.0839384020887787,-0.1282241163744931,1.7441136180011023,-134.38807942882167,False,coltkeith,0.0,-1.0,-0.0,Resolved
2026-09-11,2026-09-11T15:31:14.157649+00:00,2026-09-11T23:07:00+00:00,822767,Colton Cowser,BAL,TOR,price-decision-v1,0.5488939995704615,-111,Model snapshot; sportsbook quote age unverified,Not selected,Not selected,,0.0,False,4.5,,,,0.5188939995704615,1.900900900900901,0.0433930982825889,-0.013633928744438,1.9849911559058888,-101.52375419861588,False,coltoncowser,1.0,0.900900900900901,0.0,Resolved
2026-09-11,2026-09-11T15:31:14.157649+00:00,2026-09-12T01:40:00+00:00,825036,Corbin Carroll,ARI,TEX,price-decision-v1,0.6496317136721065,-252,Model snapshot; sportsbook quote age unverified,Not selected,Not selected,,0.0,False,2.0,,,,0.6196317136721065,1.3968253968253967,-0.0925779237595973,-0.1344826856643592,1.6622777325194336,-150.99405444235686,False,corbincarroll,1.0,0.39682539682539675,0.0,Resolved
2026-09-11,2026-09-11T15:31:14.157649+00:00,2026-09-12T01:40:00+00:00,825036,Corey Seager,TEX,ARI,price-decision-v1,0.6156285521408073,-252,Model snapshot; sportsbook quote age unverified,Not selected,Not selected,,0.0,False,2.32,,,,0.5856285521408072,1.3968253968253967,-0.1400744033588724,-0.1819791652636344,1.7587940277753895,-131.78806940953018,False,coreyseager,0.0,-1.0,-0.0,Resolved
2026-09-11,2026-09-11T15:31:14.157649+00:00,2026-09-11T23:10:00+00:00,823817,Deyvison De Los Santos,MIA,LAD,price-decision-v1,0.5561886779869637,108,Model snapshot; sportsbook quote age unverified,Not selected,Not selected,,0.0,False,5.0,,,,0.5261886779869637,2.08,0.1568724502128844,0.0944724502128844,1.9574727528164684,-104.44161434969664,True,deyvisondelossantos,,,,Pending
2026-09-11,2026-09-11T15:31:14.157649+00:00,2026-09-11T22:40:00+00:00,824227,Dillon Dingler,DET,COL,price-decision-v1,0.6690754790816297,-217,Model snapshot; sportsbook quote age unverified,Not selected,Not selected,,0.0,False,3.09,,,,0.6390754790816296,1.4608294930875576,-0.0225948070558681,-0.0664196918484949,1.6117032083286007,-163.47797205974604,False,dillondingler,1.0,0.4608294930875576,0.0,Resolved
2026-09-11,2026-09-11T15:31:14.157649+00:00,2026-09-12T01:40:00+00:00,824954,Dominic Canzone,SEA,ATH,price-decision-v1,0.638190273808684,-265,Model snapshot; sportsbook quote age unverified,Not selected,Not selected,,0.0,False,3.18,,,,0.608190273808684,1.3773584905660377,-0.1209832077729448,-0.1623039624899259,1.69354895064304,-144.1859293526184,False,dominiccanzone,1.0,0.37735849056603765,0.0,Resolved
2026-09-11,2026-09-11T15:31:14.157649+00:00,2026-09-11T23:15:00+00:00,824873,Drake Baldwin,ATL,PHI,price-decision-v1,0.6944862796355118,-244,Model snapshot; sportsbook quote age unverified,Not selected,Not selected,,0.0,False,1.74,,,,0.6644862796355118,1.4098360655737705,-0.0208881959237047,-0.0631832778909178,1.5500696275700112,-181.7951673531953,False,drakebaldwin,1.0,0.4098360655737705,0.0,Resolved
2026-09-11,2026-09-11T15:31:14.157649+00:00,2026-09-11T23:07:00+00:00,822767,Dylan Beavers,BAL,TOR,price-decision-v1,0.5948694903592262,-124,Model snapshot; sportsbook quote age unverified,Not selected,Not selected,,0.0,False,2.7,,,,0.5648694903592262,1.8064516129032255,0.0746029503263441,0.0204094019392473,1.823430044601942,-121.44322478340152,False,dylanbeavers,1.0,0.8064516129032255,0.0,Resolved
2026-09-11,2026-09-11T15:31:14.157649+00:00,2026-09-11T23:45:00+00:00,823736,Elly De La Cruz,CIN,MIL,price-decision-v1,0.6818885168904791,-178,Model snapshot; sportsbook quote age unverified,Not selected,Not selected,,0.0,False,1.34,,,,0.6518885168904791,1.5617977528089888,0.0649719533458044,0.0181180207615347,1.5800247639168734,-172.40643196801776,False,ellydelacruz,0.0,-1.0,-0.0,Resolved
2026-09-11,2026-09-11T15:31:14.157649+00:00,2026-09-11T23:07:00+00:00,822767,Ernie Clement,TOR,BAL,price-decision-v1,0.6432076437360602,-205,Model snapshot; sportsbook quote age unverified,Not selected,Not selected,,0.0,False,3.25,,,,0.6132076437360602,1.4878048780487805,-0.0430325300512275,-0.0876666763926909,1.6796920431789948,-147.12545336309802,False,ernieclement,1.0,0.4878048780487805,0.0,Resolved
2026-09-11,2026-09-11T15:31:14.157649+00:00,2026-09-11T23:10:00+00:00,823817,Esteury Ruiz,MIA,LAD,price-decision-v1,0.5600919581304571,112,Model snapshot; sportsbook quote age unverified,Not selected,Not selected,,0.0,False,4.12,,,,0.5300919581304571,2.12,0.1873949512365691,0.123794951236569,1.9430590941855304,-106.03789371901942,True,esteuryruiz,0.0,-1.0,-0.0,Resolved
2026-09-11,2026-09-11T15:31:14.157649+00:00,2026-09-11T23:45:00+00:00,823736,Eugenio Suarez,CIN,MIL,price-decision-v1,0.5576833626218477,-115,Model snapshot; sportsbook quote age unverified,Not selected,Not selected,,0.0,False,4.58,,,,0.5276833626218477,1.869565217391304,0.0426254170756281,-0.0134615394461109,1.9519281314505383,-105.04994725559904,False,eugeniosuarez,0.0,-1.0,-0.0,Resolved
2026-09-11,2026-09-11T15:31:14.157649+00:00,2026-09-12T01:40:00+00:00,825036,Evan Carter,TEX,ARI,price-decision-v1,0.5631098337873292,-140,Model snapshot; sportsbook quote age unverified,Not selected,Not selected,,0.0,False,4.25,,,,0.5331098337873291,1.7142857142857144,-0.0346688563645785,-0.08609742779315,1.932059652103309,-107.28927035339154,False,evancarter,0.0,-1.0,-0.0,Resolved
2026-09-11,2026-09-11T15:31:14.157649+00:00,2026-09-12T01:40:00+00:00,825036,Ezequiel Duran,TEX,ARI,price-decision-v1,0.6110560374591051,-251,Model snapshot; sportsbook quote age unverified,Not selected,Not selected,,0.0,False,4.1,,,,0.5810560374591051,1.398406374501992,-0.1454953420392594,-0.1874475332743191,1.7726345371163823,-129.42729737816128,False,ezequielduran,0.0,-1.0,-0.0,Resolved
2026-09-11,2026-09-11T15:31:14.157649+00:00,2026-09-11T22:40:00+00:00,824227,Ezequiel Tovar,COL,DET,price-decision-v1,0.5674723897478258,-103,Model snapshot; sportsbook quote age unverified,Not selected,Not selected,,0.0,False,4.25,,,,0.5374723897478257,1.970873786407767,0.1184164574641615,0.0592902438719284,1.916377510076864,-109.1253319732958,True,ezequieltovar,0.0,-1.0,-0.0,Resolved
2026-09-11,2026-09-11T15:31:14.157649+00:00,2026-09-11T23:05:00+00:00,823498,Francisco Alvarez,NYM,NYY,price-decision-v1,0.5601926721193906,-110,Model snapshot; sportsbook quote age unverified,Not selected,Not selected,,0.0,False,4.78,,,,0.5301926721193906,1.9090909090909087,0.0694587376824731,0.0121860104097457,1.942689995851284,-106.0794115139583,False,franciscoalvarez,0.0,-1.0,-0.0,Resolved
2026-09-11,2026-09-11T15:31:14.157649+00:00,2026-09-11T23:05:00+00:00,823498,Francisco Lindor,NYM,NYY,price-decision-v1,0.6107978801142003,-198,Model snapshot; sportsbook quote age unverified,Not selected,Not selected,,0.0,False,2.2,,,,0.5807978801142003,1.5050505050505052,-0.0807183420503449,-0.12586985720186,1.7734224508489504,-129.29544505752912,False,franciscolindor,1.0,0.5050505050505052,0.0,Resolved
2026-09-11,2026-09-11T15:31:14.157649+00:00,2026-09-11T23:10:00+00:00,823817,Freddie Freeman,LAD,MIA,price-decision-v1,0.704372287231752,-261,Model snapshot; sportsbook quote age unverified,Not selected,Not selected,,0.0,False,3.01,,,,0.674372287231752,1.3831417624521074,-0.0257532732158524,-0.0672475260894157,1.5273462737148842,-189.62872212133263,False,freddiefreeman,,,,Pending
2026-09-11,2026-09-11T15:31:14.157649+00:00,2026-09-11T23:45:00+00:00,823736,Garrett Mitchell,MIL,CIN,price-decision-v1,0.5800005724155588,-142,Model snapshot; sportsbook quote age unverified,Not selected,Not selected,,0.0,False,4.07,,,,0.5500005724155588,1.704225352112676,-0.0115483202495406,-0.0626750808129209,1.872725323677977,-114.58358923121904,False,garrettmitchell,1.0,0.704225352112676,0.0,Resolved
2026-09-11,2026-09-11T15:31:14.157649+00:00,2026-09-11T23:45:00+00:00,823736,Gary Sanchez,MIL,CIN,price-decision-v1,0.5880676952190202,-142,Model snapshot; sportsbook quote age unverified,Not selected,Not selected,,0.0,False,4.79,,,,0.5580676952190202,1.704225352112676,0.0021998749507246,-0.0489268856126556,1.845654225865492,-118.25164108611196,False,garysanchez,,,,Pending
2026-09-11,2026-09-11T15:31:14.157649+00:00,2026-09-12T01:40:00+00:00,825036,Geraldo Perdomo,ARI,TEX,price-decision-v1,0.6299764947194189,-252,Model snapshot; sportsbook quote age unverified,Not selected,Not selected,,0.0,False,3.0,,,,0.5999764947194188,1.3968253968253967,-0.1200328327728753,-0.1619375946776372,1.7167339205208083,-139.52179063512978,False,geraldoperdomo,0.0,-1.0,-0.0,Resolved
2026-09-11,2026-09-11T15:31:14.157649+00:00,2026-09-11T22:40:00+00:00,824227,Gleyber Torres,DET,COL,price-decision-v1,0.6382044739899854,-258,Model snapshot; sportsbook quote age unverified,Not selected,Not selected,,0.0,False,1.62,,,,0.6082044739899853,1.3875968992248062,-0.1144294508200978,-0.156057357796842,1.6935094101543224,-144.19415012371297,False,gleybertorres,0.0,-1.0,-0.0,Resolved
2026-09-11,2026-09-11T15:31:14.157649+00:00,2026-09-11T23:07:00+00:00,822767,Gunnar Henderson,BAL,TOR,price-decision-v1,0.6088114571529921,-204,Model snapshot; sportsbook quote age unverified,Not selected,Not selected,,0.0,False,2.44,,,,0.5788114571529921,1.4901960784313726,-0.0927515540465215,-0.1374574363994627,1.7795086591172111,-128.28593862350343,False,gunnarhenderson,1.0,0.4901960784313726,0.0,Resolved
2026-09-11,2026-09-11T15:31:14.157649+00:00,2026-09-11T23:10:00+00:00,823817,Heriberto Hernandez,MIA,LAD,price-decision-v1,0.5941610397716101,-148,Model snapshot; sportsbook quote age unverified,Not selected,Not selected,,0.0,False,3.15,,,,0.56416103977161,1.6756756756756757,-0.0043787982205453,-0.0546490684908156,1.825719834210771,-121.1064526451405,False,heribertohernandez,1.0,0.6756756756756757,0.0,Resolved
2026-09-11,2026-09-11T15:31:14.157649+00:00,2026-09-11T22:40:00+00:00,824227,Hunter Goodman,COL,DET,price-decision-v1,0.605854400139898,-217,Model snapshot; sportsbook quote age unverified,Not selected,Not selected,,0.0,False,3.49,,,,0.575854400139898,1.4608294930875576,-0.1149500237587665,-0.1587749085513933,1.7886465741162558,-126.79951106369585,False,huntergoodman,0.0,-1.0,-0.0,Resolved
2026-09-11,2026-09-11T15:31:14.157649+00:00,2026-09-11T18:20:00+00:00,824631,Ian Happ,CHC,PIT,price-decision-v1,0.572012728610667,-169,Model snapshot; sportsbook quote age unverified,Not selected,Not selected,,0.0,False,4.77,,,,0.542012728610667,1.5917159763313609,-0.0895182012055064,-0.1372696804954473,1.900324375481335,-111.07107918358602,False,ianhapp,1.0,0.5917159763313609,0.0,Resolved
2026-09-11,2026-09-11T15:31:14.157649+00:00,2026-09-12T01:40:00+00:00,825036,Ildemaro Vargas,ARI,TEX,price-decision-v1,0.6422370880689731,-212,Model snapshot; sportsbook quote age unverified,Not selected,Not selected,,0.0,False,5.0,,,,0.612237088068973,1.4716981132075473,-0.0548208892569829,-0.0989718326532094,1.6823547937101826,-146.55132626279038,False,ildemarovargas,1.0,0.4716981132075473,0.0,Resolved
2026-09-11,2026-09-11T15:31:14.157649+00:00,2026-09-11T23:10:00+00:00,824711,Isaac Collins,KC,BOS,price-decision-v1,0.580806922331751,-118,Model snapshot; sportsbook quote age unverified,Not selected,Not selected,,0.0,False,4.36,,,,0.550806922331751,1.847457627118644,0.0730161785450993,0.0175924497315398,1.8699837606246188,-114.94467428702738,False,isaaccollins,1.0,0.847457627118644,0.0,Resolved
2026-09-11,2026-09-11T15:31:14.157649+00:00,2026-09-11T23:10:00+00:00,822930,Isaac Paredes,HOU,TB,price-decision-v1,0.5892178685394643,-182,Model snapshot; sportsbook quote age unverified,Not selected,Not selected,,0.0,False,3.16,,,,0.5592178685394643,1.5494505494505495,-0.0870360498454453,-0.1335195663289619,1.84185817003684,-118.78485421793071,False,isaacparedes,1.0,0.5494505494505495,0.0,Resolved
2026-09-11,2026-09-11T15:31:14.157649+00:00,2026-09-12T00:15:00+00:00,823012,Ivan Herrera,STL,CWS,price-decision-v1,0.6689298030738369,-204,Model snapshot; sportsbook quote age unverified,Not selected,Not selected,,0.0,False,2.22,,,,0.6389298030738368,1.4901960784313726,-0.003163430713498,-0.0478693130664391,1.6120706766921151,-163.3798249255162,False,ivanherrera,0.0,-1.0,-0.0,Resolved
2026-09-11,2026-09-11T15:31:14.157649+00:00,2026-09-12T02:15:00+00:00,823173,Jackson Merrill,SD,SF,price-decision-v1,0.5819939940438514,-271,Model snapshot; sportsbook quote age unverified,Not selected,Not selected,,0.0,False,4.04,,,,0.5519939940438514,1.3690036900369005,-0.2032480745746536,-0.2443181852757606,1.865962331318726,-115.47846411253886,False,jacksonmerrill,1.0,0.3690036900369005,0.0,Resolved
2026-09-11,2026-09-11T15:31:14.157649+00:00,2026-09-11T22:45:00+00:00,822684,Jacob Young,WSH,LAA,price-decision-v1,0.5928532456526022,-138,Model snapshot; sportsbook quote age unverified,Not selected,Not selected,,0.0,False,3.0,,,,0.5628532456526022,1.7246376811594204,0.0224570468501401,-0.0292820835846425,1.8299619091753887,-120.48745718867426,False,jacobyoung,0.0,-1.0,-0.0,Resolved
2026-09-11,2026-09-11T15:31:14.157649+00:00,2026-09-12T01:40:00+00:00,825036,Jake Burger,TEX,ARI,price-decision-v1,0.5859384731982119,-182,Model snapshot; sportsbook quote age unverified,Not selected,Not selected,,0.0,False,4.38,,,,0.5559384731982119,1.5494505494505495,-0.0921173107588144,-0.138600827242331,1.852723007412312,-117.27137550030666,False,jakeburger,0.0,-1.0,-0.0,Resolved
2026-09-11,2026-09-11T15:31:14.157649+00:00,2026-09-12T02:15:00+00:00,823173,Jake Cronenworth,SD,SF,price-decision-v1,0.5719232973816458,-200,Model snapshot; sportsbook quote age unverified,Not selected,Not selected,,0.0,False,2.09,,,,0.5419232973816458,1.5,-0.1421150539275313,-0.1871150539275312,1.90063797769268,-111.03240422548836,False,jakecronenworth,1.0,0.5,0.0,Resolved
2026-09-11,2026-09-11T15:31:14.157649+00:00,2026-09-11T18:20:00+00:00,824631,Jake Mangum,PIT,CHC,price-decision-v1,0.5978200109786741,-157,Model snapshot; sportsbook quote age unverified,Not selected,Not selected,,0.0,False,1.0,,,,0.5678200109786741,1.6369426751592355,-0.0214029119648456,-0.0705111922196227,1.8139550915522145,-122.85690087557504,False,jakemangum,1.0,0.6369426751592355,0.0,Resolved
2026-09-11,2026-09-11T15:31:14.157649+00:00,2026-09-11T22:40:00+00:00,824227,Jake McCarthy,COL,DET,price-decision-v1,0.6548431779046305,-237,Model snapshot; sportsbook quote age unverified,On card,Hold,2.0,0.0,False,1.09,,,,0.6248431779046305,1.421940928270042,-0.0688516837389853,-0.1115099115870865,1.648413612282742,-154.2225488572791,False,jakemccarthy,1.0,0.4219409282700419,0.0,Resolved
2026-09-11,2026-09-11T15:31:14.157649+00:00,2026-09-11T23:10:00+00:00,823817,Jakob Marsee,MIA,LAD,price-decision-v1,0.5418898596380455,-116,Model snapshot; sportsbook quote age unverified,Not selected,Not selected,,0.0,False,3.41,,,,0.5118898596380455,1.862068965517241,0.0090362903604983,-0.0468257786050188,2.0121515998154518,101.21515998154511,False,jakobmarsee,0.0,-1.0,-0.0,Resolved
2026-09-11,2026-09-11T15:31:14.157649+00:00,2026-09-11T22:45:00+00:00,822684,James Wood,WSH,LAA,price-decision-v1,0.6869149957916386,-212,Model snapshot; sportsbook quote age unverified,Not selected,Not selected,,0.0,False,1.0,,,,0.6569149957916386,1.4716981132075473,0.0109315032405248,-0.0332194401557016,1.5679349788000534,-176.07649419882958,False,jameswood,1.0,0.4716981132075473,0.0,Resolved
2026-09-11,2026-09-11T15:31:14.157649+00:00,2026-09-11T18:20:00+00:00,824631,Jared Triolo,PIT,CHC,price-decision-v1,0.5720489453633997,101,Model snapshot; sportsbook quote age unverified,Not selected,Not selected,,0.0,False,1.43,,,,0.5420489453633996,2.01,0.1498183801804331,0.0895183801804331,1.9001974061760585,-111.0867453226612,True,jaredtriolo,0.0,-1.0,-0.0,Resolved
2026-09-11,2026-09-11T15:31:14.157649+00:00,2026-09-11T23:10:00+00:00,824711,Jarren Duran,BOS,KC,price-decision-v1,0.6154760420304491,-215,Model snapshot; sportsbook quote age unverified,Not selected,Not selected,,0.0,False,2.6,,,,0.5854760420304491,1.4651162790697674,-0.0982560314437606,-0.1422095198158536,1.759252174397996,-131.7085460825833,False,jarrenduran,1.0,0.4651162790697674,0.0,Resolved
2026-09-11,2026-09-11T15:31:14.157649+00:00,2026-09-11T23:10:00+00:00,823817,Javier Sanoja,MIA,LAD,price-decision-v1,0.5864337533683401,-210,Model snapshot; sportsbook quote age unverified,Not selected,Not selected,,0.0,False,4.67,,,,0.5564337533683401,1.4761904761904765,-0.1343120783610216,-0.178597792646736,1.8510739037036368,-117.4986091863795,False,javiersanoja,1.0,0.4761904761904765,0.0,Resolved
2026-09-11,2026-09-11T15:31:14.157649+00:00,2026-09-11T23:10:00+00:00,822930,Jeremy Pena,HOU,TB,price-decision-v1,0.6324978211671898,-179,Model snapshot; sportsbook quote age unverified,Not selected,Not selected,,0.0,False,1.04,,,,0.6024978211671898,1.558659217877095,-0.0141514407505812,-0.0609112172868941,1.709549750743714,-140.93444454766572,False,jeremypena,1.0,0.558659217877095,0.0,Resolved
2026-09-11,2026-09-11T15:31:14.157649+00:00,2026-09-11T23:07:00+00:00,822767,Jesus Sanchez,TOR,BAL,price-decision-v1,0.6273452056428139,-138,Model snapshot; sportsbook quote age unverified,Not selected,Not selected,,0.0,False,4.08,,,,0.5973452056428139,1.7246376811594204,0.0819431807463022,0.0302040503115197,1.7242960858647869,-138.06508408864747,True,jesussanchez,,,,Pending
2026-09-11,2026-09-11T15:31:14.157649+00:00,2026-09-11T23:45:00+00:00,823736,JJ Bleday,CIN,MIL,price-decision-v1,0.6667403747761048,-137,Model snapshot; sportsbook quote age unverified,Not selected,Not selected,,0.0,False,2.9,,,,0.6367403747761048,1.72992700729927,0.1534121811820208,0.1015143709630426,1.617613772901045,-161.9134876644375,True,jjbleday,0.0,-1.0,-0.0,Resolved
2026-09-11,2026-09-11T15:31:14.157649+00:00,2026-09-12T01:40:00+00:00,825036,Joc Pederson,TEX,ARI,price-decision-v1,0.619750071039002,-194,Model snapshot; sportsbook quote age unverified,Not selected,Not selected,,0.0,False,1.11,,,,0.589750071039002,1.5154639175257731,-0.0607911294563577,-0.1062550469821309,1.746502545027897,-133.9580161729562,False,jocpederson,1.0,0.5154639175257731,0.0,Resolved
2026-09-11,2026-09-11T15:31:14.157649+00:00,2026-09-12T01:40:00+00:00,824954,Jonah Heim,ATH,SEA,price-decision-v1,0.5716464577699109,-184,Model snapshot; sportsbook quote age unverified,Not selected,Not selected,,0.0,False,4.0,,,,0.5416464577699108,1.5434782608695652,-0.1176761195290506,-0.1639804673551376,1.901609408175138,-110.91277341748297,False,jonahheim,1.0,0.5434782608695652,0.0,Resolved
2026-09-11,2026-09-11T15:31:14.157649+00:00,2026-09-11T23:10:00+00:00,822930,Jonathan Aranda,TB,HOU,price-decision-v1,0.639583780269033,-201,Model snapshot; sportsbook quote age unverified,Not selected,Not selected,,0.0,False,2.33,,,,0.6095837802690329,1.4975124378109452,-0.0422153340249805,-0.0871407071593088,1.689677503468713,-144.99530504772576,False,jonathanaranda,1.0,0.49751243781094523,0.0,Resolved
2026-09-11,2026-09-11T15:31:14.157649+00:00,2026-09-11T22:45:00+00:00,822684,Jorbit Vivas,WSH,LAA,price-decision-v1,0.5728241229355222,-128,Model snapshot; sportsbook quote age unverified,Not selected,Not selected,,0.0,False,3.5,,,,0.5428241229355222,1.78125,0.0203429689788989,-0.0330945310211011,1.8974838377297865,-111.42261932309906,False,jorbitvivas,1.0,0.78125,0.0,Resolved
2026-09-11,2026-09-11T15:31:14.157649+00:00,2026-09-11T22:40:00+00:00,824227,Jordan Beck,COL,DET,price-decision-v1,0.5876143554642047,-112,Model snapshot; sportsbook quote age unverified,Not selected,Not selected,,0.0,False,2.0,,,,0.5576143554642047,1.8928571428571428,0.1122700299858159,0.0554843157001017,1.8471547403806383,-118.04218902802648,True,jordanbeck,1.0,0.8928571428571428,0.0,Resolved
2026-09-11,2026-09-11T15:31:14.157649+00:00,2026-09-12T00:15:00+00:00,823012,Jordan Walker,STL,CWS,price-decision-v1,0.6851921054213502,-272,Model snapshot; sportsbook quote age unverified,Not selected,Not selected,,0.0,False,3.42,,,,0.6551921054213502,1.3676470588235294,-0.0628990322913886,-0.1039284440560945,1.572058013943274,-174.8074453335359,False,jordanwalker,1.0,0.36764705882352944,0.0,Resolved
2026-09-11,2026-09-11T15:31:14.157649+00:00,2026-09-11T23:10:00+00:00,822930,Jose Altuve,HOU,TB,price-decision-v1,0.6031409618698076,-193,Model snapshot; sportsbook quote age unverified,Not selected,Not selected,,0.0,False,3.73,,,,0.5731409618698076,1.5181347150259068,-0.0843507677313283,-0.1298948091821056,1.7971146166900052,-125.45247309006456,False,josealtuve,1.0,0.5181347150259068,0.0,Resolved
2026-09-11,2026-09-11T15:31:14.157649+00:00,2026-09-12T00:10:00+00:00,823659,Jose Ramirez,CLE,MIN,price-decision-v1,0.635943678944242,-231,Model snapshot; sportsbook quote age unverified,Not selected,Not selected,,0.0,False,2.42,,,,0.605943678944242,1.432900432900433,-0.0887560271405017,-0.1317430401275148,1.6998279473673314,-142.89226427179418,False,joseramirez,0.0,-1.0,-0.0,Resolved
2026-09-11,2026-09-11T15:31:14.157649+00:00,2026-09-12T00:10:00+00:00,823659,Josh Bell,MIN,CLE,price-decision-v1,0.5979180328388125,-173,Model snapshot; sportsbook quote age unverified,Not selected,Not selected,,0.0,False,3.99,,,,0.5679180328388125,1.5780346820809248,-0.0564646071387525,-0.1038056476011803,1.813642005434148,-122.90417570887509,False,joshbell,0.0,-1.0,-0.0,Resolved
2026-09-11,2026-09-11T15:31:14.157649+00:00,2026-09-11T22:45:00+00:00,822684,Josh Lowe,LAA,WSH,price-decision-v1,0.5259579774299066,-114,Model snapshot; sportsbook quote age unverified,Not selected,Not selected,,0.0,False,5.0,,,,0.4959579774299065,1.8771929824561404,-0.0126753757017542,-0.0689911651754385,2.076788854849238,107.6788854849238,False,joshlowe,0.0,-1.0,-0.0,Resolved
2026-09-11,2026-09-11T15:31:14.157649+00:00,2026-09-12T01:40:00+00:00,824954,J.P. Crawford,SEA,ATH,price-decision-v1,0.6484279684651075,-249,Model snapshot; sportsbook quote age unverified,Not selected,Not selected,,0.0,False,1.26,,,,0.6184279684651075,1.4016064257028114,-0.0911591927938854,-0.1332073855649697,1.665513289375291,-150.259959637874,False,jpcrawford,1.0,0.40160642570281135,0.0,Resolved
2026-09-11,2026-09-11T15:31:14.157649+00:00,2026-09-11T23:05:00+00:00,823498,Juan Soto,NYM,NYY,price-decision-v1,0.6189694577857039,-194,Model snapshot; sportsbook quote age unverified,Not selected,Not selected,,0.0,False,2.51,,,,0.5889694577857039,1.5154639175257731,-0.0619741206752735,-0.1074380382010468,1.7488173391408095,-133.54391621692366,False,juansoto,1.0,0.5154639175257731,0.0,Resolved
2026-09-11,2026-09-11T15:31:14.157649+00:00,2026-09-11T23:10:00+00:00,822930,Junior Caminero,TB,HOU,price-decision-v1,0.6818863726173596,-266,Model snapshot; sportsbook quote age unverified,Not selected,Not selected,,0.0,False,3.0,,,,0.6518863726173596,1.3759398496240602,-0.0617653670001743,-0.1030435624888961,1.5800299611487405,-172.40488715781427,False,juniorcaminero,1.0,0.37593984962406024,0.0,Resolved
2026-09-11,2026-09-11T15:31:14.157649+00:00,2026-09-11T23:07:00+00:00,822767,Kazuma Okamoto,TOR,BAL,price-decision-v1,0.6490730908585204,-164,Model snapshot; sportsbook quote age unverified,Not selected,Not selected,,0.0,False,4.02,,,,0.6190730908585204,1.6097560975609757,0.0448493657722524,-0.0034433171545769,1.6637776947655938,-150.65284776601897,False,kazumaokamoto,1.0,0.6097560975609757,0.0,Resolved
2026-09-11,2026-09-11T15:31:14.157649+00:00,2026-09-11T23:45:00+00:00,823736,Ke'Bryan Hayes,CIN,MIL,price-decision-v1,0.5768099857734502,-118,Model snapshot; sportsbook quote age unverified,Not selected,Not selected,,0.0,False,5.0,,,,0.5468099857734502,1.847457627118644,0.0656320076153571,0.0102082788017978,1.8836525059853997,-113.1666569411079,False,kebryanhayes,0.0,-1.0,-0.0,Resolved
2026-09-11,2026-09-11T15:31:14.157649+00:00,2026-09-11T22:40:00+00:00,824227,Kevin McGonigle,DET,COL,price-decision-v1,0.6858217665767024,-265,Model snapshot; sportsbook quote age unverified,Not selected,Not selected,,0.0,False,1.66,,,,0.6558217665767023,1.3773584905660377,-0.0553775667905798,-0.0966983215075609,1.5705486650381484,-175.26988691370215,False,kevinmcgonigle,0.0,-1.0,-0.0,Resolved
2026-09-11,2026-09-11T15:31:14.157649+00:00,2026-09-12T00:10:00+00:00,823659,Kody Clemens,MIN,CLE,price-decision-v1,0.6037618886617192,-174,Model snapshot; sportsbook quote age unverified,Not selected,Not selected,,0.0,False,3.66,,,,0.5737618886617192,1.5747126436781609,-0.0492485201533847,-0.0964898994637295,1.7951697740023154,-125.75930734473418,False,kodyclemens,1.0,0.5747126436781609,0.0,Resolved
2026-09-11,2026-09-11T15:31:14.157649+00:00,2026-09-11T18:20:00+00:00,824631,Konnor Griffin,PIT,CHC,price-decision-v1,0.6052997875632701,-178,Model snapshot; sportsbook quote age unverified,Not selected,Not selected,,0.0,False,1.94,,,,0.57529978756327,1.5617977528089888,-0.0546441520079264,-0.1014980845921962,1.7903709027299497,-126.52287635412551,False,konnorgriffin,1.0,0.5617977528089888,0.0,Resolved
2026-09-11,2026-09-11T15:31:14.157649+00:00,2026-09-11T23:10:00+00:00,824711,Kyle Isbel,KC,BOS,price-decision-v1,0.5855822848703888,-113,Model snapshot; sportsbook quote age unverified,Not selected,Not selected,,0.0,False,5.0,,,,0.5555822848703887,1.8849557522123892,0.1037966962601133,0.0472480236937415,1.8539108032220424,-117.10825020912282,True,kyleisbel,1.0,0.8849557522123892,0.0,Resolved
2026-09-11,2026-09-11T15:31:14.157649+00:00,2026-09-11T22:40:00+00:00,824227,Kyle Karros,COL,DET,price-decision-v1,0.6024340538596863,-163,Model snapshot; sportsbook quote age unverified,Not selected,Not selected,,0.0,False,3.52,,,,0.5724340538596863,1.6134969325153374,-0.0279745020546166,-0.0763794100300767,1.799333902403492,-125.10416447909084,False,kylekarros,0.0,-1.0,-0.0,Resolved
2026-09-11,2026-09-11T15:31:14.157649+00:00,2026-09-11T23:15:00+00:00,824873,Kyle Schwarber,PHI,ATL,price-decision-v1,0.6126395195452851,-131,Model snapshot; sportsbook quote age unverified,Not selected,Not selected,,0.0,False,1.45,,,,0.582639519545285,1.763358778625954,0.0803032749233652,0.0274025115645866,1.7678169184332928,-130.2393807680703,False,kyleschwarber,0.0,-1.0,-0.0,Resolved
2026-09-11,2026-09-11T15:31:14.157649+00:00,2026-09-11T23:10:00+00:00,823817,Kyle Stowers,MIA,LAD,price-decision-v1,0.6031061273945346,-138,Model snapshot; sportsbook quote age unverified,Not selected,Not selected,,0.0,False,2.92,,,,0.5731061273945346,1.7246376811594204,0.0401395530427481,-0.0115995773920344,1.7972238487182202,-125.435284156113,False,kylestowers,1.0,0.7246376811594204,0.0,Resolved
2026-09-11,2026-09-11T15:31:14.157649+00:00,2026-09-11T23:10:00+00:00,823817,Kyle Tucker,LAD,MIA,price-decision-v1,0.6251150238183275,-190,Model snapshot; sportsbook quote age unverified,Not selected,Not selected,,0.0,False,4.42,,,,0.5951150238183275,1.526315789473684,-0.0458770689088686,-0.0916665425930791,1.7307578514677713,-136.8442361572222,False,kyletucker,1.0,0.5263157894736841,0.0,Resolved
2026-09-11,2026-09-11T15:31:14.157649+00:00,2026-09-12T01:40:00+00:00,824954,Lawrence Butler,ATH,SEA,price-decision-v1,0.5909806987011608,-206,Model snapshot; sportsbook quote age unverified,Not selected,Not selected,,0.0,False,3.71,,,,0.5609806987011607,1.4854368932038835,-0.1221354669778873,-0.166698573774004,1.8360703004305856,-119.6071669433765,False,lawrencebutler,1.0,0.4854368932038835,0.0,Resolved
2026-09-11,2026-09-11T15:31:14.157649+00:00,2026-09-11T23:07:00+00:00,822767,Leody Taveras,BAL,TOR,price-decision-v1,0.5825497526707907,-120,Model snapshot; sportsbook quote age unverified,Not selected,Not selected,,0.0,False,4.83,,,,0.5525497526707907,1.8333333333333333,0.0680078798964496,0.0130078798964496,1.8640855326084536,-115.729283995909,False,leodytaveras,0.0,-1.0,-0.0,Resolved
2026-09-11,2026-09-11T15:31:14.157649+00:00,2026-09-12T02:15:00+00:00,823173,Luis Campusano,SD,SF,price-decision-v1,0.5674583580610758,-179,Model snapshot; sportsbook quote age unverified,Not selected,Not selected,,0.0,False,5.0,,,,0.5374583580610758,1.558659217877095,-0.115525799446703,-0.1622855759830159,1.916427541876561,-109.11937434271218,False,luiscampusano,1.0,0.558659217877095,0.0,Resolved
2026-09-11,2026-09-11T15:31:14.157649+00:00,2026-09-12T00:15:00+00:00,823012,Luisangel Acuna,CWS,STL,price-decision-v1,0.6039383735461588,-148,Model snapshot; sportsbook quote age unverified,Not selected,Not selected,,0.0,False,3.0,,,,0.5739383735461587,1.6756756756756757,0.0120048421584282,-0.038265428111842,1.7946177629420397,-125.84667076879091,False,luisangelacuna,0.0,-1.0,-0.0,Resolved
2026-09-11,2026-09-11T15:31:14.157649+00:00,2026-09-12T00:10:00+00:00,823659,Luke Keaschall,MIN,CLE,price-decision-v1,0.6059418461163816,-205,Model snapshot; sportsbook quote age unverified,Not selected,Not selected,,0.0,False,1.59,,,,0.5759418461163816,1.4878048780487805,-0.0984767655341639,-0.1431109118756274,1.788375001652278,-126.84318984039292,False,lukekeaschall,0.0,-1.0,-0.0,Resolved
2026-09-11,2026-09-11T15:31:14.157649+00:00,2026-09-12T02:15:00+00:00,823173,Manny Machado,SD,SF,price-decision-v1,0.5724707962289843,-274,Model snapshot; sportsbook quote age unverified,Not selected,Not selected,,0.0,False,3.28,,,,0.5424707962289843,1.364963503649635,-0.2185982562421893,-0.2595471613516783,1.8987197230894304,-111.2693951527412,False,mannymachado,0.0,-1.0,-0.0,Resolved
2026-09-11,2026-09-11T15:31:14.157649+00:00,2026-09-11T23:05:00+00:00,823498,Marcus Semien,NYM,NYY,price-decision-v1,0.5646384408310864,-149,Model snapshot; sportsbook quote age unverified,Not selected,Not selected,,0.0,False,4.7,,,,0.5346384408310864,1.6711409395973154,-0.0564095854567751,-0.1065438136446946,1.9265356198459704,-107.92893209720772,False,marcussemien,1.0,0.6711409395973154,0.0,Resolved
2026-09-11,2026-09-11T15:31:14.157649+00:00,2026-09-11T23:05:00+00:00,823498,Mark Vientos,NYM,NYY,price-decision-v1,0.5935159914033493,-140,Model snapshot; sportsbook quote age unverified,Not selected,Not selected,,0.0,False,4.23,,,,0.5635159914033493,1.7142857142857144,0.0174559852628846,-0.0339725861656868,1.827809708531864,-120.80070935306124,False,markvientos,0.0,-1.0,-0.0,Resolved
2026-09-11,2026-09-11T15:31:14.157649+00:00,2026-09-12T00:15:00+00:00,823012,Masyn Winn,STL,CWS,price-decision-v1,0.6078211693602993,-167,Model snapshot; sportsbook quote age unverified,Not selected,Not selected,,0.0,False,3.67,,,,0.5778211693602993,1.598802395209581,-0.0282140585676653,-0.0761781304239528,1.7825584360993627,-127.78598426265364,False,masynwinn,0.0,-1.0,-0.0,Resolved
2026-09-11,2026-09-11T15:31:14.157649+00:00,2026-09-11T23:45:00+00:00,823736,Matt McLain,CIN,MIL,price-decision-v1,0.5846321185895356,-108,Model snapshot; sportsbook quote age unverified,Not selected,Not selected,,0.0,False,2.67,,,,0.5546321185895355,1.925925925925926,0.125958154320587,0.0681803765428092,1.8570868247215016,-116.67429380039016,True,mattmclain,0.0,-1.0,-0.0,Resolved
2026-09-11,2026-09-11T15:31:14.157649+00:00,2026-09-11T23:15:00+00:00,824873,Matt Olson,ATL,PHI,price-decision-v1,0.6668197557333978,-199,Model snapshot; sportsbook quote age unverified,Not selected,Not selected,,0.0,False,3.08,,,,0.6368197557333978,1.5025125628140703,0.0019050601220398,-0.0431703167623822,1.6174121338522132,-161.96636657603574,False,mattolson,1.0,0.5025125628140703,0.0,Resolved
2026-09-11,2026-09-11T15:31:14.157649+00:00,2026-09-11T23:15:00+00:00,824873,Mauricio Dubon,ATL,PHI,price-decision-v1,0.6221496092285886,-230,Model snapshot; sportsbook quote age unverified,Not selected,Not selected,,0.0,False,3.78,,,,0.5921496092285886,1.434782608695652,-0.107350560672025,-0.1503940389328946,1.73942528027978,-135.24016917863898,False,mauriciodubon,1.0,0.4347826086956521,0.0,Resolved
2026-09-11,2026-09-11T15:31:14.157649+00:00,2026-09-12T01:40:00+00:00,824954,Max Muncy (ATH),ATH,SEA,price-decision-v1,0.6524693573907473,-178,Model snapshot; sportsbook quote age unverified,Not selected,Not selected,,0.0,False,4.58,,,,0.6224693573907473,1.5617977528089888,0.019025176149594,-0.0278287564346756,1.6546999266237463,-152.74173088073314,False,maxmuncyath,1.0,0.5617977528089888,0.0,Resolved
2026-09-11,2026-09-11T15:31:14.157649+00:00,2026-09-11T18:20:00+00:00,824631,Michael Busch,CHC,PIT,price-decision-v1,0.5841709210271698,-205,Model snapshot; sportsbook quote age unverified,Not selected,Not selected,,0.0,False,3.35,,,,0.5541709210271698,1.4878048780487805,-0.1308676540815277,-0.1755018004229912,1.858632347743669,-116.46428213749688,False,michaelbusch,1.0,0.4878048780487805,0.0,Resolved
2026-09-11,2026-09-11T15:31:14.157649+00:00,2026-09-11T18:20:00+00:00,824631,Michael Conforto,CHC,PIT,price-decision-v1,0.5972560045944275,-128,Model snapshot; sportsbook quote age unverified,Not selected,Not selected,,0.0,False,3.83,,,,0.5672560045944275,1.78125,0.0638622581838239,0.0104247581838239,1.815758655100393,-122.58527614113184,False,michaelconforto,1.0,0.78125,0.0,Resolved
2026-09-11,2026-09-11T15:31:14.157649+00:00,2026-09-11T23:10:00+00:00,824711,Michael Massey,KC,BOS,price-decision-v1,0.6108146412025571,-193,Model snapshot; sportsbook quote age unverified,Not selected,Not selected,,0.0,False,4.75,,,,0.5808146412025571,1.5181347150259068,-0.0727010887443044,-0.1182451301950816,1.773371273608771,-129.30400108265138,False,michaelmassey,1.0,0.5181347150259068,0.0,Resolved
2026-09-11,2026-09-11T15:31:14.157649+00:00,2026-09-12T00:15:00+00:00,823012,Miguel Vargas,CWS,STL,price-decision-v1,0.6855672185741096,-225,Model snapshot; sportsbook quote age unverified,Not selected,Not selected,,0.0,False,2.61,,,,0.6555672185741096,1.4444444444444444,-0.0097362398373972,-0.0530695731707305,1.571158488126206,-175.0827521237915,False,miguelvargas,1.0,0.4444444444444444,0.0,Resolved
2026-09-11,2026-09-11T15:31:14.157649+00:00,2026-09-11T22:45:00+00:00,822684,Mike Trout,LAA,WSH,price-decision-v1,0.6619355408976532,-169,Model snapshot; sportsbook quote age unverified,Not selected,Not selected,,0.0,False,2.0,,,,0.6319355408976531,1.5917159763313609,0.0536133757483354,0.0058618964583945,1.6299130739456489,-158.75206300072506,False,miketrout,1.0,0.5917159763313609,0.0,Resolved
2026-09-11,2026-09-11T15:31:14.157649+00:00,2026-09-11T23:15:00+00:00,824873,Mike Yastrzemski,ATL,PHI,price-decision-v1,0.556261393244571,-115,Model snapshot; sportsbook quote age unverified,Not selected,Not selected,,0.0,False,5.0,,,,0.526261393244571,1.869565217391304,0.0399669525876762,-0.0161200039340629,1.957202282405172,-104.47112573606594,False,mikeyastrzemski,1.0,0.869565217391304,0.0,Resolved
2026-09-11,2026-09-11T15:31:14.157649+00:00,2026-09-11T23:10:00+00:00,823817,Mookie Betts,LAD,MIA,price-decision-v1,0.6508202029668586,-258,Model snapshot; sportsbook quote age unverified,Not selected,Not selected,,0.0,False,3.82,,,,0.6208202029668586,1.3875968992248062,-0.0969239044103279,-0.1385518113870721,1.659095491863342,-151.72308297434716,False,mookiebetts,0.0,-1.0,-0.0,Resolved
2026-09-11,2026-09-11T15:31:14.157649+00:00,2026-09-12T00:15:00+00:00,823012,Munetaka Murakami,CWS,STL,price-decision-v1,0.654581226967078,-156,Model snapshot; sportsbook quote age unverified,Not selected,Not selected,,0.0,False,2.14,,,,0.624581226967078,1.641025641025641,0.0741845775869998,0.0249538083562304,1.6491049610978652,-154.05828948043282,False,munetakamurakami,0.0,-1.0,-0.0,Resolved
2026-09-11,2026-09-11T15:31:14.157649+00:00,2026-09-12T00:15:00+00:00,823012,Nathan Church,STL,CWS,price-decision-v1,0.6019397028575766,-141,Model snapshot; sportsbook quote age unverified,Not selected,Not selected,,0.0,False,4.38,,,,0.5719397028575766,1.7092198581560285,0.028847293536709,-0.0224293022079719,1.8008891406800778,-124.86122600574238,False,nathanchurch,1.0,0.7092198581560285,0.0,Resolved
2026-09-11,2026-09-11T15:31:14.157649+00:00,2026-09-11T23:07:00+00:00,822767,Nathan Lukes,TOR,BAL,price-decision-v1,0.6492168129859766,-233,Model snapshot; sportsbook quote age unverified,Not selected,Not selected,,0.0,False,1.9,,,,0.6192168129859765,1.4291845493562232,-0.0721493616981536,-0.1150248981788404,1.663391526843646,-150.74054454055286,False,nathanlukes,1.0,0.4291845493562232,0.0,Resolved
2026-09-11,2026-09-11T15:31:14.157649+00:00,2026-09-11T18:20:00+00:00,824631,Nick Gonzales,PIT,CHC,price-decision-v1,0.6218545050524446,-208,Model snapshot; sportsbook quote age unverified,Not selected,Not selected,,0.0,False,3.55,,,,0.5918545050524445,1.4807692307692308,-0.0791769829031109,-0.1236000598261878,1.7402925739472597,-135.08172784551564,False,nickgonzales,1.0,0.48076923076923084,0.0,Resolved
2026-09-11,2026-09-11T15:31:14.157649+00:00,2026-09-11T23:10:00+00:00,824711,Nick Loftin,KC,BOS,price-decision-v1,0.6249861075344253,-141,Model snapshot; sportsbook quote age unverified,Not selected,Not selected,,0.0,False,2.38,,,,0.5949861075344253,1.7092198581560285,0.0682386660694787,0.0169620703247979,1.7311328566447333,-136.77404741309726,False,nickloftin,1.0,0.7092198581560285,0.0,Resolved
2026-09-11,2026-09-11T15:31:14.157649+00:00,2026-09-11T18:20:00+00:00,824631,Nico Hoerner,CHC,PIT,price-decision-v1,0.6305359928553796,-249,Model snapshot; sportsbook quote age unverified,Not selected,Not selected,,0.0,False,2.97,,,,0.6005359928553796,1.4016064257028114,-0.1162367007769979,-0.1582848935480822,1.715134500269734,-139.83383540058836,False,nicohoerner,1.0,0.40160642570281135,0.0,Resolved
2026-09-11,2026-09-11T15:31:14.157649+00:00,2026-09-12T01:40:00+00:00,825036,Nolan Arenado,ARI,TEX,price-decision-v1,0.6266027514323769,-214,Model snapshot; sportsbook quote age unverified,Not selected,Not selected,,0.0,False,4.0,,,,0.5966027514323768,1.4672897196261685,-0.0805922245338021,-0.1246109161225872,1.726441920569566,-137.65725403291032,False,nolanarenado,1.0,0.4672897196261685,0.0,Resolved
2026-09-11,2026-09-11T15:31:14.157649+00:00,2026-09-11T18:20:00+00:00,824631,Oneil Cruz,PIT,CHC,price-decision-v1,0.5962411645825909,-140,Model snapshot; sportsbook quote age unverified,Not selected,Not selected,,0.0,False,4.09,,,,0.5662411645825909,1.7142857142857144,0.0221277107130131,-0.0293008607155583,1.819012930222536,-122.09819443611072,False,oneilcruz,1.0,0.7142857142857144,0.0,Resolved
2026-09-11,2026-09-11T15:31:14.157649+00:00,2026-09-11T23:10:00+00:00,823817,Otto Lopez,MIA,LAD,price-decision-v1,0.6451182702112283,-190,Model snapshot; sportsbook quote age unverified,Not selected,Not selected,,0.0,False,2.41,,,,0.6151182702112282,1.526315789473684,-0.0153457980986516,-0.0611352717828622,1.6744747309266292,-148.2635233237199,False,ottolopez,1.0,0.5263157894736841,0.0,Resolved
2026-09-11,2026-09-11T15:31:14.157649+00:00,2026-09-11T23:15:00+00:00,824873,Ozzie Albies,ATL,PHI,price-decision-v1,0.603185550529432,-186,Model snapshot; sportsbook quote age unverified,Not selected,Not selected,,0.0,False,3.41,,,,0.573185550529432,1.5376344086021505,-0.0725211427343142,-0.1186501749923788,1.7969748174018414,-125.47447901302904,False,ozziealbies,0.0,-1.0,-0.0,Resolved
2026-09-11,2026-09-11T15:31:14.157649+00:00,2026-09-12T00:10:00+00:00,823659,Patrick Bailey,CLE,MIN,price-decision-v1,0.575163931551076,-135,Model snapshot; sportsbook quote age unverified,Not selected,Not selected,,0.0,False,2.33,,,,0.545163931551076,1.7407407407407407,0.0012112882555768,-0.0510109339666454,1.889339958844104,-112.44294041389114,False,patrickbailey,,,,No PA - excluded (book settlement unverified)
2026-09-11,2026-09-11T15:31:14.157649+00:00,2026-09-11T23:07:00+00:00,822767,Pete Alonso,BAL,TOR,price-decision-v1,0.6249269568494396,-200,Model snapshot; sportsbook quote age unverified,Not selected,Not selected,,0.0,False,3.03,,,,0.5949269568494395,1.5,-0.0626095647258406,-0.1076095647258407,1.7313049747393885,-136.74185661821394,False,petealonso,0.0,-1.0,-0.0,Resolved
2026-09-11,2026-09-11T15:31:14.157649+00:00,2026-09-12T02:15:00+00:00,823173,Rafael Devers,SF,SD,price-decision-v1,0.5788739414350162,-192,Model snapshot; sportsbook quote age unverified,Not selected,Not selected,,0.0,False,3.33,,,,0.5488739414350162,1.5208333333333337,-0.1196292140675793,-0.1652542140675794,1.876569321740968,-114.0811086125949,False,rafaeldevers,1.0,0.5208333333333337,0.0,Resolved
2026-09-11,2026-09-11T15:31:14.157649+00:00,2026-09-12T00:15:00+00:00,823012,Ramon Urias,STL,CWS,price-decision-v1,0.5753245267704262,-149,Model snapshot; sportsbook quote age unverified,Not selected,Not selected,,0.0,False,5.0,,,,0.5453245267704262,1.6711409395973154,-0.0385516297594891,-0.0886858579474085,1.8887835581134889,-112.5133325061252,False,ramonurias,,,,No PA - excluded (book settlement unverified)
2026-09-11,2026-09-11T15:31:14.157649+00:00,2026-09-12T00:15:00+00:00,823012,Randal Grichuk,CWS,STL,price-decision-v1,0.6376692743345889,-196,Model snapshot; sportsbook quote age unverified,Not selected,Not selected,,0.0,False,3.03,,,,0.6076692743345888,1.510204081632653,-0.0369892591681719,-0.0822953816171516,1.695000954471283,-143.88469448372814,False,randalgrichuk,1.0,0.510204081632653,0.0,Resolved
2026-09-11,2026-09-11T15:31:14.157649+00:00,2026-09-11T23:10:00+00:00,822930,Richie Palacios,TB,HOU,price-decision-v1,0.5874361512302241,-126,Model snapshot; sportsbook quote age unverified,Not selected,Not selected,,0.0,False,4.35,,,,0.557436151230224,1.7936507936507935,0.0536553188732589,-0.0001542049362648,1.8477452488986572,-117.9599651309333,False,richiepalacios,1.0,0.7936507936507935,0.0,Resolved
2026-09-11,2026-09-11T15:31:14.157649+00:00,2026-09-11T22:40:00+00:00,824227,Riley Greene,DET,COL,price-decision-v1,0.6268377942516153,-213,Model snapshot; sportsbook quote age unverified,Not selected,Not selected,,0.0,False,4.07,,,,0.5968377942516153,1.4694835680751177,-0.0788721614987999,-0.1229566685410534,1.7257620243227625,-137.78621180036802,False,rileygreene,1.0,0.4694835680751177,0.0,Resolved
2026-09-11,2026-09-11T15:31:14.157649+00:00,2026-09-11T23:10:00+00:00,824711,Roman Anthony,BOS,KC,price-decision-v1,0.6624471767060148,-278,Model snapshot; sportsbook quote age unverified,Not selected,Not selected,,0.0,False,1.0,,,,0.6324471767060148,1.359712230215827,-0.0992624719608863,-0.1400538388673612,1.6285945102396793,-159.08506735426403,False,romananthony,1.0,0.3597122302158271,0.0,Resolved
2026-09-11,2026-09-11T15:31:14.157649+00:00,2026-09-11T23:15:00+00:00,824873,Ronald Acuna Jr.,ATL,PHI,price-decision-v1,0.6584124294645779,-254,Model snapshot; sportsbook quote age unverified,Not selected,Not selected,,0.0,False,1.51,,,,0.6284124294645779,1.3937007874015748,-0.0823700786202339,-0.1241811022422813,1.6390509666996629,-156.48204166945163,False,ronaldacunajr,1.0,0.39370078740157477,0.0,Resolved
2026-09-11,2026-09-11T15:31:14.157649+00:00,2026-09-12T00:10:00+00:00,823659,Royce Lewis,MIN,CLE,price-decision-v1,0.5766197868781641,-160,Model snapshot; sportsbook quote age unverified,Not selected,Not selected,,0.0,False,4.56,,,,0.546619786878164,1.625,-0.0629928463229834,-0.1117428463229834,1.884307931629223,-113.08278080890096,False,roycelewis,1.0,0.625,0.0,Resolved
2026-09-11,2026-09-11T15:31:14.157649+00:00,2026-09-12T00:10:00+00:00,823659,Ryan Jeffers,MIN,CLE,price-decision-v1,0.6260069038872984,-178,Model snapshot; sportsbook quote age unverified,On card,Hold,3.0,0.0,False,2.8,,,,0.5960069038872984,1.5617977528089888,-0.0223038242659047,-0.0691577568501744,1.7281679008784894,-137.33096430006898,False,ryanjeffers,1.0,0.5617977528089888,0.0,Resolved
2026-09-11,2026-09-11T15:31:14.157649+00:00,2026-09-11T23:05:00+00:00,823498,Ryan McMahon,NYY,NYM,price-decision-v1,0.5551986981050636,-113,Model snapshot; sportsbook quote age unverified,Not selected,Not selected,,0.0,False,1.0,,,,0.5251986981050636,1.8849557522123892,0.0465249796139695,-0.0100236929524022,1.9611625156655532,-104.04067821013116,False,ryanmcmahon,1.0,0.8849557522123892,0.0,Resolved
2026-09-11,2026-09-11T15:31:14.157649+00:00,2026-09-12T01:40:00+00:00,825036,Ryan Waldschmidt,ARI,TEX,price-decision-v1,0.5953405080023706,-127,Model snapshot; sportsbook quote age unverified,Not selected,Not selected,,0.0,False,4.57,,,,0.5653405080023706,1.7874015748031495,0.0641125615475441,0.0104905143034497,1.8219108403172852,-121.66769811844384,False,ryanwaldschmidt,0.0,-1.0,-0.0,Resolved
2026-09-11,2026-09-11T15:31:14.157649+00:00,2026-09-11T23:45:00+00:00,823736,Sal Stewart,CIN,MIL,price-decision-v1,0.6725961977967084,-204,Model snapshot; sportsbook quote age unverified,Not selected,Not selected,,0.0,False,2.65,,,,0.6425961977967084,1.4901960784313726,0.0023002163245067,-0.0424056660284345,1.6028728516159858,-165.87245508228222,False,salstewart,1.0,0.4901960784313726,0.0,Resolved
2026-09-11,2026-09-11T15:31:14.157649+00:00,2026-09-11T23:10:00+00:00,824711,Salvador Perez,KC,BOS,price-decision-v1,0.6027547847380698,-200,Model snapshot; sportsbook quote age unverified,Not selected,Not selected,,0.0,False,4.0,,,,0.5727547847380697,1.5,-0.0958678228928953,-0.1408678228928954,1.7983263124917168,-125.26206193540384,False,salvadorperez,1.0,0.5,0.0,Resolved
2026-09-11,2026-09-11T15:31:14.157649+00:00,2026-09-11T23:07:00+00:00,822767,Samuel Basallo,BAL,TOR,price-decision-v1,0.6151063068550096,-180,Model snapshot; sportsbook quote age unverified,Not selected,Not selected,,0.0,False,4.76,,,,0.5851063068550095,1.5555555555555556,-0.0431679671144296,-0.0898346337810962,1.7603638653911076,-131.51598142892166,False,samuelbasallo,1.0,0.5555555555555556,0.0,Resolved
2026-09-11,2026-09-11T15:31:14.157649+00:00,2026-09-11T23:15:00+00:00,824873,Sean Murphy,ATL,PHI,price-decision-v1,0.5469153972729747,-118,Model snapshot; sportsbook quote age unverified,Not selected,Not selected,,0.0,False,5.0,,,,0.5169153972729746,1.847457627118644,0.0104030220805801,-0.045020706732979,1.9925891266420797,-100.74662044535904,False,seanmurphy,1.0,0.847457627118644,0.0,Resolved
2026-09-11,2026-09-11T15:31:14.157649+00:00,2026-09-11T18:20:00+00:00,824631,Seiya Suzuki,CHC,PIT,price-decision-v1,0.6172811466691114,-217,Model snapshot; sportsbook quote age unverified,Not selected,Not selected,,0.0,False,2.81,,,,0.5872811466691114,1.4608294930875576,-0.0982574954188557,-0.1420823802114824,1.7538448251605927,-132.65329503150312,False,seiyasuzuki,1.0,0.4608294930875576,0.0,Resolved
2026-09-11,2026-09-11T15:31:14.157649+00:00,2026-09-11T23:05:00+00:00,823498,Spencer Jones,NYY,NYM,price-decision-v1,0.5338842600902526,-128,Model snapshot; sportsbook quote age unverified,Not selected,Not selected,,0.0,False,4.39,,,,0.5038842600902526,1.78125,-0.0490186617142376,-0.1024561617142376,2.0441202108903203,104.41202108903202,False,spencerjones,1.0,0.78125,0.0,Resolved
2026-09-11,2026-09-11T15:31:14.157649+00:00,2026-09-12T00:10:00+00:00,823659,Steven Kwan,CLE,MIN,price-decision-v1,0.6078631381579377,-244,Model snapshot; sportsbook quote age unverified,Not selected,Not selected,,0.0,False,1.0,,,,0.5778631381579377,1.4098360655737705,-0.1430126248920878,-0.1853077068593009,1.782428973205222,-127.80712809029784,False,stevenkwan,1.0,0.4098360655737705,0.0,Resolved
2026-09-11,2026-09-11T15:31:14.157649+00:00,2026-09-11T23:10:00+00:00,822930,Taylor Trammell,HOU,TB,price-decision-v1,0.5470119045975146,122,Model snapshot; sportsbook quote age unverified,Not selected,Not selected,,0.0,False,4.31,,,,0.5170119045975146,2.22,0.2143664282064823,0.1477664282064821,1.992217182700732,-100.78438646648752,True,taylortrammell,1.0,1.2200000000000002,0.0,Resolved
2026-09-11,2026-09-11T15:31:14.157649+00:00,2026-09-11T23:10:00+00:00,823817,Teoscar Hernandez,LAD,MIA,price-decision-v1,0.6270836322152727,-198,Model snapshot; sportsbook quote age unverified,Not selected,Not selected,,0.0,False,4.43,,,,0.5970836322152727,1.5050505050505052,-0.0562074626254984,-0.1013589777770137,1.7250514742441363,-137.9212422183537,False,teoscarhernandez,0.0,-1.0,-0.0,Resolved
2026-09-11,2026-09-11T15:31:14.157649+00:00,2026-09-12T01:40:00+00:00,825036,Tim Tawa,ARI,TEX,price-decision-v1,0.5864093856811102,-154,Model snapshot; sportsbook quote age unverified,Not selected,Not selected,,0.0,False,4.14,,,,0.5564093856811102,1.6493506493506491,-0.0328052989415454,-0.0822858184220649,1.851154970614235,-117.48741821696127,False,timtawa,,,,No PA - excluded (book settlement unverified)
2026-09-11,2026-09-11T15:31:14.157649+00:00,2026-09-11T22:40:00+00:00,824227,T.J. Rumfield,COL,DET,price-decision-v1,0.6212207108000599,-171,Model snapshot; sportsbook quote age unverified,Not selected,Not selected,,0.0,False,3.68,,,,0.5912207108000599,1.5847953216374269,-0.0154923238197881,-0.0630361834689109,1.7421581842188327,-134.7421643072712,False,tjrumfield,,,,Pending
2026-09-11,2026-09-11T15:31:14.157649+00:00,2026-09-12T00:10:00+00:00,823659,Travis Bazzana,CLE,MIN,price-decision-v1,0.5972387840839796,-147,Model snapshot; sportsbook quote age unverified,Not selected,Not selected,,0.0,False,2.24,,,,0.5672387840839795,1.6802721088435373,0.0035236712159383,-0.0468844920493677,1.8158137787833435,-122.57699318235848,False,travisbazzana,1.0,0.6802721088435373,0.0,Resolved
2026-09-11,2026-09-11T15:31:14.157649+00:00,2026-09-11T23:15:00+00:00,824873,Trea Turner,PHI,ATL,price-decision-v1,0.6002313363291969,-187,Model snapshot; sportsbook quote age unverified,Not selected,Not selected,,0.0,False,1.52,,,,0.5702313363291969,1.53475935828877,-0.0787893394305908,-0.124832120179254,1.8062844575159875,-124.02570714072972,False,treaturner,0.0,-1.0,-0.0,Resolved
2026-09-11,2026-09-11T15:31:14.157649+00:00,2026-09-12T00:10:00+00:00,823659,Trevor Larnach,MIN,CLE,price-decision-v1,0.5989763246888521,-140,Model snapshot; sportsbook quote age unverified,Not selected,Not selected,,0.0,False,1.74,,,,0.5689763246888521,1.7142857142857144,0.0268165566094606,-0.0246120148191106,1.8102686444172549,-123.41585804782068,False,trevorlarnach,1.0,0.7142857142857144,0.0,Resolved
2026-09-11,2026-09-11T15:31:14.157649+00:00,2026-09-11T23:10:00+00:00,824711,Trevor Story,BOS,KC,price-decision-v1,0.5881912917558886,-233,Model snapshot; sportsbook quote age unverified,Not selected,Not selected,,0.0,False,4.5,,,,0.5581912917558886,1.4291845493562232,-0.1593660937566056,-0.2022416302372923,1.845245555085524,-118.308814992682,False,trevorstory,1.0,0.4291845493562232,0.0,Resolved
2026-09-11,2026-09-11T15:31:14.157649+00:00,2026-09-11T23:45:00+00:00,823736,Tyler Stephenson,CIN,MIL,price-decision-v1,0.5859886823522754,-145,Model snapshot; sportsbook quote age unverified,Not selected,Not selected,,0.0,False,4.26,,,,0.5559886823522754,1.6896551724137931,-0.0098811918875346,-0.0605708470599484,1.852555695274729,-117.2943897439754,False,tylerstephenson,0.0,-1.0,-0.0,Resolved
2026-09-11,2026-09-11T15:31:14.157649+00:00,2026-09-11T22:45:00+00:00,822684,Vaughn Grissom,LAA,WSH,price-decision-v1,0.6163502287589904,-201,Model snapshot; sportsbook quote age unverified,Not selected,Not selected,,0.0,False,3.75,,,,0.5863502287589903,1.4975124378109452,-0.0770078663857906,-0.1219332395201189,1.7566293138147042,-132.165114639597,False,vaughngrissom,0.0,-1.0,-0.0,Resolved
2026-09-11,2026-09-11T15:31:14.157649+00:00,2026-09-11T23:10:00+00:00,824711,Vinnie Pasquantino,KC,BOS,price-decision-v1,0.6097889503889962,-177,Model snapshot; sportsbook quote age unverified,Not selected,Not selected,,0.0,False,4.02,,,,0.5797889503889961,1.5649717514124295,-0.0456975183177855,-0.0926466708601585,1.7765085024627412,-128.78159052070168,False,vinniepasquantino,1.0,0.5649717514124295,0.0,Resolved
2026-09-11,2026-09-11T15:31:14.157649+00:00,2026-09-11T23:07:00+00:00,822767,Vladimir Guerrero Jr.,TOR,BAL,price-decision-v1,0.7007342273044931,-266,Model snapshot; sportsbook quote age unverified,Not selected,Not selected,,0.0,False,2.57,,,,0.6707342273044931,1.3759398496240602,-0.0358318526562236,-0.0771100481449456,1.5356305941614206,-186.69583307980997,False,vladimirguerrerojr,1.0,0.37593984962406024,0.0,Resolved
2026-09-11,2026-09-11T15:31:14.157649+00:00,2026-09-11T23:10:00+00:00,823817,Will Smith (LAD),LAD,MIA,price-decision-v1,0.6768035000489828,-242,Model snapshot; sportsbook quote age unverified,Not selected,Not selected,,0.0,False,4.27,,,,0.6468035000489828,1.4132231404958675,-0.0435256321621813,-0.0859223263770574,1.5924465466281452,-168.79159912255503,False,willsmithlad,1.0,0.4132231404958675,0.0,Resolved
2026-09-11,2026-09-11T15:31:14.157649+00:00,2026-09-11T23:45:00+00:00,823736,William Contreras,MIL,CIN,price-decision-v1,0.6489289988411359,-220,Model snapshot; sportsbook quote age unverified,Not selected,Not selected,,0.0,False,3.69,,,,0.6189289988411358,1.4545454545454546,-0.0561032744128933,-0.0997396380492569,1.6641650365850384,-150.5649868505178,False,williamcontreras,1.0,0.4545454545454546,0.0,Resolved
2026-09-11,2026-09-11T15:31:14.157649+00:00,2026-09-11T23:10:00+00:00,824711,Wilyer Abreu,BOS,KC,price-decision-v1,0.6820007778955784,-249,Model snapshot; sportsbook quote age unverified,Not selected,Not selected,,0.0,False,3.17,,,,0.6520007778955784,1.4016064257028114,-0.0441033273672414,-0.0861515201383257,1.5797527164376486,-172.48733324521615,False,wilyerabreu,1.0,0.40160642570281135,0.0,Resolved
2026-09-11,2026-09-11T15:31:14.157649+00:00,2026-09-12T01:40:00+00:00,825036,Wyatt Langford,TEX,ARI,price-decision-v1,0.6071948722923877,-201,Model snapshot; sportsbook quote age unverified,Not selected,Not selected,,0.0,False,2.42,,,,0.5771948722923876,1.4975124378109452,-0.0907181265671209,-0.1356434997014494,1.7844926374852417,-127.47092225181176,False,wyattlangford,1.0,0.49751243781094523,0.0,Resolved
2026-09-11,2026-09-11T15:31:14.157649+00:00,2026-09-12T02:15:00+00:00,823173,Xander Bogaerts,SD,SF,price-decision-v1,0.5894065309374155,-200,Model snapshot; sportsbook quote age unverified,Not selected,Not selected,,0.0,False,3.94,,,,0.5594065309374154,1.5,-0.1158902035938768,-0.1608902035938768,1.8412369949882352,-118.87256575229256,False,xanderbogaerts,1.0,0.5,0.0,Resolved
2026-09-11,2026-09-11T15:31:14.157649+00:00,2026-09-11T23:10:00+00:00,822930,Yainer Diaz,HOU,TB,price-decision-v1,0.5664620337498754,-161,Model snapshot; sportsbook quote age unverified,Not selected,Not selected,,0.0,False,5.0,,,,0.5364620337498753,1.62111801242236,-0.0816981937346742,-0.130331734107345,1.919986756192771,-108.69721691846432,False,yainerdiaz,1.0,0.6211180124223601,0.0,Resolved
2026-09-11,2026-09-11T15:31:14.157649+00:00,2026-09-11T23:10:00+00:00,822930,Yordan Alvarez,HOU,TB,price-decision-v1,0.7179432940789123,-224,Model snapshot; sportsbook quote age unverified,Not selected,Not selected,,0.0,False,2.09,,,,0.6879432940789123,1.4464285714285714,0.0384536932212837,-0.0049391639215733,1.497216425925145,-201.11966295951532,False,yordanalvarez,,,,Pending
2026-09-11,2026-09-11T15:31:14.157649+00:00,2026-09-11T22:45:00+00:00,822684,Zach Neto,LAA,WSH,price-decision-v1,0.6068738159949363,-193,Model snapshot; sportsbook quote age unverified,Not selected,Not selected,,0.0,False,1.34,,,,0.5768738159949363,1.5181347150259068,-0.0786837922978428,-0.12422783374862,1.7854857881243154,-127.3097508725052,False,zachneto,0.0,-1.0,-0.0,Resolved
2026-09-11,2026-09-11T15:31:14.157649+00:00,2026-09-12T01:40:00+00:00,824954,Zack Gelof,ATH,SEA,price-decision-v1,0.6126775715477119,-250,Model snapshot; sportsbook quote age unverified,Not selected,Not selected,,0.0,False,2.73,,,,0.5826775715477118,1.4,-0.1422513998332034,-0.1842513998332035,1.767701470410312,-130.25896634866828,False,zackgelof,1.0,0.3999999999999999,0.0,Resolved
2026-09-11,2026-09-11T16:30:50.491300+00:00,2026-09-11T18:20:00+00:00,824631,Esmerlyn Valdez,PIT,CHC,price-decision-v1,0.5560185333258979,-118,Model snapshot; sportsbook quote age unverified,Not selected,Not selected,,0.0,True,5.0,,,,0.5260185333258979,1.847457627118644,0.0272206802122521,-0.0282030486013072,1.95810591213876,-104.37259465059772,False,esmerlynvaldez,0.0,-1.0,-0.0,Resolved
2026-09-11,2026-09-11T16:30:50.491300+00:00,2026-09-11T18:20:00+00:00,824631,Pete Crow-Armstrong,CHC,PIT,price-decision-v1,0.6094187556253082,-264,Model snapshot; sportsbook quote age unverified,Not selected,Not selected,,0.0,True,1.0,,,,0.5794187556253082,1.378787878787879,-0.1597408066378325,-0.2011044430014689,1.777643526379164,-128.59362498086548,False,petecrowarmstrong,1.0,0.3787878787878789,0.0,Resolved
2026-09-11,2026-09-11T16:30:50.491300+00:00,2026-09-11T18:20:00+00:00,824631,Rafael Flores,PIT,CHC,price-decision-v1,0.5713773579437113,-141,Model snapshot; sportsbook quote age unverified,Not selected,Not selected,,0.0,True,4.0,,,,0.5413773579437112,1.7092198581560285,-0.0233904733018834,-0.0746670690465644,1.902554631970945,-110.79661713288864,False,rafaelflores,1.0,0.7092198581560285,0.0,Resolved
2026-09-11,2026-09-11T17:30:46.308156+00:00,2026-09-12T01:40:00+00:00,825036,Gabriel Moreno,ARI,TEX,price-decision-v1,0.6330379342513568,-270,Model snapshot; sportsbook quote age unverified,Not selected,Not selected,,0.0,False,3.39,,,,0.6030379342513568,1.3703703703703702,-0.132503571581474,-0.1736146826925853,1.708018586390749,-141.23923004587743,False,gabrielmoreno,1.0,0.37037037037037024,0.0,Resolved
2026-09-11,2026-09-11T18:30:49.541603+00:00,2026-09-11T23:07:00+00:00,822767,George Springer,TOR,BAL,price-decision-v1,0.6243017104432254,-248,Model snapshot; sportsbook quote age unverified,Not selected,Not selected,,0.0,False,2.56,,,,0.5943017104432253,1.403225806451613,-0.1239637288941837,-0.1660605030877321,1.733126427032886,-136.40212153409968,False,georgespringer,1.0,0.403225806451613,0.0,Resolved
2026-09-11,2026-09-11T19:00:58.994946+00:00,2026-09-11T22:40:00+00:00,824227,Cole Carrigg,COL,DET,price-decision-v1,0.6075494457780757,-175,Model snapshot; sportsbook quote age unverified,Not selected,Not selected,,0.0,True,3.0,,,,0.5775494457780757,1.5714285714285714,-0.0452794423487382,-0.0924222994915954,1.7833970883867478,-127.6491851736778,False,colecarrigg,1.0,0.5714285714285714,0.0,Resolved
2026-09-11,2026-09-11T19:00:58.994946+00:00,2026-09-11T22:45:00+00:00,822684,Dylan Crews,WSH,LAA,price-decision-v1,0.5919054892980341,-220,Model snapshot; sportsbook quote age unverified,Not selected,Not selected,,0.0,True,5.0,,,,0.5619054892980341,1.4545454545454546,-0.1390465610210413,-0.182682924657405,1.8330484745517213,-120.04103369112082,False,dylancrews,1.0,0.4545454545454546,0.0,Resolved
2026-09-11,2026-09-11T19:00:58.994946+00:00,2026-09-12T00:15:00+00:00,823012,Joshua Baez,STL,CWS,price-decision-v1,0.6001201353731175,-191,Model snapshot; sportsbook quote age unverified,Not selected,Not selected,,0.0,True,5.0,,,,0.5701201353731175,1.5235602094240837,-0.0856808408713236,-0.1313876471540462,1.8066367702061816,-123.97153674811938,False,joshuabaez,1.0,0.5235602094240837,0.0,Resolved
2026-09-11,2026-09-11T19:30:56.509180+00:00,2026-09-11T23:07:00+00:00,822767,Brett Bateman,TOR,BAL,price-decision-v1,0.6554206119538917,-269,Model snapshot; sportsbook quote age unverified,Not selected,Not selected,,0.0,True,1.0,,,,0.6254206119538916,1.3717472118959106,-0.1009286029331375,-0.1420810192900149,1.646891676278708,-154.58538680735137,False,brettbateman,1.0,0.37174721189591065,0.0,Resolved
2026-09-11,2026-09-11T19:30:56.509180+00:00,2026-09-11T23:10:00+00:00,822930,Victor Mesa Jr.,TB,HOU,price-decision-v1,0.5933045288666461,-171,Model snapshot; sportsbook quote age unverified,Not selected,Not selected,,0.0,True,5.0,,,,0.5633045288666461,1.5847953216374269,-0.0597337583458416,-0.1072776179949644,1.828495861860605,-120.70066321806814,False,victormesajr,1.0,0.5847953216374269,0.0,Resolved
2026-09-11,2026-09-11T19:30:56.509180+00:00,2026-09-11T22:45:00+00:00,822684,Wade Meckler,LAA,WSH,price-decision-v1,0.6028186999629936,-186,Model snapshot; sportsbook quote age unverified,Not selected,Not selected,,0.0,True,3.0,,,,0.5728186999629936,1.5376344086021505,-0.0730852247880851,-0.1192142570461496,1.7981256548826745,-125.29355420193848,False,wademeckler,0.0,-1.0,-0.0,Resolved
2026-09-11,2026-09-11T20:00:45.790431+00:00,2026-09-11T23:45:00+00:00,823736,Hector Rodriguez,CIN,MIL,price-decision-v1,0.6288574354826262,-173,Model snapshot; sportsbook quote age unverified,Not selected,Not selected,,0.0,True,1.0,,,,0.5988574354826262,1.5780346820809248,-0.0076411567239482,-0.054982197186376,1.7199419076593931,-138.90009587733337,False,hectorrodriguez,0.0,-1.0,-0.0,Resolved
2026-09-11,2026-09-11T20:30:51.327608+00:00,2026-09-12T00:15:00+00:00,823012,Edgar Quero,CWS,STL,price-decision-v1,0.5783829361403141,-199,Model snapshot; sportsbook quote age unverified,Not selected,Not selected,,0.0,True,5.0,,,,0.5483829361403141,1.5025125628140703,-0.1309723723318898,-0.176047749216312,1.8782495444687852,-113.86285439007612,False,edgarquero,0.0,-1.0,-0.0,Resolved
2026-09-11,2026-09-11T20:30:51.327608+00:00,2026-09-12T00:10:00+00:00,823659,Kaelen Culpepper,MIN,CLE,price-decision-v1,0.6168200641844511,-185,Model snapshot; sportsbook quote age unverified,Not selected,Not selected,,0.0,True,2.0,,,,0.5868200641844511,1.5405405405405406,-0.0497636849050346,-0.0959799011212509,1.755222874717943,-132.41124355157743,False,kaelenculpepper,1.0,0.5405405405405406,0.0,Resolved
2026-09-11,2026-09-11T20:30:51.327608+00:00,2026-09-12T01:40:00+00:00,825036,Ketel Marte,ARI,TEX,price-decision-v1,0.6611324747346802,-272,Model snapshot; sportsbook quote age unverified,Not selected,Not selected,,0.0,True,2.0,,,,0.6311324747346801,1.3676470588235294,-0.0958041154363932,-0.1368335272010992,1.631987009435695,-158.23110049254117,False,ketelmarte,1.0,0.36764705882352944,0.0,Resolved
2026-09-11,2026-09-11T21:00:49.620877+00:00,2026-09-11T23:45:00+00:00,823736,Jake Bauers,MIL,CIN,price-decision-v1,0.6035911320595241,-171,Model snapshot; sportsbook quote age unverified,Not selected,Not selected,,0.0,True,5.0,,,,0.5735911320595241,1.5847953216374269,-0.0434315977302279,-0.0909754573793507,1.7957041914189016,-125.67484384074912,False,jakebauers,1.0,0.5847953216374269,0.0,Resolved
2026-09-11,2026-09-11T21:30:51.496748+00:00,2026-09-11T23:10:00+00:00,824711,Adley Rutschman,BOS,KC,price-decision-v1,0.6355525412747334,-236,Model snapshot; sportsbook quote age unverified,Not selected,Not selected,,0.0,True,3.0,,,,0.6055525412747333,1.423728813559322,-0.0951455344563118,-0.1378573988630915,1.7009258979109774,-142.66843370752542,False,adleyrutschman,0.0,-1.0,-0.0,Resolved
2026-09-11,2026-09-11T21:30:51.496748+00:00,2026-09-12T01:40:00+00:00,824954,Alika Williams,ATH,SEA,price-decision-v1,0.5802002917603722,-166,Model snapshot; sportsbook quote age unverified,Not selected,Not selected,,0.0,False,5.0,,,,0.5502002917603722,1.6024096385542168,-0.0702814601912107,-0.1183537493478372,1.872045535825696,-114.67291086504456,False,alikawilliams,,,,No PA - excluded (book settlement unverified)
2026-09-11,2026-09-11T21:30:51.496748+00:00,2026-09-12T02:15:00+00:00,823173,Andrew Knizner,SF,SD,price-decision-v1,0.5772526824472727,-120,Model snapshot; sportsbook quote age unverified,Not selected,Not selected,,0.0,False,4.0,,,,0.5472526824472727,1.8333333333333333,0.0582965844866667,0.0032965844866665,1.8821287369372368,-113.36213844160818,False,andrewknizner,1.0,0.8333333333333333,0.0,Resolved
2026-09-11,2026-09-11T21:30:51.496748+00:00,2026-09-12T00:10:00+00:00,823659,Angel Genao,CLE,MIN,price-decision-v1,0.5853872637884971,-169,Model snapshot; sportsbook quote age unverified,Not selected,Not selected,,0.0,False,5.0,,,,0.5553872637884971,1.5917159763313609,-0.0682297398869483,-0.1159812191768892,1.8545617934664147,-117.01903919009004,False,angelgenao,0.0,-1.0,-0.0,Resolved
2026-09-11,2026-09-11T21:30:51.496748+00:00,2026-09-11T22:40:00+00:00,824227,Ben Malgeri,DET,COL,price-decision-v1,0.5773348288383181,-128,Model snapshot; sportsbook quote age unverified,Not selected,Not selected,,0.0,False,4.0,,,,0.5473348288383181,1.78125,0.028377663868254,-0.0250598361317458,1.881846258872484,-113.39845125368974,False,benmalgeri,,,,No PA - excluded (book settlement unverified)
2026-09-11,2026-09-11T21:30:51.496748+00:00,2026-09-11T22:40:00+00:00,824227,Brett Callahan,DET,COL,price-decision-v1,0.5766225030841765,-136,Model snapshot; sportsbook quote age unverified,Not selected,Not selected,,0.0,False,4.2,,,,0.5466225030841765,1.7352941176470589,0.0006096377048945,-0.0514491858245172,1.8842985683693787,-113.08397816859204,False,brettcallahan,,,,Pending
2026-09-11,2026-09-11T21:30:51.496748+00:00,2026-09-11T23:10:00+00:00,823817,Brian Navarreto,MIA,LAD,price-decision-v1,0.5606921437120432,139,Model snapshot; sportsbook quote age unverified,Not selected,Not selected,,0.0,False,5.0,,,,0.5306921437120432,2.39,0.3400542234717831,0.268354223471783,1.940861594059859,-106.2855585044083,True,briannavarreto,,,,No PA - excluded (book settlement unverified)
2026-09-11,2026-09-11T21:30:51.496748+00:00,2026-09-11T22:40:00+00:00,824227,Connor Norby,COL,DET,price-decision-v1,0.5872597411911934,-158,Model snapshot; sportsbook quote age unverified,Not selected,Not selected,,0.0,True,2.0,,,,0.5572597411911934,1.6329113924050631,-0.0410568783080512,-0.0900442200802031,1.8483301840507649,-117.8786301372673,False,connornorby,1.0,0.6329113924050631,0.0,Resolved
2026-09-11,2026-09-11T21:30:51.496748+00:00,2026-09-11T23:45:00+00:00,823736,Dane Myers,CIN,MIL,price-decision-v1,0.6276284825761431,-161,Model snapshot; sportsbook quote age unverified,Not selected,Not selected,,0.0,False,2.47,,,,0.5976284825761431,1.62111801242236,0.0174598382134989,-0.0311737021591718,1.7234787665408318,-138.2210572372841,False,danemyers,,,,Pending
2026-09-11,2026-09-11T21:30:51.496748+00:00,2026-09-11T23:10:00+00:00,822930,Daulton Varsho,HOU,TB,price-decision-v1,0.5844647515398311,-156,Model snapshot; sportsbook quote age unverified,Not selected,Not selected,,0.0,True,4.0,,,,0.5544647515398311,1.641025641025641,-0.0408783564474566,-0.0901091256782259,1.8576473926242143,-116.5980341804827,False,daultonvarsho,1.0,0.641025641025641,0.0,Resolved
2026-09-11,2026-09-11T21:30:51.496748+00:00,2026-09-12T01:40:00+00:00,824954,Donovan Walton,ATH,SEA,price-decision-v1,0.5969673358964606,-180,Model snapshot; sportsbook quote age unverified,Not selected,Not selected,,0.0,False,3.4,,,,0.5669673358964605,1.5555555555555556,-0.0713841441610613,-0.118050810827728,1.81668313990508,-122.44650968504462,False,donovanwalton,1.0,0.5555555555555556,0.0,Resolved
2026-09-11,2026-09-11T21:30:51.496748+00:00,2026-09-12T02:15:00+00:00,823173,Dustin Harris,SD,SF,price-decision-v1,0.5620660924747299,-154,Model snapshot; sportsbook quote age unverified,Not selected,Not selected,,0.0,False,5.0,,,,0.5320660924747299,1.6493506493506491,-0.072955925398822,-0.1224364448793415,1.935849727257181,-106.8547621348176,False,dustinharris,1.0,0.6493506493506491,0.0,Resolved
2026-09-11,2026-09-11T21:30:51.496748+00:00,2026-09-12T01:40:00+00:00,825036,Elias Diaz,TEX,ARI,price-decision-v1,0.5981750516828948,-119,Model snapshot; sportsbook quote age unverified,Not selected,Not selected,,0.0,False,5.0,,,,0.5681750516828947,1.8403361344537816,0.1008431623407895,0.0456330783071761,1.812821588961381,-123.02822828288734,True,eliasdiaz,,,,Pending
2026-09-11,2026-09-11T21:30:51.496748+00:00,2026-09-12T02:15:00+00:00,823173,Ethan Salas,SD,SF,price-decision-v1,0.5586038821264333,-152,Model snapshot; sportsbook quote age unverified,Not selected,Not selected,,0.0,False,5.0,,,,0.5286038821264333,1.6578947368421053,-0.0738935638430184,-0.1236304059482816,1.948529011661025,-105.42640105955654,False,ethansalas,,,,Pending
2026-09-11,2026-09-11T21:30:51.496748+00:00,2026-09-12T02:15:00+00:00,823173,Fernando Tatis,SD,SF,price-decision-v1,0.6385488321309496,-366,Model snapshot; sportsbook quote age unverified,Not selected,Not selected,,0.0,False,1.07,,,,0.6085488321309496,1.273224043715847,-0.1869842738442007,-0.2251809951556761,1.6925511078433246,-144.39367559660727,False,fernandotatis,1.0,0.2732240437158471,0.0,Resolved
2026-09-11,2026-09-11T21:30:51.496748+00:00,2026-09-12T00:10:00+00:00,823659,Gabriel Gonzalez,MIN,CLE,price-decision-v1,0.5665193070574678,112,Model snapshot; sportsbook quote age unverified,Not selected,Not selected,,0.0,False,5.0,,,,0.5365193070574678,2.12,0.2010209309618318,0.1374209309618317,1.919781798066168,-108.72143829139584,True,gabrielgonzalez,,,,Pending
2026-09-11,2026-09-11T21:30:51.496748+00:00,2026-09-12T02:15:00+00:00,823173,Grant McCray,SF,SD,price-decision-v1,0.5658935011513444,-115,Model snapshot; sportsbook quote age unverified,Not selected,Not selected,,0.0,False,5.0,,,,0.5358935011513444,1.869565217391304,0.0579748065003393,0.0018878499786003,1.9220236815469656,-108.45708413065984,False,grantmccray,,,,Pending
2026-09-11,2026-09-11T21:30:51.496748+00:00,2026-09-12T01:40:00+00:00,824954,Henry Bolte,ATH,SEA,price-decision-v1,0.6152555141466111,-329,Model snapshot; sportsbook quote age unverified,Not selected,Not selected,,0.0,False,1.33,,,,0.585255514146611,1.303951367781155,-0.1977367307936287,-0.2368552718270634,1.759915071457109,-131.5936527068133,False,henrybolte,1.0,0.30395136778115495,0.0,Resolved
2026-09-11,2026-09-11T21:30:51.496748+00:00,2026-09-11T23:10:00+00:00,824711,Jac Caglianone,KC,BOS,price-decision-v1,0.6242829672460635,-172,Model snapshot; sportsbook quote age unverified,Not selected,Not selected,,0.0,False,3.3,,,,0.5942829672460634,1.5813953488372094,-0.0127618192387832,-0.0602036797038996,1.7331810884183183,-136.3919522470617,False,jaccaglianone,,,,Pending
2026-09-11,2026-09-11T21:30:51.496748+00:00,2026-09-11T23:45:00+00:00,823736,Jackson Chourio,MIL,CIN,price-decision-v1,0.6637613916293353,-367,Model snapshot; sportsbook quote age unverified,Not selected,Not selected,,0.0,True,1.0,,,,0.6337613916293353,1.2724795640326976,-0.1553771937577667,-0.1935515806787476,1.625217335110894,-159.94438155215758,False,jacksonchourio,1.0,0.2724795640326976,0.0,Resolved
2026-09-11,2026-09-11T21:30:51.496748+00:00,2026-09-11T23:07:00+00:00,822767,Jackson Holliday,BAL,TOR,price-decision-v1,0.6103255464452665,-178,Model snapshot; sportsbook quote age unverified,Not selected,Not selected,,0.0,True,3.0,,,,0.5803255464452665,1.5617977528089888,-0.0467949330798647,-0.0936488656641343,1.774865859876711,-129.05459535397648,False,jacksonholliday,0.0,-1.0,-0.0,Resolved
2026-09-11,2026-09-11T21:30:51.496748+00:00,2026-09-12T01:40:00+00:00,824954,Jeff McNeil,ATH,SEA,price-decision-v1,0.6315278421169792,-313,Model snapshot; sportsbook quote age unverified,Not selected,Not selected,,0.0,False,2.95,,,,0.6015278421169792,1.3194888178913735,-0.1667060741395769,-0.2062907386763182,1.7123064434974165,-140.38901502701722,False,jeffmcneil,1.0,0.3194888178913735,0.0,Resolved
2026-09-11,2026-09-11T21:30:51.496748+00:00,2026-09-12T00:10:00+00:00,823659,Jo Adell,CLE,MIN,price-decision-v1,0.609470852718008,-187,Model snapshot; sportsbook quote age unverified,Not selected,Not selected,,0.0,True,4.0,,,,0.579470852718008,1.53475935828877,-0.0646089051868005,-0.1106516859354637,1.7774837080567298,-128.62005848321056,False,joadell,0.0,-1.0,-0.0,Resolved
2026-09-11,2026-09-11T21:30:51.496748+00:00,2026-09-12T00:15:00+00:00,823012,José Fermín,STL,CWS,price-decision-v1,0.6310566492269359,-214,Model snapshot; sportsbook quote age unverified,Not selected,Not selected,,0.0,True,1.0,,,,0.6010566492269359,1.4672897196261685,-0.0740570660875798,-0.118075757676365,1.7136487905503754,-140.1249484678292,False,josefermin,1.0,0.4672897196261685,0.0,Resolved
2026-09-11,2026-09-11T21:30:51.496748+00:00,2026-09-12T01:40:00+00:00,824954,Josh Naylor,SEA,ATH,price-decision-v1,0.6329581953397974,-288,Model snapshot; sportsbook quote age unverified,Not selected,Not selected,,0.0,False,4.22,,,,0.6029581953397973,1.3472222222222223,-0.1472646535005507,-0.1876813201672174,1.7082444653058295,-141.19418491582374,False,joshnaylor,1.0,0.3472222222222223,0.0,Resolved
2026-09-11,2026-09-11T21:30:51.496748+00:00,2026-09-11T23:10:00+00:00,823817,Josue De Paula,LAD,MIA,price-decision-v1,0.6233131159647496,-190,Model snapshot; sportsbook quote age unverified,Not selected,Not selected,,0.0,False,5.0,,,,0.5933131159647496,1.526315789473684,-0.0486273493169612,-0.0944168230011718,1.7360142095041688,-135.8669421170103,False,josuedepaula,0.0,-1.0,-0.0,Resolved
2026-09-11,2026-09-11T21:30:51.496748+00:00,2026-09-12T01:40:00+00:00,824954,Julio Rodriguez,SEA,ATH,price-decision-v1,0.6409586686775669,-310,Model snapshot; sportsbook quote age unverified,Not selected,Not selected,,0.0,False,2.88,,,,0.6109586686775669,1.3225806451612905,-0.1522804704587018,-0.1919578898135406,1.685875089111113,-145.7991427121212,False,juliorodriguez,1.0,0.3225806451612905,0.0,Resolved
2026-09-11,2026-09-11T21:30:51.496748+00:00,2026-09-12T01:40:00+00:00,825036,Lars Nootbaar,ARI,TEX,price-decision-v1,0.6011571109288827,-168,Model snapshot; sportsbook quote age unverified,Not selected,Not selected,,0.0,False,4.0,,,,0.5711571109288827,1.5952380952380951,-0.0410112754229727,-0.0888684182801157,1.8033566951917888,-124.4777078457366,False,larsnootbaar,0.0,-1.0,-0.0,Resolved
2026-09-11,2026-09-11T21:30:51.496748+00:00,2026-09-12T00:15:00+00:00,823012,Leonardo Bernal,STL,CWS,price-decision-v1,0.5968912739060751,-166,Model snapshot; sportsbook quote age unverified,Not selected,Not selected,,0.0,False,5.0,,,,0.5668912739060751,1.6024096385542168,-0.0435356695240001,-0.0916079586806267,1.8169268912942464,-122.40997458361464,False,leonardobernal,,,,Pending
2026-09-11,2026-09-11T21:30:51.496748+00:00,2026-09-11T23:10:00+00:00,822930,Liam Hicks,TB,HOU,price-decision-v1,0.6299119972251975,-193,Model snapshot; sportsbook quote age unverified,Not selected,Not selected,,0.0,True,4.0,,,,0.5999119972251975,1.5181347150259068,-0.0437087296011249,-0.0892527710519022,1.7169184893186162,-139.48587111352563,False,liamhicks,0.0,-1.0,-0.0,Resolved
2026-09-11,2026-09-11T21:30:51.496748+00:00,2026-09-11T23:15:00+00:00,824873,Luis Arraez,PHI,ATL,price-decision-v1,0.612288869348905,-216,Model snapshot; sportsbook quote age unverified,Not selected,Not selected,,0.0,True,4.0,,,,0.582288869348905,1.462962962962963,-0.1042440615080833,-0.1481329503969722,1.7688814851496473,-130.0590558251471,False,luisarraez,1.0,0.462962962962963,0.0,Resolved
2026-09-11,2026-09-11T21:30:51.496748+00:00,2026-09-11T23:05:00+00:00,823498,Luis García Jr.,NYY,NYM,price-decision-v1,0.5976237586326263,-208,Model snapshot; sportsbook quote age unverified,Not selected,Not selected,,0.0,True,4.0,,,,0.5676237586326263,1.4807692307692308,-0.1150571266401494,-0.1594802035632264,1.8145822551212656,-122.76231083024652,False,luisgarciajr,1.0,0.48076923076923084,0.0,Resolved
2026-09-11,2026-09-11T21:30:51.496748+00:00,2026-09-11T23:10:00+00:00,823817,Max Muncy,LAD,MIA,price-decision-v1,0.690281315911107,-194,Model snapshot; sportsbook quote age unverified,Not selected,Not selected,,0.0,False,4.39,,,,0.660281315911107,1.5154639175257731,0.046096427205492,0.0006325096797188,1.5599411571698447,-178.59019420082993,False,maxmuncy,1.0,0.5154639175257731,0.0,Resolved
2026-09-11,2026-09-11T21:30:51.496748+00:00,2026-09-12T01:40:00+00:00,824954,Max Muncy,ATH,SEA,price-decision-v1,0.6433411183771226,-190,Model snapshot; sportsbook quote age unverified,Not selected,Not selected,,0.0,False,4.58,,,,0.6133411183771226,1.526315789473684,-0.0180582930033392,-0.0638477666875498,1.679326510385185,-147.2046187970774,False,maxmuncy,1.0,0.5263157894736841,0.0,Resolved
2026-09-11,2026-09-11T21:30:51.496748+00:00,2026-09-11T23:15:00+00:00,824873,Michael Harris,ATL,PHI,price-decision-v1,0.6058194196842938,-245,Model snapshot; sportsbook quote age unverified,Not selected,Not selected,,0.0,False,5.0,,,,0.5758194196842937,1.4081632653061225,-0.1469073477915047,-0.1891522457506884,1.7887552326121985,-126.78204323135851,False,michaelharris,,,,Pending
2026-09-11,2026-09-11T21:30:51.496748+00:00,2026-09-11T23:10:00+00:00,824711,Mickey Gasper,BOS,KC,price-decision-v1,0.6801190920988001,-230,Model snapshot; sportsbook quote age unverified,Not selected,Not selected,,0.0,True,2.0,,,,0.6501190920988,1.434782608695652,-0.0241769548147652,-0.0672204330756347,1.5843251067659287,-171.13760617521848,False,mickeygasper,1.0,0.4347826086956521,0.0,Resolved
2026-09-11,2026-09-11T21:30:51.496748+00:00,2026-09-11T22:45:00+00:00,822684,Moisés Ballesteros,LAA,WSH,price-decision-v1,0.5895367903231145,-163,Model snapshot; sportsbook quote age unverified,Not selected,Not selected,,0.0,True,5.0,,,,0.5595367903231144,1.6134969325153374,-0.0487841972087171,-0.0971891051841773,1.840808357579505,-118.93316604021058,False,moisesballesteros,0.0,-1.0,-0.0,Resolved
2026-09-11,2026-09-11T21:30:51.496748+00:00,2026-09-11T23:10:00+00:00,824711,Nate Eaton,BOS,KC,price-decision-v1,0.6340055219094994,-168,Model snapshot; sportsbook quote age unverified,Not selected,Not selected,,0.0,False,1.0,,,,0.6040055219094994,1.5952380952380951,0.0113897611413444,-0.0364673817157984,1.7052824231536232,-141.78717165934276,False,nateeaton,,,,Pending
2026-09-11,2026-09-11T21:30:51.496748+00:00,2026-09-11T23:05:00+00:00,823498,Nick Morabito,NYM,NYY,price-decision-v1,0.5459041036132244,104,Model snapshot; sportsbook quote age unverified,Not selected,Not selected,,0.0,False,5.0,,,,0.5159041036132244,2.04,0.1136443713709778,0.0524443713709776,1.996495071053352,-100.3517256681404,True,nickmorabito,,,,Pending
2026-09-11,2026-09-11T21:30:51.496748+00:00,2026-09-12T01:40:00+00:00,825036,Nicky Lopez,TEX,ARI,price-decision-v1,0.6108852518696923,-169,Model snapshot; sportsbook quote age unverified,Not selected,Not selected,,0.0,False,3.0,,,,0.5808852518696923,1.5917159763313609,-0.0276441848938033,-0.0753956641837442,1.7731557079212192,-129.3400526898645,False,nickylopez,0.0,-1.0,-0.0,Resolved
2026-09-11,2026-09-11T21:30:51.496748+00:00,2026-09-12T02:15:00+00:00,823173,Osleivis Basabe,SF,SD,price-decision-v1,0.5839409994781783,-156,Model snapshot; sportsbook quote age unverified,Not selected,Not selected,,0.0,False,4.08,,,,0.5539409994781783,1.641025641025641,-0.0417378470101689,-0.0909686162409382,1.859403801073178,-116.35973668620652,False,osleivisbasabe,0.0,-1.0,-0.0,Resolved
2026-09-11,2026-09-11T21:30:51.496748+00:00,2026-09-11T22:45:00+00:00,822684,Oswald Peraza,LAA,WSH,price-decision-v1,0.5847545172476684,-125,Model snapshot; sportsbook quote age unverified,Not selected,Not selected,,0.0,False,4.07,,,,0.5547545172476683,1.8,0.0525581310458029,-0.0014418689541969,1.856677085046898,-116.73009789274984,False,oswaldperaza,0.0,-1.0,-0.0,Resolved
2026-09-11,2026-09-11T21:30:51.496748+00:00,2026-09-12T01:40:00+00:00,824954,Randy Arozarena,SEA,ATH,price-decision-v1,0.6342841639176415,-350,Model snapshot; sportsbook quote age unverified,Not selected,Not selected,,0.0,False,2.68,,,,0.6042841639176415,1.2857142857142856,-0.1844917892487466,-0.2230632178201752,1.704496098859178,-141.94542760695833,False,randyarozarena,1.0,0.2857142857142856,0.0,Resolved
2026-09-11,2026-09-11T21:30:51.496748+00:00,2026-09-12T02:15:00+00:00,823173,Shay Whitcomb,SF,SD,price-decision-v1,0.5436313843551442,-119,Model snapshot; sportsbook quote age unverified,Not selected,Not selected,,0.0,False,5.0,,,,0.5136313843551442,1.8403361344537816,0.0004644804519042,-0.0547456035817093,2.00532917452688,100.53291745268804,False,shaywhitcomb,0.0,-1.0,-0.0,Resolved
2026-09-11,2026-09-11T21:30:51.496748+00:00,2026-09-12T01:40:00+00:00,824954,Taylor Ward,SEA,ATH,price-decision-v1,0.6334167323861538,-195,Model snapshot; sportsbook quote age unverified,Not selected,Not selected,,0.0,False,1.67,,,,0.6034167323861538,1.5128205128205128,-0.0417541740824852,-0.0871387894671007,1.706946368435896,-141.45344606727087,False,taylorward,0.0,-1.0,-0.0,Resolved
2026-09-11,2026-09-11T21:30:51.496748+00:00,2026-09-11T23:45:00+00:00,823736,TJ Friedl,CIN,MIL,price-decision-v1,0.5678155645288937,108,Model snapshot; sportsbook quote age unverified,Not selected,Not selected,,0.0,False,1.0,,,,0.5378155645288937,2.08,0.181056374220099,0.1186563742200987,1.915154688582212,-109.2711442640624,True,tjfriedl,0.0,-1.0,-0.0,Resolved
2026-09-11,2026-09-11T21:30:51.496748+00:00,2026-09-11T23:10:00+00:00,823817,Tommy Edman,LAD,MIA,price-decision-v1,0.6571445797218982,-294,Model snapshot; sportsbook quote age unverified,Not selected,Not selected,,0.0,False,3.03,,,,0.6271445797218982,1.3401360544217686,-0.1193368557468439,-0.159540937379497,1.642364509403469,-155.67485210673436,False,tommyedman,0.0,-1.0,-0.0,Resolved
2026-09-11,2026-09-11T21:30:51.496748+00:00,2026-09-12T02:15:00+00:00,823173,Turner Hill,SF,SD,price-decision-v1,0.5857731213446203,-149,Model snapshot; sportsbook quote age unverified,Not selected,Not selected,,0.0,False,3.73,,,,0.5557731213446203,1.6711409395973154,-0.0210905556052989,-0.0712247837932184,1.8532742236761104,-117.19561803844952,False,turnerhill,0.0,-1.0,-0.0,Resolved
2026-09-11,2026-09-11T21:30:51.496748+00:00,2026-09-12T02:15:00+00:00,823173,Ty France,SD,SF,price-decision-v1,0.6034556848055804,-277,Model snapshot; sportsbook quote age unverified,Not selected,Not selected,,0.0,False,4.08,,,,0.5734556848055804,1.3610108303249098,-0.1786902773584699,-0.2195206022682172,1.7961283274211548,-125.6078907830391,False,tyfrance,,,,Pending
2026-09-11,2026-09-11T21:30:51.496748+00:00,2026-09-11T22:45:00+00:00,822684,Tyler Heineman,LAA,WSH,price-decision-v1,0.5376633356587222,-129,Model snapshot; sportsbook quote age unverified,Not selected,Not selected,,0.0,False,5.0,,,,0.5076633356587221,1.7751937984496124,-0.045543380884904,-0.0987991948383925,2.0289036604613493,102.89036604613491,False,tylerheineman,,,,Pending
2026-09-11,2026-09-11T21:30:51.496748+00:00,2026-09-12T01:40:00+00:00,824954,Weston Wilson,SEA,ATH,price-decision-v1,0.5737464579504479,-140,Model snapshot; sportsbook quote age unverified,Not selected,Not selected,,0.0,False,5.0,,,,0.5437464579504478,1.7142857142857144,-0.0164346435135178,-0.0678632149420893,1.894265213022988,-111.82364978948304,False,westonwilson,0.0,-1.0,-0.0,Resolved
2026-09-11,2026-09-11T21:30:51.496748+00:00,2026-09-11T23:10:00+00:00,823817,Will Smith,LAD,MIA,price-decision-v1,0.6719958676913146,-238,Model snapshot; sportsbook quote age unverified,Not selected,Not selected,,0.0,False,4.27,,,,0.6419958676913146,1.4201680672268908,-0.0456529273963682,-0.0882579694131751,1.6043716974440811,-165.46109029080137,False,willsmith,1.0,0.4201680672268908,0.0,Resolved
2026-09-11,2026-09-11T21:30:51.496748+00:00,2026-09-11T23:10:00+00:00,822930,Yandy Díaz,TB,HOU,price-decision-v1,0.6976485896506189,-286,Model snapshot; sportsbook quote age unverified,Not selected,Not selected,,0.0,True,1.0,,,,0.6676485896506189,1.3496503496503496,-0.0584183370449689,-0.0989078475344794,1.542727740260786,-184.2544476387904,False,yandydiaz,0.0,-1.0,-0.0,Resolved
2026-09-11,2026-09-11T22:00:42.547544+00:00,2026-09-12T02:15:00+00:00,823173,Fernando Tatis Jr.,SD,SF,price-decision-v1,0.6397892890951331,-366,Model snapshot; sportsbook quote age unverified,Not selected,Not selected,,0.0,True,1.0,,,,0.6097892890951331,1.273224043715847,-0.1854048942122075,-0.2236016155236829,1.6891080548961726,-145.11512278733548,False,fernandotatisjr,1.0,0.2732240437158471,0.0,Resolved
2026-09-11,2026-09-11T22:00:42.547544+00:00,2026-09-12T02:15:00+00:00,823173,Jonah Cox,SF,SD,price-decision-v1,0.6070327587661277,-158,Model snapshot; sportsbook quote age unverified,Not selected,Not selected,,0.0,True,1.0,,,,0.5770327587661277,1.6329113924050631,-0.0087692926477154,-0.0577566344198674,1.7849939788556453,-127.38951214094509,False,jonahcox,1.0,0.6329113924050631,0.0,Resolved
2026-09-12,2026-09-12T15:31:28.426234+00:00,2026-09-12T17:35:00+00:00,823496,Aaron Judge,NYY,NYM,price-decision-v1,0.6840250495760903,-226,Model snapshot; sportsbook quote age unverified,Not selected,Not selected,,0.0,True,2.0,,,,0.6540250495760903,1.4424778761061947,-0.0133089992840467,-0.0565833355672324,1.574863226825333,-173.95442138862725,False,aaronjudge,0.0,-1.0,-0.0,Resolved
2026-09-12,2026-09-12T15:31:28.426234+00:00,2026-09-12T23:15:00+00:00,824870,Alec Bohm,PHI,ATL,price-decision-v1,0.5846204531431809,-234,Model snapshot; sportsbook quote age unverified,Not selected,Not selected,,0.0,False,4.54,,,,0.5546204531431809,1.4273504273504274,-0.1655417463682802,-0.2083622591887931,1.8571258852116208,-116.66897678082655,False,alecbohm,1.0,0.4273504273504274,0.0,Resolved
2026-09-12,2026-09-12T15:31:28.426234+00:00,2026-09-12T19:07:00+00:00,822768,Alejandro Kirk,TOR,BAL,price-decision-v1,0.604485905461873,-255,Model snapshot; sportsbook quote age unverified,Not selected,Not selected,,0.0,True,4.0,,,,0.574485905461873,1.392156862745098,-0.158460798278569,-0.200225504160922,1.7929073458676146,-126.11814043742784,False,alejandrokirk,1.0,0.392156862745098,0.0,Resolved
2026-09-12,2026-09-12T15:31:28.426234+00:00,2026-09-12T18:20:00+00:00,824630,Alex Bregman,CHC,PIT,price-decision-v1,0.5922494242558729,-213,Model snapshot; sportsbook quote age unverified,Not selected,Not selected,,0.0,False,3.33,,,,0.5622494242558729,1.4694835680751177,-0.1296992028540459,-0.1737837098962994,1.831927176027235,-120.20282890329123,False,alexbregman,1.0,0.4694835680751177,0.0,Resolved
2026-09-12,2026-09-12T15:31:28.426234+00:00,2026-09-12T20:10:00+00:00,823819,Alex Freeland,LAD,MIA,price-decision-v1,0.5420407575734646,-115,Model snapshot; sportsbook quote age unverified,Not selected,Not selected,,0.0,False,5.0,,,,0.5120407575734646,1.869565217391304,0.0133805467677816,-0.0427064097539575,2.011558620608872,101.1558620608872,False,alexfreeland,1.0,0.869565217391304,0.0,Resolved
2026-09-12,2026-09-12T15:31:28.426234+00:00,2026-09-12T17:35:00+00:00,823496,Amed Rosario,NYY,NYM,price-decision-v1,0.5898324894874928,-170,Model snapshot; sportsbook quote age unverified,Not selected,Not selected,,0.0,True,5.0,,,,0.5598324894874928,1.5882352941176472,-0.0632072225786878,-0.1108542814022173,1.8398360569300456,-119.07085814526954,False,amedrosario,0.0,-1.0,-0.0,Resolved
2026-09-12,2026-09-12T15:31:28.426234+00:00,2026-09-12T23:15:00+00:00,823009,Andrew Benintendi,CWS,STL,price-decision-v1,0.6069578762758947,-175,Model snapshot; sportsbook quote age unverified,Not selected,Not selected,,0.0,False,3.89,,,,0.5769578762758947,1.5714285714285714,-0.0462090515664511,-0.0933519087093084,1.7852256505247288,-127.35192735129677,False,andrewbenintendi,0.0,-1.0,-0.0,Resolved
2026-09-12,2026-09-12T15:31:28.426234+00:00,2026-09-12T20:10:00+00:00,823657,Angel Martinez,CLE,MIN,price-decision-v1,0.6015992824647127,-260,Model snapshot; sportsbook quote age unverified,Not selected,Not selected,,0.0,False,3.62,,,,0.5715992824647127,1.3846153846153846,-0.1670163781257824,-0.2085548396642439,1.8019616741971445,-124.69423816307868,False,angelmartinez,1.0,0.3846153846153846,0.0,Resolved
2026-09-12,2026-09-12T15:31:28.426234+00:00,2026-09-12T20:10:00+00:00,823657,Austin Hedges,CLE,MIN,price-decision-v1,0.5353434277997068,-103,Model snapshot; sportsbook quote age unverified,Not selected,Not selected,,0.0,False,5.0,,,,0.5053434277997068,1.970873786407767,0.0550943285761211,-0.0040318850161119,2.0382178600495053,103.82178600495054,False,austinhedges,1.0,0.970873786407767,0.0,Resolved
2026-09-12,2026-09-12T15:31:28.426234+00:00,2026-09-12T23:15:00+00:00,824870,Austin Riley,ATL,PHI,price-decision-v1,0.5784248057117903,-176,Model snapshot; sportsbook quote age unverified,Not selected,Not selected,,0.0,False,4.73,,,,0.5484248057117903,1.5681818181818183,-0.0929247364974196,-0.1399701910428742,1.8781061492344104,-113.88144825905896,False,austinriley,1.0,0.5681818181818183,0.0,Resolved
2026-09-12,2026-09-12T15:31:28.426234+00:00,2026-09-12T17:35:00+00:00,823496,Ben Rice,NYY,NYM,price-decision-v1,0.6904960631933416,-202,Model snapshot; sportsbook quote age unverified,Not selected,Not selected,,0.0,False,1.93,,,,0.6604960631933415,1.495049504950495,0.0323257974474711,-0.0125256877010438,1.5594339730356526,-178.75210448405684,False,benrice,,,,Pending
2026-09-12,2026-09-12T15:31:28.426234+00:00,2026-09-12T17:35:00+00:00,823496,Bo Bichette,NYM,NYY,price-decision-v1,0.6396382612622024,-228,Model snapshot; sportsbook quote age unverified,On card,Hold,2.0,0.0,True,3.0,,,,0.6096382612622023,1.4385964912280702,-0.079818641692972,-0.1229765364298142,1.6895265035817728,-145.02705767007654,False,bobichette,0.0,-1.0,-0.0,Resolved
2026-09-12,2026-09-12T15:31:28.426234+00:00,2026-09-12T20:05:00+00:00,822685,Brady House,WSH,LAA,price-decision-v1,0.579993120504755,-170,Model snapshot; sportsbook quote age unverified,Not selected,Not selected,,0.0,False,3.94,,,,0.549993120504755,1.5882352941176472,-0.0788344556689183,-0.1264815144924478,1.8727506974173052,-114.58025790861676,False,bradyhouse,0.0,-1.0,-0.0,Resolved
2026-09-12,2026-09-12T15:31:28.426234+00:00,2026-09-12T18:20:00+00:00,824630,Brandon Lowe,PIT,CHC,price-decision-v1,0.6424854877611136,-228,Model snapshot; sportsbook quote age unverified,Not selected,Not selected,,0.0,False,2.23,,,,0.6124854877611136,1.4385964912280702,-0.0757226316419067,-0.1188805263787489,1.6816724976865554,-146.69801163957433,False,brandonlowe,1.0,0.4385964912280702,0.0,Resolved
2026-09-12,2026-09-12T15:31:28.426234+00:00,2026-09-12T23:15:00+00:00,824870,Brandon Marsh,PHI,ATL,price-decision-v1,0.6243796213671816,-140,Model snapshot; sportsbook quote age unverified,Not selected,Not selected,,0.0,False,4.24,,,,0.5943796213671816,1.7142857142857144,0.0703650652008829,0.0189364937723113,1.7328992498612454,-136.4444021725118,False,brandonmarsh,0.0,-1.0,-0.0,Resolved
2026-09-12,2026-09-12T15:31:28.426234+00:00,2026-09-13T00:10:00+00:00,825035,Brandon Nimmo,TEX,ARI,price-decision-v1,0.6413394643423848,-241,Model snapshot; sportsbook quote age unverified,Not selected,Not selected,,0.0,False,3.63,,,,0.6113394643423847,1.4149377593360997,-0.0925445753495717,-0.1349927081296548,1.6848249787177842,-146.022711068794,False,brandonnimmo,1.0,0.41493775933609967,0.0,Resolved
2026-09-12,2026-09-12T15:31:28.426234+00:00,2026-09-12T20:10:00+00:00,823657,Brayan Rocchio,CLE,MIN,price-decision-v1,0.5846341018039461,-187,Model snapshot; sportsbook quote age unverified,Not selected,Not selected,,0.0,False,3.36,,,,0.5546341018039461,1.53475935828877,-0.1027273410816441,-0.1487701218303073,1.8570801843051616,-116.67519776002102,False,brayanrocchio,0.0,-1.0,-0.0,Resolved
2026-09-12,2026-09-12T15:31:28.426234+00:00,2026-09-12T19:07:00+00:00,822768,Brett Bateman,TOR,BAL,price-decision-v1,0.6285386910878537,-251,Model snapshot; sportsbook quote age unverified,Not selected,Not selected,,0.0,True,1.0,,,,0.5985386910878536,1.398406374501992,-0.121047487761607,-0.1629996789966667,1.7208578415005362,-138.7236071287512,False,brettbateman,1.0,0.3984063745019919,0.0,Resolved
2026-09-12,2026-09-12T15:31:28.426234+00:00,2026-09-12T17:35:00+00:00,823496,Brett Baty,NYM,NYY,price-decision-v1,0.555685828715237,103,Model snapshot; sportsbook quote age unverified,Not selected,Not selected,,0.0,False,4.67,,,,0.525685828715237,2.03,0.1280422322919312,0.067142232291931,1.9593451901058363,-104.23776658427596,True,brettbaty,,,,Pending
2026-09-12,2026-09-12T15:31:28.426234+00:00,2026-09-12T23:10:00+00:00,823737,Brice Turang,MIL,CIN,price-decision-v1,0.699309753318521,-214,Model snapshot; sportsbook quote age unverified,Not selected,Not selected,,0.0,False,2.22,,,,0.6693097533185209,1.4672897196261685,0.0260900118785776,-0.0179286797102075,1.53889883554383,-185.5635852303985,False,briceturang,1.0,0.4672897196261685,0.0,Resolved
2026-09-12,2026-09-12T15:31:28.426234+00:00,2026-09-12T20:10:00+00:00,823657,Brooks Lee,MIN,CLE,price-decision-v1,0.6070934032442326,-216,Model snapshot; sportsbook quote age unverified,Not selected,Not selected,,0.0,False,2.55,,,,0.5770934032442325,1.462962962962963,-0.1118448359945486,-0.1557337248834376,1.7848064008523976,-127.41995973960908,False,brookslee,1.0,0.462962962962963,0.0,Resolved
2026-09-12,2026-09-12T15:31:28.426234+00:00,2026-09-12T18:20:00+00:00,824630,Bryan Reynolds,PIT,CHC,price-decision-v1,0.615935537353844,-236,Model snapshot; sportsbook quote age unverified,Not selected,Not selected,,0.0,False,3.0,,,,0.585935537353844,1.423728813559322,-0.1230748281741882,-0.1657866925809679,1.7578725548062937,-131.9483063027124,False,bryanreynolds,1.0,0.423728813559322,0.0,Resolved
2026-09-12,2026-09-12T15:31:28.426234+00:00,2026-09-12T20:05:00+00:00,823170,Bryce Eldridge,SF,SD,price-decision-v1,0.5844877722949975,-169,Model snapshot; sportsbook quote age unverified,Not selected,Not selected,,0.0,False,2.65,,,,0.5544877722949975,1.5917159763313609,-0.0696614748677258,-0.1174129541576668,1.857570268388212,-116.60852024166866,False,bryceeldridge,0.0,-1.0,-0.0,Resolved
2026-09-12,2026-09-12T15:31:28.426234+00:00,2026-09-12T23:15:00+00:00,824870,Bryce Harper,PHI,ATL,price-decision-v1,0.669742774651607,-193,Model snapshot; sportsbook quote age unverified,Not selected,Not selected,,0.0,False,2.96,,,,0.639742774651607,1.5181347150259068,0.0167597563363774,-0.0287842851143996,1.6100220913959058,-163.92848949317766,False,bryceharper,1.0,0.5181347150259068,0.0,Resolved
2026-09-12,2026-09-12T15:31:28.426234+00:00,2026-09-12T23:15:00+00:00,824870,Bryson Stott,PHI,ATL,price-decision-v1,0.597293118753978,-177,Model snapshot; sportsbook quote age unverified,Not selected,Not selected,,0.0,False,4.32,,,,0.5672931187539779,1.5649717514124295,-0.0652531418369949,-0.1122022943793678,1.8156398622679,-122.6031299180846,False,brysonstott,0.0,-1.0,-0.0,Resolved
2026-09-12,2026-09-12T15:31:28.426234+00:00,2026-09-13T01:40:00+00:00,824955,Cal Raleigh,SEA,ATH,price-decision-v1,0.5754184094142061,-215,Model snapshot; sportsbook quote age unverified,Not selected,Not selected,,0.0,False,3.73,,,,0.545418409414206,1.4651162790697674,-0.1569451210908143,-0.2008986094629075,1.8884584425858444,-112.5545047542703,False,calraleigh,0.0,-1.0,-0.0,Resolved
2026-09-12,2026-09-12T15:31:28.426234+00:00,2026-09-12T20:10:00+00:00,824712,Caleb Durbin,BOS,KC,price-decision-v1,0.5648459137084432,-213,Model snapshot; sportsbook quote age unverified,Not selected,Not selected,,0.0,False,4.95,,,,0.5348459137084431,1.4694835680751177,-0.1699682113110669,-0.2140527183533206,1.9257882945357545,-108.01605571190116,False,calebdurbin,1.0,0.4694835680751177,0.0,Resolved
2026-09-12,2026-09-12T15:31:28.426234+00:00,2026-09-12T22:10:00+00:00,822927,Cam Smith,HOU,TB,price-decision-v1,0.579620011250543,-119,Model snapshot; sportsbook quote age unverified,Not selected,Not selected,,0.0,False,4.73,,,,0.5496200112505429,1.8403361344537816,0.0666956509568816,0.011485566923268,1.874022013238665,-114.41359426343593,False,camsmith,0.0,-1.0,-0.0,Resolved
2026-09-12,2026-09-12T15:31:28.426234+00:00,2026-09-13T01:40:00+00:00,824955,Carlos Cortes,ATH,SEA,price-decision-v1,0.6501761221261475,-201,Model snapshot; sportsbook quote age unverified,Not selected,Not selected,,0.0,False,2.89,,,,0.6201761221261475,1.4975124378109452,-0.026353170348406,-0.0712785434827344,1.6608185372710818,-151.32747397335478,False,carloscortes,1.0,0.49751243781094523,0.0,Resolved
2026-09-12,2026-09-12T15:31:28.426234+00:00,2026-09-12T17:35:00+00:00,823496,Carson Benge,NYM,NYY,price-decision-v1,0.5985981426649339,-168,Model snapshot; sportsbook quote age unverified,Not selected,Not selected,,0.0,True,4.0,,,,0.5685981426649339,1.5952380952380951,-0.0450934390821291,-0.092950581939272,1.8114726776498864,-123.23273814912773,False,carsonbenge,1.0,0.5952380952380951,0.0,Resolved
2026-09-12,2026-09-12T15:31:28.426234+00:00,2026-09-12T18:20:00+00:00,824630,Carson Kelly,CHC,PIT,price-decision-v1,0.5683250101048329,-150,Model snapshot; sportsbook quote age unverified,Not selected,Not selected,,0.0,False,4.17,,,,0.5383250101048329,1.6666666666666663,-0.0527916498252785,-0.1027916498252785,1.9133422758853775,-109.48797908545488,False,carsonkelly,0.0,-1.0,-0.0,Resolved
2026-09-12,2026-09-12T15:31:28.426234+00:00,2026-09-12T20:10:00+00:00,824712,Carter Jensen,KC,BOS,price-decision-v1,0.6022919395503595,-169,Model snapshot; sportsbook quote age unverified,Not selected,Not selected,,0.0,False,1.58,,,,0.5722919395503595,1.5917159763313609,-0.0413222974020904,-0.0890737766920313,1.799780721722648,-125.03427162461476,False,carterjensen,1.0,0.5917159763313609,0.0,Resolved
2026-09-12,2026-09-12T15:31:28.426234+00:00,2026-09-12T22:10:00+00:00,822927,Cedric Mullins,TB,HOU,price-decision-v1,0.5303570193418009,-139,Model snapshot; sportsbook quote age unverified,Not selected,Not selected,,0.0,False,3.86,,,,0.5003570193418009,1.7194244604316546,-0.0880911681820834,-0.139673901995033,2.058530129855923,105.85301298559231,False,cedricmullins,0.0,-1.0,-0.0,Resolved
2026-09-12,2026-09-12T15:31:28.426234+00:00,2026-09-12T22:10:00+00:00,822927,Chandler Simpson,TB,HOU,price-decision-v1,0.6039281040556478,-235,Model snapshot; sportsbook quote age unverified,Not selected,Not selected,,0.0,False,3.98,,,,0.5739281040556478,1.425531914893617,-0.1390812133674808,-0.1818471708142893,1.7946498746472463,-125.84158532006448,False,chandlersimpson,1.0,0.42553191489361697,0.0,Resolved
2026-09-12,2026-09-12T15:31:28.426234+00:00,2026-09-12T20:10:00+00:00,823657,Chase DeLauter,CLE,MIN,price-decision-v1,0.6339384585977114,-248,Model snapshot; sportsbook quote age unverified,Not selected,Not selected,,0.0,False,2.63,,,,0.6039384585977113,1.403225806451613,-0.110441195193534,-0.1525379693870824,1.7054717833197173,-141.74911366324676,False,chasedelauter,0.0,-1.0,-0.0,Resolved
2026-09-12,2026-09-12T15:31:28.426234+00:00,2026-09-12T23:15:00+00:00,823009,Chase Meidroth,CWS,STL,price-decision-v1,0.6249684904276936,-232,Model snapshot; sportsbook quote age unverified,Not selected,Not selected,,0.0,False,3.14,,,,0.5949684904276936,1.4310344827586206,-0.1056485395603695,-0.1485795740431281,1.731184115749699,-136.76445897278256,False,chasemeidroth,0.0,-1.0,-0.0,Resolved
2026-09-12,2026-09-12T15:31:28.426234+00:00,2026-09-12T20:05:00+00:00,823170,Christian Koss,SF,SD,price-decision-v1,0.5470126798913477,-134,Model snapshot; sportsbook quote age unverified,Not selected,Not selected,,0.0,False,5.0,,,,0.5170126798913477,1.7462686567164178,-0.0447689022792883,-0.0971569619807809,1.992214195242675,-100.78468991823088,False,christiankoss,1.0,0.7462686567164178,0.0,Resolved
2026-09-12,2026-09-12T15:31:28.426234+00:00,2026-09-12T22:10:00+00:00,822927,Christian Walker,HOU,TB,price-decision-v1,0.5946468095123536,-154,Model snapshot; sportsbook quote age unverified,Not selected,Not selected,,0.0,False,3.79,,,,0.5646468095123536,1.6493506493506491,-0.0192188985965077,-0.0686994180770271,1.8241491542111783,-121.33725975331912,False,christianwalker,0.0,-1.0,-0.0,Resolved
2026-09-12,2026-09-12T15:31:28.426234+00:00,2026-09-12T23:10:00+00:00,823737,Christian Yelich,MIL,CIN,price-decision-v1,0.6312298949223688,-203,Model snapshot; sportsbook quote age unverified,Not selected,Not selected,,0.0,False,2.33,,,,0.6012298949223688,1.4926108374384237,-0.0578194179237548,-0.1025977430469076,1.7131549989426162,-140.22197158860055,False,christianyelich,1.0,0.4926108374384237,0.0,Resolved
2026-09-12,2026-09-12T15:31:28.426234+00:00,2026-09-12T20:05:00+00:00,822685,CJ Abrams,WSH,LAA,price-decision-v1,0.6046078257523239,-177,Model snapshot; sportsbook quote age unverified,Not selected,Not selected,,0.0,False,3.52,,,,0.5746078257523238,1.5649717514124295,-0.0538058320147247,-0.1007549845570976,1.7925269267807815,-126.1786781254193,False,cjabrams,1.0,0.5649717514124295,0.0,Resolved
2026-09-12,2026-09-12T15:31:28.426234+00:00,2026-09-12T19:07:00+00:00,822768,Coby Mayo,BAL,TOR,price-decision-v1,0.5684745424775561,-148,Model snapshot; sportsbook quote age unverified,Not selected,Not selected,,0.0,False,4.09,,,,0.5384745424775561,1.6756756756756757,-0.0474210369295005,-0.0976913071997708,1.912810947869334,-109.55170973071488,False,cobymayo,1.0,0.6756756756756757,0.0,Resolved
2026-09-12,2026-09-12T15:31:28.426234+00:00,2026-09-12T17:35:00+00:00,823496,Cody Bellinger,NYY,NYM,price-decision-v1,0.6654796932552889,-236,Model snapshot; sportsbook quote age unverified,Not selected,Not selected,,0.0,True,3.0,,,,0.6354796932552889,1.423728813559322,-0.052537385873826,-0.0952492502806057,1.6208228381362644,-161.07654850489087,False,codybellinger,1.0,0.423728813559322,0.0,Resolved
2026-09-12,2026-09-12T15:31:28.426234+00:00,2026-09-12T17:10:00+00:00,824224,Cole Carrigg,COL,DET,price-decision-v1,0.590131732609193,-165,Model snapshot; sportsbook quote age unverified,Not selected,Not selected,,0.0,True,5.0,,,,0.560131732609193,1.606060606060606,-0.0522126718700839,-0.1003944900519021,1.8388531483515087,-119.21037692535012,False,colecarrigg,0.0,-1.0,-0.0,Resolved
2026-09-12,2026-09-12T15:31:28.426234+00:00,2026-09-13T01:40:00+00:00,824955,Cole Young,SEA,ATH,price-decision-v1,0.6388860687752592,-247,Model snapshot; sportsbook quote age unverified,Not selected,Not selected,,0.0,False,2.17,,,,0.6088860687752592,1.4048582995951415,-0.1024556037853645,-0.1446013527732188,1.6916136742490897,-144.58939104778935,False,coleyoung,1.0,0.4048582995951415,0.0,Resolved
2026-09-12,2026-09-12T15:31:28.426234+00:00,2026-09-12T23:15:00+00:00,823009,Colson Montgomery,CWS,STL,price-decision-v1,0.5966332634049312,-161,Model snapshot; sportsbook quote age unverified,Not selected,Not selected,,0.0,False,4.23,,,,0.5666332634049311,1.62111801242236,-0.0327870698839315,-0.0814206102566024,1.8177542098581927,-122.28613291681006,False,colsonmontgomery,0.0,-1.0,-0.0,Resolved
2026-09-12,2026-09-12T15:31:28.426234+00:00,2026-09-12T17:10:00+00:00,824224,Colt Keith,DET,COL,price-decision-v1,0.6139398661810122,-242,Model snapshot; sportsbook quote age unverified,Not selected,Not selected,,0.0,True,3.0,,,,0.5839398661810121,1.4132231404958675,-0.1323659742400572,-0.1747626684549332,1.7638802548903492,-130.91057055055632,False,coltkeith,1.0,0.4132231404958675,0.0,Resolved
2026-09-12,2026-09-12T15:31:28.426234+00:00,2026-09-12T19:07:00+00:00,822768,Colton Cowser,BAL,TOR,price-decision-v1,0.532173529896314,-102,Model snapshot; sportsbook quote age unverified,Not selected,Not selected,,0.0,False,4.5,,,,0.5021735298963139,1.9803921568627447,0.0539122846966217,-0.0054994800092605,2.0510838160121043,105.10838160121044,False,coltoncowser,1.0,0.9803921568627447,0.0,Resolved
2026-09-12,2026-09-12T15:31:28.426234+00:00,2026-09-13T00:10:00+00:00,825035,Corbin Carroll,ARI,TEX,price-decision-v1,0.6489073663898652,-206,Model snapshot; sportsbook quote age unverified,Not selected,Not selected,,0.0,False,2.0,,,,0.6189073663898652,1.4854368932038835,-0.0360890576927244,-0.080652164488841,1.6642232035596378,-150.55180165957785,False,corbincarroll,0.0,-1.0,-0.0,Resolved
2026-09-12,2026-09-12T15:31:28.426234+00:00,2026-09-13T00:10:00+00:00,825035,Corey Seager,TEX,ARI,price-decision-v1,0.6127789573136384,-245,Model snapshot; sportsbook quote age unverified,Not selected,Not selected,,0.0,False,2.31,,,,0.5827789573136384,1.4081632653061225,-0.1371071825583458,-0.1793520805175296,1.767393944262949,-130.31116644534637,False,coreyseager,1.0,0.40816326530612246,0.0,Resolved
2026-09-12,2026-09-12T15:31:28.426234+00:00,2026-09-12T23:10:00+00:00,823737,Dane Myers,CIN,MIL,price-decision-v1,0.615712506991521,-177,Model snapshot; sportsbook quote age unverified,Not selected,Not selected,,0.0,False,2.47,,,,0.585712506991521,1.5649717514124295,-0.0364273195669415,-0.0833764721093145,1.7585419257829007,-131.8318692757671,False,danemyers,1.0,0.5649717514124295,0.0,Resolved
2026-09-12,2026-09-12T15:31:28.426234+00:00,2026-09-12T20:10:00+00:00,823657,David Fry,CLE,MIN,price-decision-v1,0.5364861805296816,-113,Model snapshot; sportsbook quote age unverified,Not selected,Not selected,,0.0,False,3.47,,,,0.5064861805296815,1.8849557522123892,0.0112527119718777,-0.045295960594494,2.033619158024864,103.36191580248637,False,davidfry,0.0,-1.0,-0.0,Resolved
2026-09-12,2026-09-12T15:31:28.426234+00:00,2026-09-12T20:05:00+00:00,822685,Daylen Lile,WSH,LAA,price-decision-v1,0.6009960195683066,-190,Model snapshot; sportsbook quote age unverified,Not selected,Not selected,,0.0,False,4.02,,,,0.5709960195683066,1.526315789473684,-0.0826902859220584,-0.128479759606269,1.803865464384002,-124.39892548018528,False,daylenlile,0.0,-1.0,-0.0,Resolved
2026-09-12,2026-09-12T15:31:28.426234+00:00,2026-09-12T17:10:00+00:00,824224,Dillon Dingler,DET,COL,price-decision-v1,0.6520173709711912,-263,Model snapshot; sportsbook quote age unverified,Not selected,Not selected,,0.0,False,3.11,,,,0.6220173709711911,1.3802281368821292,-0.1000672788496487,-0.1414741229561126,1.6559023076667496,-152.46172917996185,False,dillondingler,,,,Pending
2026-09-12,2026-09-12T15:31:28.426234+00:00,2026-09-12T23:15:00+00:00,824870,Drake Baldwin,ATL,PHI,price-decision-v1,0.6844187574655893,-211,Model snapshot; sportsbook quote age unverified,Not selected,Not selected,,0.0,False,1.73,,,,0.6544187574655893,1.4739336492890995,0.0087878368331673,-0.0354301726455058,1.5739157660898184,-174.2415976499762,False,drakebaldwin,1.0,0.47393364928909953,0.0,Resolved
2026-09-12,2026-09-12T15:31:28.426234+00:00,2026-09-12T20:05:00+00:00,823170,Drew Gilbert,SF,SD,price-decision-v1,0.583303897511832,-154,Model snapshot; sportsbook quote age unverified,Not selected,Not selected,,0.0,False,1.8,,,,0.553303897511832,1.6493506493506491,-0.0379273378700952,-0.0874078573506148,1.8615448122303788,-116.07057297590669,False,drewgilbert,1.0,0.6493506493506491,0.0,Resolved
2026-09-12,2026-09-12T15:31:28.426234+00:00,2026-09-12T19:07:00+00:00,822768,Dylan Beavers,BAL,TOR,price-decision-v1,0.5887612166945055,-154,Model snapshot; sportsbook quote age unverified,Not selected,Not selected,,0.0,False,2.62,,,,0.5587612166945055,1.6493506493506491,-0.0289263049324388,-0.0784068244129584,1.8433634426047456,-118.57284172900344,False,dylanbeavers,0.0,-1.0,-0.0,Resolved
2026-09-12,2026-09-12T15:31:28.426234+00:00,2026-09-12T17:10:00+00:00,824224,Eduardo Valencia,DET,COL,price-decision-v1,0.5837443257543826,-232,Model snapshot; sportsbook quote age unverified,Not selected,Not selected,,0.0,True,5.0,,,,0.5537443257543826,1.4310344827586206,-0.1646417407307974,-0.207572775213556,1.8600642067018929,-116.27038914161098,False,eduardovalencia,1.0,0.43103448275862055,0.0,Resolved
2026-09-12,2026-09-12T15:31:28.426234+00:00,2026-09-12T23:10:00+00:00,823737,Elly De La Cruz,CIN,MIL,price-decision-v1,0.6483629983454435,-181,Model snapshot; sportsbook quote age unverified,Not selected,Not selected,,0.0,False,1.35,,,,0.6183629983454435,1.5524861878453038,0.0065745996412687,-0.0399999859940904,1.665688281407483,-150.22046022586918,False,ellydelacruz,1.0,0.5524861878453038,0.0,Resolved
2026-09-12,2026-09-12T15:31:28.426234+00:00,2026-09-12T19:07:00+00:00,822768,Ernie Clement,TOR,BAL,price-decision-v1,0.6193704269209103,-214,Model snapshot; sportsbook quote age unverified,Not selected,Not selected,,0.0,False,3.25,,,,0.5893704269209102,1.4672897196261685,-0.0912041399384774,-0.1352228315272625,1.7476275580726066,-133.75643917915664,False,ernieclement,0.0,-1.0,-0.0,Resolved
2026-09-12,2026-09-12T15:31:28.426234+00:00,2026-09-12T23:10:00+00:00,823737,Eugenio Suarez,CIN,MIL,price-decision-v1,0.5421092100222789,-117,Model snapshot; sportsbook quote age unverified,Not selected,Not selected,,0.0,False,4.58,,,,0.5121092100222788,1.8547008547008548,0.0054504151695258,-0.0501906104714998,2.011289740239569,101.12897402395689,False,eugeniosuarez,1.0,0.8547008547008548,0.0,Resolved
2026-09-12,2026-09-12T15:31:28.426234+00:00,2026-09-13T00:10:00+00:00,825035,Evan Carter,TEX,ARI,price-decision-v1,0.5607555891045215,-139,Model snapshot; sportsbook quote age unverified,Not selected,Not selected,,0.0,False,4.25,,,,0.5307555891045215,1.7194244604316546,-0.0358231237699234,-0.0874058575828731,1.94062958759943,-106.31177385692158,False,evancarter,1.0,0.7194244604316546,0.0,Resolved
2026-09-12,2026-09-12T15:31:28.426234+00:00,2026-09-13T00:10:00+00:00,825035,Ezequiel Duran,TEX,ARI,price-decision-v1,0.6074066982658634,-236,Model snapshot; sportsbook quote age unverified,Not selected,Not selected,,0.0,False,4.09,,,,0.5774066982658633,1.423728813559322,-0.1352175821299572,-0.1779294465367369,1.783837982990878,-127.57738482949196,False,ezequielduran,1.0,0.423728813559322,0.0,Resolved
2026-09-12,2026-09-12T15:31:28.426234+00:00,2026-09-12T17:35:00+00:00,823496,Francisco Alvarez,NYM,NYY,price-decision-v1,0.5845107579286118,-110,Model snapshot; sportsbook quote age unverified,Not selected,Not selected,,0.0,False,4.78,,,,0.5545107579286118,1.9090909090909087,0.1158841742273499,0.0586114469546226,1.857493268205633,-116.6189913178645,True,franciscoalvarez,,,,Pending
2026-09-12,2026-09-12T15:31:28.426234+00:00,2026-09-12T17:35:00+00:00,823496,Francisco Lindor,NYM,NYY,price-decision-v1,0.6330497347244435,-179,Model snapshot; sportsbook quote age unverified,Not selected,Not selected,,0.0,True,1.0,,,,0.6030497347244435,1.558659217877095,-0.0132911955970964,-0.0600509721334092,1.7079851638947268,-141.2458976539647,False,franciscolindor,1.0,0.558659217877095,0.0,Resolved
2026-09-12,2026-09-12T15:31:28.426234+00:00,2026-09-13T00:10:00+00:00,825035,Gabriel Moreno,ARI,TEX,price-decision-v1,0.6388397174445991,-217,Model snapshot; sportsbook quote age unverified,On card,Hold,3.0,0.0,False,3.38,,,,0.6088397174445991,1.4608294930875576,-0.0667640994012077,-0.1105889841938345,1.691742457806597,-144.56247245121222,False,gabrielmoreno,1.0,0.4608294930875576,0.0,Resolved
2026-09-12,2026-09-12T15:31:28.426234+00:00,2026-09-12T23:10:00+00:00,823737,Garrett Mitchell,MIL,CIN,price-decision-v1,0.5872682876853254,-137,Model snapshot; sportsbook quote age unverified,Not selected,Not selected,,0.0,False,4.07,,,,0.5572682876853253,1.72992700729927,0.0159312713972417,-0.0359665388217365,1.8483018373039268,-117.88256915465377,False,garrettmitchell,1.0,0.7299270072992701,0.0,Resolved
2026-09-12,2026-09-12T15:31:28.426234+00:00,2026-09-12T19:07:00+00:00,822768,George Springer,TOR,BAL,price-decision-v1,0.5983562237526453,-250,Model snapshot; sportsbook quote age unverified,Not selected,Not selected,,0.0,True,2.0,,,,0.5683562237526453,1.4,-0.1623012867462966,-0.2043012867462966,1.8122437248936805,-123.11575569646858,False,georgespringer,1.0,0.3999999999999999,0.0,Resolved
2026-09-12,2026-09-12T15:31:28.426234+00:00,2026-09-13T00:10:00+00:00,825035,Geraldo Perdomo,ARI,TEX,price-decision-v1,0.632167065416137,-217,Model snapshot; sportsbook quote age unverified,Not selected,Not selected,,0.0,False,3.0,,,,0.602167065416137,1.4608294930875576,-0.0765117062814957,-0.1203365910741225,1.710488764921413,-140.74817919332042,False,geraldoperdomo,1.0,0.4608294930875576,0.0,Resolved
2026-09-12,2026-09-12T15:31:28.426234+00:00,2026-09-12T20:10:00+00:00,823819,Graham Pauley,MIA,LAD,price-decision-v1,0.4863400705187567,114,Model snapshot; sportsbook quote age unverified,Not selected,Not selected,,0.0,False,5.0,,,,0.4563400705187567,2.14,0.0407677509101391,-0.0234322490898608,2.257088663787776,125.7088663787776,False,grahampauley,1.0,1.1400000000000001,0.0,Resolved
2026-09-12,2026-09-12T15:31:28.426234+00:00,2026-09-12T20:10:00+00:00,823819,Griffin Conine,MIA,LAD,price-decision-v1,0.5998271141189468,-124,Model snapshot; sportsbook quote age unverified,Not selected,Not selected,,0.0,False,3.59,,,,0.5698271141189468,1.8064516129032255,0.0835586577632587,0.0293651093761619,1.8075657940436225,-123.82891986952863,False,griffinconine,1.0,0.8064516129032255,0.0,Resolved
2026-09-12,2026-09-12T15:31:28.426234+00:00,2026-09-12T19:07:00+00:00,822768,Gunnar Henderson,BAL,TOR,price-decision-v1,0.5966014355660327,-223,Model snapshot; sportsbook quote age unverified,Not selected,Not selected,,0.0,False,2.47,,,,0.5666014355660327,1.4484304932735426,-0.1358642883953875,-0.1793172031935939,1.817856319003205,-122.2708655254739,False,gunnarhenderson,1.0,0.44843049327354256,0.0,Resolved
2026-09-12,2026-09-12T15:31:28.426234+00:00,2026-09-12T17:10:00+00:00,824224,Hao-Yu Lee,DET,COL,price-decision-v1,0.6084183275888105,-255,Model snapshot; sportsbook quote age unverified,Not selected,Not selected,,0.0,True,2.0,,,,0.5784183275888105,1.392156862745098,-0.1529862498273422,-0.1947509557096952,1.7807181253983582,-128.087201701607,False,haoyulee,1.0,0.392156862745098,0.0,Resolved
2026-09-12,2026-09-12T15:31:28.426234+00:00,2026-09-13T01:40:00+00:00,824955,Henry Bolte,ATH,SEA,price-decision-v1,0.6099587319179898,-248,Model snapshot; sportsbook quote age unverified,Not selected,Not selected,,0.0,False,1.32,,,,0.5799587319179897,1.403225806451613,-0.1440901665021755,-0.186186940695724,1.7759884338557546,-128.86790013495047,False,henrybolte,1.0,0.403225806451613,0.0,Resolved
2026-09-12,2026-09-12T15:31:28.426234+00:00,2026-09-12T20:10:00+00:00,823819,Heriberto Hernandez,MIA,LAD,price-decision-v1,0.5649303425291518,-134,Model snapshot; sportsbook quote age unverified,Not selected,Not selected,,0.0,False,3.12,,,,0.5349303425291517,1.7462686567164178,-0.0134798496132723,-0.0658679093147649,1.925484344616082,-108.05153061933524,False,heribertohernandez,1.0,0.7462686567164178,0.0,Resolved
2026-09-12,2026-09-12T15:31:28.426234+00:00,2026-09-12T17:10:00+00:00,824224,Hunter Goodman,COL,DET,price-decision-v1,0.5930250530395674,-165,Model snapshot; sportsbook quote age unverified,Not selected,Not selected,,0.0,True,3.0,,,,0.5630250530395674,1.606060606060606,-0.0475658239061493,-0.0957476420879676,1.829403495349638,-120.5685779728293,False,huntergoodman,1.0,0.606060606060606,0.0,Resolved
2026-09-12,2026-09-12T15:31:28.426234+00:00,2026-09-12T18:20:00+00:00,824630,Ian Happ,CHC,PIT,price-decision-v1,0.5548083744953168,-150,Model snapshot; sportsbook quote age unverified,Not selected,Not selected,,0.0,False,4.78,,,,0.5248083744953168,1.6666666666666663,-0.0753193758411386,-0.1253193758411387,1.962621120500415,-103.88303130936436,False,ianhapp,0.0,-1.0,-0.0,Resolved
2026-09-12,2026-09-12T15:31:28.426234+00:00,2026-09-13T00:10:00+00:00,825035,Ildemaro Vargas,ARI,TEX,price-decision-v1,0.6645078018015044,-198,Model snapshot; sportsbook quote age unverified,Not selected,Not selected,,0.0,False,5.0,,,,0.6345078018015043,1.5050505050505052,0.000117802711355,-0.04503371244016,1.6233054929751978,-160.43497310231334,False,ildemarovargas,1.0,0.5050505050505052,0.0,Resolved
2026-09-12,2026-09-12T15:31:28.426234+00:00,2026-09-12T20:10:00+00:00,824712,Isaac Collins,KC,BOS,price-decision-v1,0.5820366989164539,-165,Model snapshot; sportsbook quote age unverified,Not selected,Not selected,,0.0,False,4.36,,,,0.5520366989164539,1.606060606060606,-0.0652137865887255,-0.1133956047705437,1.8658179827929915,-115.49771659560116,False,isaaccollins,0.0,-1.0,-0.0,Resolved
2026-09-12,2026-09-12T15:31:28.426234+00:00,2026-09-12T22:10:00+00:00,822927,Isaac Paredes,HOU,TB,price-decision-v1,0.5954516639146995,-190,Model snapshot; sportsbook quote age unverified,Not selected,Not selected,,0.0,False,3.16,,,,0.5654516639146995,1.526315789473684,-0.0911527234986165,-0.1369421971828271,1.821552690939432,-121.7207381861919,False,isaacparedes,1.0,0.5263157894736841,0.0,Resolved
2026-09-12,2026-09-12T15:31:28.426234+00:00,2026-09-12T23:15:00+00:00,823009,Ivan Herrera,STL,CWS,price-decision-v1,0.6372380637091981,-245,Model snapshot; sportsbook quote age unverified,Not selected,Not selected,,0.0,False,2.22,,,,0.6072380637091981,1.4081632653061225,-0.1026647674299047,-0.1449096653890884,1.696204605008522,-143.6359358737306,False,ivanherrera,0.0,-1.0,-0.0,Resolved
2026-09-12,2026-09-12T15:31:28.426234+00:00,2026-09-12T20:05:00+00:00,823170,Jackson Merrill,SD,SF,price-decision-v1,0.6085467078811571,-260,Model snapshot; sportsbook quote age unverified,Not selected,Not selected,,0.0,False,4.05,,,,0.578546707881157,1.3846153846153846,-0.1573968660107056,-0.1989353275491672,1.7803229816521209,-128.15206312170545,False,jacksonmerrill,1.0,0.3846153846153846,0.0,Resolved
2026-09-12,2026-09-12T15:31:28.426234+00:00,2026-09-12T20:05:00+00:00,822685,Jacob Young,WSH,LAA,price-decision-v1,0.5643010833704043,-125,Model snapshot; sportsbook quote age unverified,Not selected,Not selected,,0.0,False,3.0,,,,0.5343010833704043,1.8,0.0157419500667277,-0.0382580499332723,1.9277520335588625,-107.78742205112654,False,jacobyoung,1.0,0.8,0.0,Resolved
2026-09-12,2026-09-12T15:31:28.426234+00:00,2026-09-12T23:10:00+00:00,823737,Jake Bauers,MIL,CIN,price-decision-v1,0.6175134501456933,-166,Model snapshot; sportsbook quote age unverified,Not selected,Not selected,,0.0,False,4.4,,,,0.5875134501456932,1.6024096385542168,-0.0104904955496722,-0.0585627847062988,1.753151352951286,-132.77543697975406,False,jakebauers,1.0,0.6024096385542168,0.0,Resolved
2026-09-12,2026-09-12T15:31:28.426234+00:00,2026-09-13T00:10:00+00:00,825035,Jake Burger,TEX,ARI,price-decision-v1,0.5811630918364907,-166,Model snapshot; sportsbook quote age unverified,Not selected,Not selected,,0.0,False,4.38,,,,0.5511630918364907,1.6024096385542168,-0.0687386600692377,-0.1168109492258643,1.868775350265221,-115.10455489957428,False,jakeburger,1.0,0.6024096385542168,0.0,Resolved
2026-09-12,2026-09-12T15:31:28.426234+00:00,2026-09-12T20:05:00+00:00,823170,Jake Cronenworth,SD,SF,price-decision-v1,0.5984678317465966,-183,Model snapshot; sportsbook quote age unverified,Not selected,Not selected,,0.0,False,2.09,,,,0.5684678317465965,1.5464480874316942,-0.0745005662060828,-0.1208940088290336,1.811887924837124,-123.16970968629866,False,jakecronenworth,1.0,0.5464480874316942,0.0,Resolved
2026-09-12,2026-09-12T15:31:28.426234+00:00,2026-09-12T17:10:00+00:00,824224,Jake McCarthy,COL,DET,price-decision-v1,0.6538322671229312,-257,Model snapshot; sportsbook quote age unverified,Not selected,Not selected,,0.0,True,1.0,,,,0.6238322671229312,1.3891050583657587,-0.0917582904167843,-0.1334314421677571,1.651084841683943,-153.58981441091996,False,jakemccarthy,1.0,0.3891050583657587,0.0,Resolved
2026-09-12,2026-09-12T15:31:28.426234+00:00,2026-09-12T20:10:00+00:00,823819,Jakob Marsee,MIA,LAD,price-decision-v1,0.5295353236315317,-137,Model snapshot; sportsbook quote age unverified,Not selected,Not selected,,0.0,False,3.39,,,,0.4995353236315316,1.72992700729927,-0.0839425423308539,-0.1358403525498321,2.061916247507956,106.1916247507956,False,jakobmarsee,0.0,-1.0,-0.0,Resolved
2026-09-12,2026-09-12T15:31:28.426234+00:00,2026-09-12T20:05:00+00:00,822685,James Wood,WSH,LAA,price-decision-v1,0.6399280703820104,-181,Model snapshot; sportsbook quote age unverified,Not selected,Not selected,,0.0,False,1.0,,,,0.6099280703820104,1.5524861878453038,-0.0065205095174314,-0.0530950951527906,1.6887237200853702,-145.19610270952273,False,jameswood,1.0,0.5524861878453038,0.0,Resolved
2026-09-12,2026-09-12T15:31:28.426234+00:00,2026-09-12T17:35:00+00:00,823496,Jared Young,NYM,NYY,price-decision-v1,0.5885382455637594,-141,Model snapshot; sportsbook quote age unverified,Not selected,Not selected,,0.0,True,5.0,,,,0.5585382455637594,1.7092198581560285,0.0059412566018868,-0.045335339142794,1.8440993220802129,-118.46947081246115,False,jaredyoung,1.0,0.7092198581560285,0.0,Resolved
2026-09-12,2026-09-12T15:31:28.426234+00:00,2026-09-12T20:10:00+00:00,824712,Jarren Duran,BOS,KC,price-decision-v1,0.6009231659981612,-214,Model snapshot; sportsbook quote age unverified,Not selected,Not selected,,0.0,False,2.6,,,,0.5709231659981612,1.4672897196261685,-0.1182716162456887,-0.1622903078344737,1.804095649541952,-124.3633143108838,False,jarrenduran,0.0,-1.0,-0.0,Resolved
2026-09-12,2026-09-12T15:31:28.426234+00:00,2026-09-12T17:10:00+00:00,824224,Javier Baez,DET,COL,price-decision-v1,0.6038407486569697,-199,Model snapshot; sportsbook quote age unverified,Not selected,Not selected,,0.0,False,3.0,,,,0.5738407486569697,1.5025125628140703,-0.0927216892038496,-0.1377970660882718,1.7949230730139611,-125.7983362098784,False,javierbaez,,,,Pending
2026-09-12,2026-09-12T15:31:28.426234+00:00,2026-09-12T20:10:00+00:00,823819,Javier Sanoja,MIA,LAD,price-decision-v1,0.5585522194990001,-198,Model snapshot; sportsbook quote age unverified,Not selected,Not selected,,0.0,False,4.63,,,,0.5285522194990001,1.5050505050505052,-0.1593506999459492,-0.2045022150974643,1.948719468014548,-105.40523660727344,False,javiersanoja,0.0,-1.0,-0.0,Resolved
2026-09-12,2026-09-12T15:31:28.426234+00:00,2026-09-13T01:40:00+00:00,824955,Jeff McNeil,ATH,SEA,price-decision-v1,0.6282287530072198,-256,Model snapshot; sportsbook quote age unverified,Not selected,Not selected,,0.0,False,2.91,,,,0.5982287530072198,1.390625,-0.1263693903493349,-0.1680881403493349,1.721749405762129,-138.5522443131149,False,jeffmcneil,0.0,-1.0,-0.0,Resolved
2026-09-12,2026-09-12T15:31:28.426234+00:00,2026-09-12T22:10:00+00:00,822927,Jeremy Pena,HOU,TB,price-decision-v1,0.646146065464785,-219,Model snapshot; sportsbook quote age unverified,Not selected,Not selected,,0.0,False,1.05,,,,0.616146065464785,1.45662100456621,-0.0588100690261806,-0.102508699163167,1.6716815341878837,-148.88007918947474,False,jeremypena,0.0,-1.0,-0.0,Resolved
2026-09-12,2026-09-12T15:31:28.426234+00:00,2026-09-12T23:10:00+00:00,823737,JJ Bleday,CIN,MIL,price-decision-v1,0.6301816066348022,-132,Model snapshot; sportsbook quote age unverified,Not selected,Not selected,,0.0,False,2.91,,,,0.6001816066348021,1.7575757575757576,0.1075919146914705,0.0548646419641976,1.7161472271287603,-139.636091870283,True,jjbleday,1.0,0.7575757575757576,0.0,Resolved
2026-09-12,2026-09-12T15:31:28.426234+00:00,2026-09-13T00:10:00+00:00,825035,Joc Pederson,TEX,ARI,price-decision-v1,0.6159530286003739,-182,Model snapshot; sportsbook quote age unverified,Not selected,Not selected,,0.0,False,1.11,,,,0.5859530286003739,1.5494505494505495,-0.0456112413994206,-0.092094757882937,1.7578200806646411,-131.95744286994304,False,jocpederson,0.0,-1.0,-0.0,Resolved
2026-09-12,2026-09-12T15:31:28.426234+00:00,2026-09-12T20:10:00+00:00,823819,Joe Mack,MIA,LAD,price-decision-v1,0.5153253160465051,108,Model snapshot; sportsbook quote age unverified,Not selected,Not selected,,0.0,False,5.0,,,,0.4853253160465051,2.08,0.0718766573767306,0.0094766573767306,2.1222878056114074,112.22878056114074,False,joemack,0.0,-1.0,-0.0,Resolved
2026-09-12,2026-09-12T15:31:28.426234+00:00,2026-09-13T01:40:00+00:00,824955,Jonah Heim,ATH,SEA,price-decision-v1,0.5699821414472824,-164,Model snapshot; sportsbook quote age unverified,Not selected,Not selected,,0.0,False,4.0,,,,0.5399821414472824,1.6097560975609757,-0.0824677723043745,-0.1307604552312038,1.90747049011538,-110.19642080844478,False,jonahheim,1.0,0.6097560975609757,0.0,Resolved
2026-09-12,2026-09-12T15:31:28.426234+00:00,2026-09-12T22:10:00+00:00,822927,Jonathan Aranda,TB,HOU,price-decision-v1,0.6285598358252138,-188,Model snapshot; sportsbook quote age unverified,Not selected,Not selected,,0.0,False,2.33,,,,0.5985598358252138,1.5319148936170213,-0.0370998259698852,-0.0830572727783959,1.720797050440203,-138.73530689245786,False,jonathanaranda,1.0,0.5319148936170213,0.0,Resolved
2026-09-12,2026-09-12T15:31:28.426234+00:00,2026-09-12T20:05:00+00:00,822685,Jorbit Vivas,WSH,LAA,price-decision-v1,0.5441586483878168,-118,Model snapshot; sportsbook quote age unverified,Not selected,Not selected,,0.0,False,3.5,,,,0.5141586483878168,1.847457627118644,0.0053100453266445,-0.0501136834869148,2.0032727315384906,100.32727315384906,False,jorbitvivas,1.0,0.847457627118644,0.0,Resolved
2026-09-12,2026-09-12T15:31:28.426234+00:00,2026-09-12T23:15:00+00:00,823009,Jordan Walker,STL,CWS,price-decision-v1,0.6426649181212001,-244,Model snapshot; sportsbook quote age unverified,Not selected,Not selected,,0.0,False,3.42,,,,0.6126649181212,1.4098360655737705,-0.0939478203537179,-0.136242902320931,1.6811799884977925,-146.8040777600208,False,jordanwalker,0.0,-1.0,-0.0,Resolved
2026-09-12,2026-09-12T15:31:28.426234+00:00,2026-09-12T22:10:00+00:00,822927,Jose Altuve,HOU,TB,price-decision-v1,0.6013235742760525,-184,Model snapshot; sportsbook quote age unverified,Not selected,Not selected,,0.0,False,3.69,,,,0.5713235742760525,1.5434782608695652,-0.0718701353565276,-0.1181744831826145,1.8028312612605828,-124.55917553955592,False,josealtuve,1.0,0.5434782608695652,0.0,Resolved
2026-09-12,2026-09-12T15:31:28.426234+00:00,2026-09-12T23:10:00+00:00,823737,Jose Trevino,CIN,MIL,price-decision-v1,0.5506474155978924,-132,Model snapshot; sportsbook quote age unverified,Not selected,Not selected,,0.0,False,5.0,,,,0.5206474155978924,1.7575757575757576,-0.0321954513734011,-0.0849227241006739,1.9783061802336728,-102.21748775635308,False,josetrevino,,,,Pending
2026-09-12,2026-09-12T15:31:28.426234+00:00,2026-09-12T20:10:00+00:00,823657,Josh Bell,MIN,CLE,price-decision-v1,0.6106557700113604,-203,Model snapshot; sportsbook quote age unverified,Not selected,Not selected,,0.0,False,3.99,,,,0.5806557700113604,1.4926108374384237,-0.0885285797367378,-0.1333069048598906,1.7738564795108267,-129.2229278266332,False,joshbell,0.0,-1.0,-0.0,Resolved
2026-09-12,2026-09-12T15:31:28.426234+00:00,2026-09-13T01:40:00+00:00,824955,Josh Naylor,SEA,ATH,price-decision-v1,0.6393658746541367,-266,Model snapshot; sportsbook quote age unverified,Not selected,Not selected,,0.0,False,4.22,,,,0.6093658746541367,1.3759398496240602,-0.1202710145736313,-0.1615492100623532,1.6902817221010389,-144.8683874978261,False,joshnaylor,1.0,0.37593984962406024,0.0,Resolved
2026-09-12,2026-09-12T15:31:28.426234+00:00,2026-09-13T01:40:00+00:00,824955,J.P. Crawford,SEA,ATH,price-decision-v1,0.6561181115818179,-242,Model snapshot; sportsbook quote age unverified,Not selected,Not selected,,0.0,False,1.25,,,,0.6261181115818178,1.4132231404958675,-0.0727587018141251,-0.1151553960290012,1.6450570282942614,-155.0250530010226,False,jpcrawford,1.0,0.4132231404958675,0.0,Resolved
2026-09-12,2026-09-12T15:31:28.426234+00:00,2026-09-12T17:35:00+00:00,823496,Juan Soto,NYM,NYY,price-decision-v1,0.6442111840976019,-190,Model snapshot; sportsbook quote age unverified,Not selected,Not selected,,0.0,True,2.0,,,,0.6142111840976019,1.526315789473684,-0.0167302979562918,-0.0625197716405024,1.6769476471081757,-147.72191088511175,False,juansoto,1.0,0.5263157894736841,0.0,Resolved
2026-09-12,2026-09-12T15:31:28.426234+00:00,2026-09-12T20:05:00+00:00,823170,Jung Hoo Lee,SF,SD,price-decision-v1,0.6118706673038555,-218,Model snapshot; sportsbook quote age unverified,Not selected,Not selected,,0.0,False,4.47,,,,0.5818706673038555,1.4587155963302751,-0.1074547146668529,-0.1512161825567612,1.7701528155261508,-129.84436073467094,False,junghoolee,1.0,0.45871559633027514,0.0,Resolved
2026-09-12,2026-09-12T15:31:28.426234+00:00,2026-09-12T22:10:00+00:00,822927,Junior Caminero,TB,HOU,price-decision-v1,0.651952089314491,-275,Model snapshot; sportsbook quote age unverified,Not selected,Not selected,,0.0,False,3.0,,,,0.621952089314491,1.3636363636363638,-0.1109744236620576,-0.1518835145711485,1.6560761153407413,-152.4213390211039,False,juniorcaminero,1.0,0.36363636363636376,0.0,Resolved
2026-09-12,2026-09-12T15:31:28.426234+00:00,2026-09-12T20:05:00+00:00,822685,Keibert Ruiz,WSH,LAA,price-decision-v1,0.5357475186718671,-183,Model snapshot; sportsbook quote age unverified,Not selected,Not selected,,0.0,False,4.85,,,,0.5057475186718671,1.5464480874316942,-0.1714942744036153,-0.2178877170265661,2.0365893296023705,103.65893296023704,False,keibertruiz,1.0,0.5464480874316942,0.0,Resolved
2026-09-12,2026-09-12T15:31:28.426234+00:00,2026-09-13T00:10:00+00:00,825035,Ketel Marte,ARI,TEX,price-decision-v1,0.7062871432234525,-268,Model snapshot; sportsbook quote age unverified,Not selected,Not selected,,0.0,False,1.0,,,,0.6762871432234525,1.373134328358209,-0.0301728779618264,-0.0713669078125727,1.5230217080434385,-191.19665295363757,False,ketelmarte,0.0,-1.0,-0.0,Resolved
2026-09-12,2026-09-12T15:31:28.426234+00:00,2026-09-12T17:10:00+00:00,824224,Kevin McGonigle,DET,COL,price-decision-v1,0.6808602172535195,-262,Model snapshot; sportsbook quote age unverified,Not selected,Not selected,,0.0,True,1.0,,,,0.6508602172535195,1.381679389312977,-0.0592694708176562,-0.1007198524970456,1.5825210585866858,-171.66761360116368,False,kevinmcgonigle,1.0,0.38167938931297707,0.0,Resolved
2026-09-12,2026-09-12T15:31:28.426234+00:00,2026-09-12T20:10:00+00:00,823657,Kody Clemens,MIN,CLE,price-decision-v1,0.6150115287539188,-196,Model snapshot; sportsbook quote age unverified,Not selected,Not selected,,0.0,False,3.67,,,,0.5850115287539188,1.510204081632653,-0.071207079024694,-0.1165132014736737,1.7606490630943832,-131.46667083660333,False,kodyclemens,1.0,0.510204081632653,0.0,Resolved
2026-09-12,2026-09-12T15:31:28.426234+00:00,2026-09-12T20:10:00+00:00,824712,Kyle Isbel,KC,BOS,price-decision-v1,0.5699921675343204,-130,Model snapshot; sportsbook quote age unverified,Not selected,Not selected,,0.0,False,5.0,,,,0.5399921675343203,1.7692307692307692,0.0084476810222591,-0.044629242054664,1.907435073925468,-110.20072165318736,False,kyleisbel,0.0,-1.0,-0.0,Resolved
2026-09-12,2026-09-12T15:31:28.426234+00:00,2026-09-12T23:15:00+00:00,824870,Kyle Schwarber,PHI,ATL,price-decision-v1,0.6606383018493449,-180,Model snapshot; sportsbook quote age unverified,Not selected,Not selected,,0.0,False,1.45,,,,0.6306383018493449,1.5555555555555556,0.0276595806545365,-0.0190070860121301,1.6332658466501768,-157.91156356998536,False,kyleschwarber,0.0,-1.0,-0.0,Resolved
2026-09-12,2026-09-12T15:31:28.426234+00:00,2026-09-12T20:10:00+00:00,823819,Kyle Stowers,MIA,LAD,price-decision-v1,0.5792025943769264,-148,Model snapshot; sportsbook quote age unverified,Not selected,Not selected,,0.0,False,2.92,,,,0.5492025943769264,1.6756756756756757,-0.0294443013143395,-0.0797145715846098,1.875446348115928,-114.22744547991174,False,kylestowers,0.0,-1.0,-0.0,Resolved
2026-09-12,2026-09-12T15:31:28.426234+00:00,2026-09-12T20:10:00+00:00,823819,Kyle Tucker,LAD,MIA,price-decision-v1,0.593372483301934,-195,Model snapshot; sportsbook quote age unverified,Not selected,Not selected,,0.0,False,4.4,,,,0.563372483301934,1.5128205128205128,-0.1023339355175869,-0.1477185509022024,1.828275307241056,-120.73280360499344,False,kyletucker,0.0,-1.0,-0.0,Resolved
2026-09-12,2026-09-12T15:31:28.426234+00:00,2026-09-13T01:40:00+00:00,824955,Lawrence Butler,ATH,SEA,price-decision-v1,0.5916379144285717,-199,Model snapshot; sportsbook quote age unverified,Not selected,Not selected,,0.0,False,3.72,,,,0.5616379144285717,1.5025125628140703,-0.111056600933955,-0.1561319778183771,1.833921773333189,-119.9153244318104,False,lawrencebutler,0.0,-1.0,-0.0,Resolved
2026-09-12,2026-09-12T15:31:28.426234+00:00,2026-09-12T19:07:00+00:00,822768,Leody Taveras,BAL,TOR,price-decision-v1,0.574207303314515,-141,Model snapshot; sportsbook quote age unverified,Not selected,Not selected,,0.0,False,4.83,,,,0.544207303314515,1.7092198581560285,-0.018553474476609,-0.0698300702212899,1.8926611122760508,-112.02459547613353,False,leodytaveras,0.0,-1.0,-0.0,Resolved
2026-09-12,2026-09-12T15:31:28.426234+00:00,2026-09-12T20:05:00+00:00,823170,Luis Campusano,SD,SF,price-decision-v1,0.6012251124512259,-193,Model snapshot; sportsbook quote age unverified,Not selected,Not selected,,0.0,False,4.0,,,,0.5712251124512259,1.5181347150259068,-0.0872592852424394,-0.1328033266932166,1.8031420145029893,-124.51098086542429,False,luiscampusano,1.0,0.5181347150259068,0.0,Resolved
2026-09-12,2026-09-12T15:31:28.426234+00:00,2026-09-12T20:10:00+00:00,823657,Luke Keaschall,MIN,CLE,price-decision-v1,0.617709315961932,-230,Model snapshot; sportsbook quote age unverified,Not selected,Not selected,,0.0,False,1.57,,,,0.587709315961932,1.434782608695652,-0.1137214162285323,-0.156764894489402,1.752567080401218,-132.8785202067127,False,lukekeaschall,1.0,0.4347826086956521,0.0,Resolved
2026-09-12,2026-09-12T15:31:28.426234+00:00,2026-09-12T20:05:00+00:00,823170,Manny Machado,SD,SF,price-decision-v1,0.5995748207279342,-256,Model snapshot; sportsbook quote age unverified,Not selected,Not selected,,0.0,False,3.27,,,,0.5695748207279342,1.390625,-0.1662162649252164,-0.2079350149252165,1.808366456023509,-123.70627115320548,False,mannymachado,0.0,-1.0,-0.0,Resolved
2026-09-12,2026-09-12T15:31:28.426234+00:00,2026-09-12T23:15:00+00:00,823009,Masyn Winn,STL,CWS,price-decision-v1,0.5957824805423279,-174,Model snapshot; sportsbook quote age unverified,Not selected,Not selected,,0.0,False,3.67,,,,0.5657824805423278,1.5747126436781609,-0.0618137950080585,-0.1090551743184032,1.820487617454501,-121.87874365519642,False,masynwinn,1.0,0.5747126436781609,0.0,Resolved
2026-09-12,2026-09-12T15:31:28.426234+00:00,2026-09-12T23:10:00+00:00,823737,Matt McLain,CIN,MIL,price-decision-v1,0.5707049050436185,-115,Model snapshot; sportsbook quote age unverified,Not selected,Not selected,,0.0,False,2.67,,,,0.5407049050436185,1.869565217391304,0.0669700398641561,0.0108830833424169,1.9049207624941196,-110.50691303002328,False,mattmclain,,,,Pending
2026-09-12,2026-09-12T15:31:28.426234+00:00,2026-09-12T23:15:00+00:00,824870,Matt Olson,ATL,PHI,price-decision-v1,0.6571552458093176,-177,Model snapshot; sportsbook quote age unverified,Not selected,Not selected,,0.0,False,3.08,,,,0.6271552458093176,1.5649717514124295,0.0284293959840733,-0.0185197565582995,1.6423365775579668,-155.68162158876223,False,mattolson,0.0,-1.0,-0.0,Resolved
2026-09-12,2026-09-12T15:31:28.426234+00:00,2026-09-12T23:15:00+00:00,824870,Mauricio Dubon,ATL,PHI,price-decision-v1,0.6149053006046026,-210,Model snapshot; sportsbook quote age unverified,Not selected,Not selected,,0.0,False,3.8,,,,0.5849053006046026,1.4761904761904765,-0.0922826514884437,-0.1365683657741581,1.760968825099232,-131.41142803972264,False,mauriciodubon,1.0,0.4761904761904765,0.0,Resolved
2026-09-12,2026-09-12T15:31:28.426234+00:00,2026-09-13T01:40:00+00:00,824955,Max Muncy (ATH),ATH,SEA,price-decision-v1,0.65128338041908,-162,Model snapshot; sportsbook quote age unverified,Not selected,Not selected,,0.0,False,4.59,,,,0.6212833804190799,1.617283950617284,0.053310158455549,0.0047916399370304,1.657858607621573,-152.00834775354045,False,maxmuncyath,1.0,0.617283950617284,0.0,Resolved
2026-09-12,2026-09-12T15:31:28.426234+00:00,2026-09-12T18:20:00+00:00,824630,Michael Busch,CHC,PIT,price-decision-v1,0.5710745298339834,-207,Model snapshot; sportsbook quote age unverified,Not selected,Not selected,,0.0,False,3.34,,,,0.5410745298339834,1.4830917874396137,-0.1530440547872806,-0.197536808410469,1.9036194520485603,-110.66605502271324,False,michaelbusch,1.0,0.4830917874396137,0.0,Resolved
2026-09-12,2026-09-12T15:31:28.426234+00:00,2026-09-12T18:20:00+00:00,824630,Michael Conforto,CHC,PIT,price-decision-v1,0.5802881996131108,-111,Model snapshot; sportsbook quote age unverified,Not selected,Not selected,,0.0,False,3.83,,,,0.5502881996131108,1.900900900900901,0.1030703614267243,0.0460433343996971,1.8717464788889864,-114.71224997369286,True,michaelconforto,0.0,-1.0,-0.0,Resolved
2026-09-12,2026-09-12T15:31:28.426234+00:00,2026-09-12T20:10:00+00:00,824712,Michael Massey,KC,BOS,price-decision-v1,0.5871426643717633,-168,Model snapshot; sportsbook quote age unverified,Not selected,Not selected,,0.0,False,4.76,,,,0.5571426643717633,1.5952380952380951,-0.0633676544545679,-0.1112247973117108,1.8487185883734696,-117.82468461265286,False,michaelmassey,1.0,0.5952380952380951,0.0,Resolved
2026-09-12,2026-09-12T15:31:28.426234+00:00,2026-09-12T23:15:00+00:00,823009,Miguel Vargas,CWS,STL,price-decision-v1,0.6865518960170981,-244,Model snapshot; sportsbook quote age unverified,Not selected,Not selected,,0.0,False,2.61,,,,0.6565518960170981,1.4098360655737705,-0.032074376107042,-0.0743694580742552,1.5688021103105254,-175.80806784526015,False,miguelvargas,1.0,0.4098360655737705,0.0,Resolved
2026-09-12,2026-09-12T15:31:28.426234+00:00,2026-09-12T20:05:00+00:00,822685,Mike Trout,LAA,WSH,price-decision-v1,0.6671548797361025,-205,Model snapshot; sportsbook quote age unverified,Not selected,Not selected,,0.0,False,2.0,,,,0.6371548797361025,1.4878048780487805,-0.0074037155145791,-0.0520378618560426,1.6165614244790945,-162.18984196827685,False,miketrout,0.0,-1.0,-0.0,Resolved
2026-09-12,2026-09-12T15:31:28.426234+00:00,2026-09-12T20:10:00+00:00,823819,Mookie Betts,LAD,MIA,price-decision-v1,0.6125272655703865,-250,Model snapshot; sportsbook quote age unverified,Not selected,Not selected,,0.0,False,3.81,,,,0.5825272655703865,1.4,-0.1424618282014589,-0.1844618282014589,1.7681575796996676,-130.18162242062073,False,mookiebetts,1.0,0.3999999999999999,0.0,Resolved
2026-09-12,2026-09-12T15:31:28.426234+00:00,2026-09-12T23:15:00+00:00,823009,Munetaka Murakami,CWS,STL,price-decision-v1,0.654546424933596,-162,Model snapshot; sportsbook quote age unverified,Not selected,Not selected,,0.0,False,2.14,,,,0.624546424933596,1.617283950617284,0.0585874279790257,0.010068909460507,1.649196855317062,-154.03648243360774,False,munetakamurakami,1.0,0.617283950617284,0.0,Resolved
2026-09-12,2026-09-12T15:31:28.426234+00:00,2026-09-12T23:15:00+00:00,823009,Nathan Church,STL,CWS,price-decision-v1,0.5858376486282413,-159,Model snapshot; sportsbook quote age unverified,Not selected,Not selected,,0.0,False,4.38,,,,0.5558376486282413,1.6289308176100628,-0.0457110000332422,-0.0945789245615441,1.8530590767680997,-117.22517551640163,False,nathanchurch,1.0,0.6289308176100628,0.0,Resolved
2026-09-12,2026-09-12T15:31:28.426234+00:00,2026-09-12T19:07:00+00:00,822768,Nathan Lukes,TOR,BAL,price-decision-v1,0.5933815241364658,-244,Model snapshot; sportsbook quote age unverified,Not selected,Not selected,,0.0,True,5.0,,,,0.5633815241364658,1.4098360655737705,-0.1634293266272777,-0.2057244085944908,1.8282459680919656,-120.73708035110694,False,nathanlukes,1.0,0.4098360655737705,0.0,Resolved
2026-09-12,2026-09-12T15:31:28.426234+00:00,2026-09-12T20:10:00+00:00,824712,Nick Loftin,KC,BOS,price-decision-v1,0.6101386598739131,-163,Model snapshot; sportsbook quote age unverified,Not selected,Not selected,,0.0,False,2.38,,,,0.5801386598739131,1.6134969325153374,-0.0155431438844223,-0.0639480518598825,1.7754376173169697,-128.95943885983002,False,nickloftin,0.0,-1.0,-0.0,Resolved
2026-09-12,2026-09-12T15:31:28.426234+00:00,2026-09-12T18:20:00+00:00,824630,Nico Hoerner,CHC,PIT,price-decision-v1,0.6240862904394808,-258,Model snapshot; sportsbook quote age unverified,Not selected,Not selected,,0.0,False,2.97,,,,0.5940862904394808,1.3875968992248062,-0.1340197985374646,-0.1756477055142088,1.7337548712629745,-136.28529624324696,False,nicohoerner,1.0,0.3875968992248062,0.0,Resolved
2026-09-12,2026-09-12T15:31:28.426234+00:00,2026-09-13T00:10:00+00:00,825035,Nolan Arenado,ARI,TEX,price-decision-v1,0.6259543771350067,-176,Model snapshot; sportsbook quote age unverified,Not selected,Not selected,,0.0,False,4.0,,,,0.5959543771350067,1.5681818181818183,-0.0183897267655576,-0.0654351813110122,1.7283202196645084,-137.3022432990584,False,nolanarenado,0.0,-1.0,-0.0,Resolved
2026-09-12,2026-09-12T15:31:28.426234+00:00,2026-09-12T23:15:00+00:00,823009,Nolan Gorman,STL,CWS,price-decision-v1,0.5635159187781554,-140,Model snapshot; sportsbook quote age unverified,Not selected,Not selected,,0.0,False,5.0,,,,0.5335159187781554,1.7142857142857144,-0.0339727106660191,-0.0854012820945906,1.9305890672557249,-107.45881669864936,False,nolangorman,1.0,0.7142857142857144,0.0,Resolved
2026-09-12,2026-09-12T15:31:28.426234+00:00,2026-09-12T18:20:00+00:00,824630,Oneil Cruz,PIT,CHC,price-decision-v1,0.6320647177312549,-228,Model snapshot; sportsbook quote age unverified,Not selected,Not selected,,0.0,False,4.03,,,,0.6020647177312549,1.4385964912280702,-0.090713914842756,-0.1338718095795982,1.710779538587351,-140.690600349507,False,oneilcruz,0.0,-1.0,-0.0,Resolved
2026-09-12,2026-09-12T15:31:28.426234+00:00,2026-09-12T20:10:00+00:00,823819,Otto Lopez,MIA,LAD,price-decision-v1,0.6256953688497993,-193,Model snapshot; sportsbook quote age unverified,Not selected,Not selected,,0.0,False,2.41,,,,0.5956953688497992,1.5181347150259068,-0.0501101395181803,-0.0956541809689576,1.7290716931185477,-137.16072224976637,False,ottolopez,1.0,0.5181347150259068,0.0,Resolved
2026-09-12,2026-09-12T15:31:28.426234+00:00,2026-09-12T20:10:00+00:00,823819,Owen Caissie,MIA,LAD,price-decision-v1,0.5223088239460427,124,Model snapshot; sportsbook quote age unverified,Not selected,Not selected,,0.0,False,3.92,,,,0.4923088239460427,2.24,0.1699717656391357,0.1027717656391358,2.092182690824344,109.21826908243442,True,owencaissie,0.0,-1.0,-0.0,Resolved
2026-09-12,2026-09-12T15:31:28.426234+00:00,2026-09-12T23:15:00+00:00,824870,Ozzie Albies,ATL,PHI,price-decision-v1,0.6061287900295819,-204,Model snapshot; sportsbook quote age unverified,Not selected,Not selected,,0.0,False,3.41,,,,0.5761287900295818,1.4901960784313726,-0.0967492540735642,-0.1414551364265054,1.7877947046303897,-126.93662373234292,False,ozziealbies,1.0,0.4901960784313726,0.0,Resolved
2026-09-12,2026-09-12T15:31:28.426234+00:00,2026-09-12T17:35:00+00:00,823496,Paul Goldschmidt,NYY,NYM,price-decision-v1,0.6559779159940036,-226,Model snapshot; sportsbook quote age unverified,Not selected,Not selected,,0.0,True,1.0,,,,0.6259779159940035,1.4424778761061947,-0.0537663689644019,-0.0970407052475877,1.645425459402096,-154.9365593551844,False,paulgoldschmidt,1.0,0.4424778761061947,0.0,Resolved
2026-09-12,2026-09-12T15:31:28.426234+00:00,2026-09-12T19:07:00+00:00,822768,Pete Alonso,BAL,TOR,price-decision-v1,0.6207727271216924,-226,Model snapshot; sportsbook quote age unverified,Not selected,Not selected,,0.0,False,3.02,,,,0.5907727271216924,1.4424778761061947,-0.1045490750368507,-0.1478234113200366,1.7434792648913733,-134.50274233890113,False,petealonso,1.0,0.4424778761061947,0.0,Resolved
2026-09-12,2026-09-12T15:31:28.426234+00:00,2026-09-12T20:05:00+00:00,823170,Rafael Devers,SF,SD,price-decision-v1,0.5735074610135779,-197,Model snapshot; sportsbook quote age unverified,Not selected,Not selected,,0.0,False,3.31,,,,0.5435074610135778,1.5076142131979695,-0.1353720004008496,-0.1806004267967887,1.895098179662834,-111.71958816592394,False,rafaeldevers,1.0,0.5076142131979695,0.0,Resolved
2026-09-12,2026-09-12T15:31:28.426234+00:00,2026-09-12T22:10:00+00:00,822927,Richie Palacios,TB,HOU,price-decision-v1,0.5762455981752492,-119,Model snapshot; sportsbook quote age unverified,Not selected,Not selected,,0.0,False,4.35,,,,0.5462455981752492,1.8403361344537816,0.0604855966418453,0.0052755126082317,1.88559871867297,-112.9179592195498,False,richiepalacios,1.0,0.8403361344537816,0.0,Resolved
2026-09-12,2026-09-12T15:31:28.426234+00:00,2026-09-12T17:10:00+00:00,824224,Riley Greene,DET,COL,price-decision-v1,0.6192353298198477,-243,Model snapshot; sportsbook quote age unverified,Not selected,Not selected,,0.0,True,4.0,,,,0.5892353298198477,1.411522633744856,-0.125935316344824,-0.1682809953571697,1.7480282458876173,-133.68479138289632,False,rileygreene,1.0,0.4115226337448561,0.0,Resolved
2026-09-12,2026-09-12T15:31:28.426234+00:00,2026-09-12T23:15:00+00:00,824870,Ronald Acuna Jr.,ATL,PHI,price-decision-v1,0.6513106732789414,-230,Model snapshot; sportsbook quote age unverified,Not selected,Not selected,,0.0,False,1.52,,,,0.6213106732789414,1.434782608695652,-0.0655107731215188,-0.1085542513823885,1.6577857814098342,-152.02517723273024,False,ronaldacunajr,1.0,0.4347826086956521,0.0,Resolved
2026-09-12,2026-09-12T15:31:28.426234+00:00,2026-09-12T20:10:00+00:00,823657,Royce Lewis,MIN,CLE,price-decision-v1,0.5863782912700651,-167,Model snapshot; sportsbook quote age unverified,Not selected,Not selected,,0.0,False,4.56,,,,0.5563782912700651,1.598802395209581,-0.0624969834185187,-0.1104610552748062,1.8512584264364116,-117.4731396417724,False,roycelewis,1.0,0.5988023952095809,0.0,Resolved
2026-09-12,2026-09-12T15:31:28.426234+00:00,2026-09-12T20:10:00+00:00,823657,Ryan Jeffers,MIN,CLE,price-decision-v1,0.6386082141650316,-197,Model snapshot; sportsbook quote age unverified,Not selected,Not selected,,0.0,False,2.81,,,,0.6086082141650315,1.5076142131979695,-0.0372251796598255,-0.0824536060557646,1.6923859652684592,-144.42811526548917,False,ryanjeffers,,,,Pending
2026-09-12,2026-09-12T15:31:28.426234+00:00,2026-09-12T18:20:00+00:00,824630,Ryan O'Hearn,PIT,CHC,price-decision-v1,0.6243966515543652,-219,Model snapshot; sportsbook quote age unverified,Not selected,Not selected,,0.0,False,4.57,,,,0.5943966515543652,1.45662100456621,-0.0904907221651027,-0.1341893523020891,1.7328496001895686,-136.45364611529115,False,ryanohearn,1.0,0.45662100456621,0.0,Resolved
2026-09-12,2026-09-12T15:31:28.426234+00:00,2026-09-13T00:10:00+00:00,825035,Ryan Waldschmidt,ARI,TEX,price-decision-v1,0.6090555427160935,-139,Model snapshot; sportsbook quote age unverified,Not selected,Not selected,,0.0,False,4.57,,,,0.5790555427160935,1.7194244604316546,0.0472249979075276,-0.0043577359054219,1.7787585542635953,-128.40950439968054,False,ryanwaldschmidt,0.0,-1.0,-0.0,Resolved
2026-09-12,2026-09-12T15:31:28.426234+00:00,2026-09-12T23:10:00+00:00,823737,Sal Frelick,MIL,CIN,price-decision-v1,0.6212973428950871,-225,Model snapshot; sportsbook quote age unverified,Not selected,Not selected,,0.0,False,3.67,,,,0.5912973428950871,1.4444444444444444,-0.1025705047070963,-0.1459038380404298,1.7419324006378143,-134.78316880895528,False,salfrelick,0.0,-1.0,-0.0,Resolved
2026-09-12,2026-09-12T15:31:28.426234+00:00,2026-09-12T23:10:00+00:00,823737,Sal Stewart,CIN,MIL,price-decision-v1,0.6402980382561969,-199,Model snapshot; sportsbook quote age unverified,Not selected,Not selected,,0.0,False,2.66,,,,0.6102980382561969,1.5025125628140703,-0.0379441535748599,-0.0830195304592821,1.687700001368211,-145.41224342161604,False,salstewart,1.0,0.5025125628140703,0.0,Resolved
2026-09-12,2026-09-12T15:31:28.426234+00:00,2026-09-12T20:10:00+00:00,824712,Salvador Perez,KC,BOS,price-decision-v1,0.5828067951862062,-208,Model snapshot; sportsbook quote age unverified,Not selected,Not selected,,0.0,False,4.0,,,,0.5528067951862061,1.4807692307692308,-0.1369976302050408,-0.1814207071281178,1.8632187754730063,-115.84548765775436,False,salvadorperez,1.0,0.48076923076923084,0.0,Resolved
2026-09-12,2026-09-12T15:31:28.426234+00:00,2026-09-12T23:15:00+00:00,823009,Sam Antonacci,CWS,STL,price-decision-v1,0.7078210098083639,-258,Model snapshot; sportsbook quote age unverified,Not selected,Not selected,,0.0,False,1.16,,,,0.6778210098083639,1.3875968992248062,-0.017829761583743,-0.0594576685604872,1.5195752050990652,-192.4649194546022,False,samantonacci,1.0,0.3875968992248062,0.0,Resolved
2026-09-12,2026-09-12T15:31:28.426234+00:00,2026-09-12T19:07:00+00:00,822768,Samuel Basallo,BAL,TOR,price-decision-v1,0.5934813855546354,-166,Model snapshot; sportsbook quote age unverified,Not selected,Not selected,,0.0,False,4.76,,,,0.5634813855546353,1.6024096385542168,-0.0489997074847409,-0.0970719966413674,1.8279219622954712,-120.78433059408528,False,samuelbasallo,0.0,-1.0,-0.0,Resolved
2026-09-12,2026-09-12T15:31:28.426234+00:00,2026-09-12T18:20:00+00:00,824630,Seiya Suzuki,CHC,PIT,price-decision-v1,0.6019409982749536,-199,Model snapshot; sportsbook quote age unverified,Not selected,Not selected,,0.0,False,2.8,,,,0.5719409982749536,1.5025125628140703,-0.0955760880190396,-0.1406514649034617,1.800885061757437,-124.86186192630832,False,seiyasuzuki,0.0,-1.0,-0.0,Resolved
2026-09-12,2026-09-12T15:31:28.426234+00:00,2026-09-12T18:20:00+00:00,824630,Spencer Horwitz,PIT,CHC,price-decision-v1,0.6037342937096577,-179,Model snapshot; sportsbook quote age unverified,Not selected,Not selected,,0.0,False,2.17,,,,0.5737342937096577,1.558659217877095,-0.0589839779609245,-0.1057437544972373,1.7952561164510743,-125.7456534207646,False,spencerhorwitz,1.0,0.558659217877095,0.0,Resolved
2026-09-12,2026-09-12T15:31:28.426234+00:00,2026-09-12T20:10:00+00:00,823657,Steven Kwan,CLE,MIN,price-decision-v1,0.5920753727562428,-264,Model snapshot; sportsbook quote age unverified,Not selected,Not selected,,0.0,False,1.0,,,,0.5620753727562428,1.378787878787879,-0.1836536527148773,-0.2250172890785137,1.8324944481185867,-120.12092119772942,False,stevenkwan,1.0,0.3787878787878789,0.0,Resolved
2026-09-12,2026-09-12T15:31:28.426234+00:00,2026-09-12T20:10:00+00:00,823819,Teoscar Hernandez,LAD,MIA,price-decision-v1,0.588560415410352,-208,Model snapshot; sportsbook quote age unverified,Not selected,Not selected,,0.0,False,4.43,,,,0.558560415410352,1.4807692307692308,-0.1284778464115941,-0.1729009233346711,1.8440261278510048,-118.47974452474878,False,teoscarhernandez,0.0,-1.0,-0.0,Resolved
2026-09-12,2026-09-12T15:31:28.426234+00:00,2026-09-12T23:15:00+00:00,823009,Thomas Saggese,STL,CWS,price-decision-v1,0.5657612970557612,-181,Model snapshot; sportsbook quote age unverified,Not selected,Not selected,,0.0,False,5.0,,,,0.5357612970557611,1.5524861878453038,-0.1216634007034868,-0.168237986338846,1.922497958811682,-108.40132386722595,False,thomassaggese,1.0,0.5524861878453038,0.0,Resolved
2026-09-12,2026-09-12T15:31:28.426234+00:00,2026-09-13T00:10:00+00:00,825035,Tim Tawa,ARI,TEX,price-decision-v1,0.5997500976473737,-164,Model snapshot; sportsbook quote age unverified,Not selected,Not selected,,0.0,False,4.14,,,,0.5697500976473737,1.6097560975609757,-0.0345486232993494,-0.0828413062261788,1.807810133342849,-123.79146518772154,False,timtawa,1.0,0.6097560975609757,0.0,Resolved
2026-09-12,2026-09-12T15:31:28.426234+00:00,2026-09-12T17:10:00+00:00,824224,TJ Rumfield,COL,DET,price-decision-v1,0.6245067849931539,-190,Model snapshot; sportsbook quote age unverified,On card,Locked,1.0,21.0,True,4.0,,,,0.5945067849931539,1.526315789473684,-0.046805433431502,-0.0925949071157125,1.732528586720606,-136.51344372467616,False,tjrumfield,1.0,0.5263157894736841,11.052631578947366,Resolved
2026-09-12,2026-09-12T15:31:28.426234+00:00,2026-09-12T20:05:00+00:00,822685,Travis d'Arnaud,LAA,WSH,price-decision-v1,0.5560704441105919,100,Model snapshot; sportsbook quote age unverified,Not selected,Not selected,,0.0,False,5.0,,,,0.5260704441105919,2.0,0.1121408882211838,0.0521408882211837,1.957912693121134,-104.39364747759362,True,travisdarnaud,,,,Pending
2026-09-12,2026-09-12T15:31:28.426234+00:00,2026-09-12T23:15:00+00:00,824870,Trea Turner,PHI,ATL,price-decision-v1,0.6277742225524533,-267,Model snapshot; sportsbook quote age unverified,Not selected,Not selected,,0.0,False,1.53,,,,0.5977742225524533,1.3745318352059923,-0.1371043457799612,-0.1783403008361409,1.7230585748612135,-138.3013817645332,False,treaturner,1.0,0.3745318352059923,0.0,Resolved
2026-09-12,2026-09-12T15:31:28.426234+00:00,2026-09-12T20:10:00+00:00,823657,Trevor Larnach,MIN,CLE,price-decision-v1,0.6035669775344666,-124,Model snapshot; sportsbook quote age unverified,Not selected,Not selected,,0.0,False,1.74,,,,0.5735669775344666,1.8064516129032255,0.0903145400622622,0.0361209916751654,1.7957798135930962,-125.6629010837572,True,trevorlarnach,,,,Pending
2026-09-12,2026-09-12T15:31:28.426234+00:00,2026-09-12T20:10:00+00:00,824712,Trevor Story,BOS,KC,price-decision-v1,0.5760828048708958,-263,Model snapshot; sportsbook quote age unverified,Not selected,Not selected,,0.0,False,4.57,,,,0.5460828048708958,1.3802281368821292,-0.2048743035432123,-0.2462811476496762,1.8861608364385527,-112.84633205174832,False,trevorstory,1.0,0.3802281368821292,0.0,Resolved
2026-09-12,2026-09-12T15:31:28.426234+00:00,2026-09-12T23:10:00+00:00,823737,Tyler Stephenson,CIN,MIL,price-decision-v1,0.570685359606262,-150,Model snapshot; sportsbook quote age unverified,Not selected,Not selected,,0.0,False,4.28,,,,0.540685359606262,1.6666666666666663,-0.0488577339895633,-0.0988577339895634,1.90498962418747,-110.49850443289154,False,tylerstephenson,1.0,0.6666666666666663,0.0,Resolved
2026-09-12,2026-09-12T15:31:28.426234+00:00,2026-09-12T20:05:00+00:00,822685,Vaughn Grissom,LAA,WSH,price-decision-v1,0.6160013533330998,-216,Model snapshot; sportsbook quote age unverified,Not selected,Not selected,,0.0,False,3.75,,,,0.5860013533330998,1.462962962962963,-0.0988128349386132,-0.1427017238275021,1.7576751216383606,-131.98268907624254,False,vaughngrissom,1.0,0.462962962962963,0.0,Resolved
2026-09-12,2026-09-12T15:31:28.426234+00:00,2026-09-12T20:10:00+00:00,824712,Vinnie Pasquantino,KC,BOS,price-decision-v1,0.6059656699542633,-205,Model snapshot; sportsbook quote age unverified,Not selected,Not selected,,0.0,False,4.0,,,,0.5759656699542632,1.4878048780487805,-0.0984413203119497,-0.1430754666534132,1.7883010285696217,-126.85509263060432,False,vinniepasquantino,1.0,0.4878048780487805,0.0,Resolved
2026-09-12,2026-09-12T15:31:28.426234+00:00,2026-09-12T20:10:00+00:00,823819,Will Smith (LAD),LAD,MIA,price-decision-v1,0.6115897841696494,-229,Model snapshot; sportsbook quote age unverified,Not selected,Not selected,,0.0,False,4.33,,,,0.5815897841696493,1.4366812227074237,-0.1213404410837787,-0.1644408777650015,1.7710077240619992,-129.70038675249208,False,willsmithlad,0.0,-1.0,-0.0,Resolved
2026-09-12,2026-09-12T15:31:28.426234+00:00,2026-09-12T23:10:00+00:00,823737,William Contreras,MIL,CIN,price-decision-v1,0.6760268987702994,-236,Model snapshot; sportsbook quote age unverified,Not selected,Not selected,,0.0,False,3.68,,,,0.6460268987702994,1.423728813559322,-0.0375210254795737,-0.0802328898863534,1.594360857048811,-168.24795713589134,False,williamcontreras,1.0,0.423728813559322,0.0,Resolved
2026-09-12,2026-09-12T15:31:28.426234+00:00,2026-09-13T00:10:00+00:00,825035,Wyatt Langford,TEX,ARI,price-decision-v1,0.6010037672733871,-179,Model snapshot; sportsbook quote age unverified,Not selected,Not selected,,0.0,False,2.46,,,,0.5710037672733871,1.558659217877095,-0.0632399381604748,-0.1099997146967877,1.8038409885076168,-124.40271326006462,False,wyattlangford,1.0,0.558659217877095,0.0,Resolved
2026-09-12,2026-09-12T15:31:28.426234+00:00,2026-09-12T22:10:00+00:00,822927,Yainer Diaz,HOU,TB,price-decision-v1,0.5759201308421928,-188,Model snapshot; sportsbook quote age unverified,Not selected,Not selected,,0.0,False,5.0,,,,0.5459201308421928,1.5319148936170213,-0.1177393740289811,-0.1636968208374918,1.8867228772293403,-112.77480548653551,False,yainerdiaz,1.0,0.5319148936170213,0.0,Resolved
2026-09-12,2026-09-12T15:31:28.426234+00:00,2026-09-12T22:10:00+00:00,822927,Yordan Alvarez,HOU,TB,price-decision-v1,0.7241996312528824,-248,Model snapshot; sportsbook quote age unverified,Not selected,Not selected,,0.0,False,2.09,,,,0.6941996312528824,1.403225806451613,0.0162156115967866,-0.0258811625967616,1.4837230583673309,-206.72985972081105,False,yordanalvarez,,,,Pending
2026-09-12,2026-09-12T15:31:28.426234+00:00,2026-09-12T17:10:00+00:00,824224,Zach McKinstry,DET,COL,price-decision-v1,0.559998131710024,-164,Model snapshot; sportsbook quote age unverified,Not selected,Not selected,,0.0,False,4.33,,,,0.529998131710024,1.6097560975609757,-0.0985395928570345,-0.1468322757838638,1.943403077057525,-105.99923026740603,False,zachmckinstry,,,,No PA - excluded (book settlement unverified)
2026-09-12,2026-09-12T15:31:28.426234+00:00,2026-09-12T20:05:00+00:00,822685,Zach Neto,LAA,WSH,price-decision-v1,0.6091100272997364,-232,Model snapshot; sportsbook quote age unverified,Not selected,Not selected,,0.0,False,1.34,,,,0.5791100272997364,1.4310344827586206,-0.1283425471400324,-0.1712735816227911,1.778591202785186,-128.43710491754695,False,zachneto,0.0,-1.0,-0.0,Resolved
2026-09-12,2026-09-12T15:31:28.426234+00:00,2026-09-13T01:40:00+00:00,824955,Zack Gelof,ATH,SEA,price-decision-v1,0.6091623867738792,-205,Model snapshot; sportsbook quote age unverified,Not selected,Not selected,,0.0,False,2.74,,,,0.5791623867738792,1.4878048780487805,-0.0936852294339846,-0.138319375775448,1.7784304083306088,-128.46363519438566,False,zackgelof,0.0,-1.0,-0.0,Resolved
2026-09-12,2026-09-12T16:30:47.243860+00:00,2026-09-12T23:15:00+00:00,823009,Alec Burleson,STL,CWS,price-decision-v1,0.6483379911694565,-274,Model snapshot; sportsbook quote age unverified,Not selected,Not selected,,0.0,False,3.41,,,,0.6183379911694564,1.364963503649635,-0.1150423040241725,-0.1559912091336617,1.6657556461183494,-150.20526011764878,False,alecburleson,0.0,-1.0,-0.0,Resolved
2026-09-12,2026-09-12T16:30:47.243860+00:00,2026-09-12T20:10:00+00:00,823819,Freddie Freeman,LAD,MIA,price-decision-v1,0.648114202826032,-266,Model snapshot; sportsbook quote age unverified,Not selected,Not selected,,0.0,False,3.01,,,,0.618114202826032,1.3759398496240602,-0.1082338412243317,-0.1495120367130535,1.6663587332095215,-150.0693170454138,False,freddiefreeman,0.0,-1.0,-0.0,Resolved
2026-09-12,2026-09-12T16:30:47.243860+00:00,2026-09-12T19:07:00+00:00,822768,Jackson Holliday,BAL,TOR,price-decision-v1,0.6076591234925265,-205,Model snapshot; sportsbook quote age unverified,Not selected,Not selected,,0.0,True,3.0,,,,0.5776591234925265,1.4878048780487805,-0.0959217918769728,-0.1405559382184362,1.7830584822630708,-127.70438257816446,False,jacksonholliday,0.0,-1.0,-0.0,Resolved
2026-09-12,2026-09-12T16:30:47.243860+00:00,2026-09-12T18:20:00+00:00,824630,Konnor Griffin,PIT,CHC,price-decision-v1,0.6151561174050726,-246,Model snapshot; sportsbook quote age unverified,Not selected,Not selected,,0.0,True,4.0,,,,0.5851561174050726,1.4065040650406504,-0.1347804202351418,-0.1769755421863613,1.7602140170175913,-131.54190499184918,False,konnorgriffin,0.0,-1.0,-0.0,Resolved
2026-09-12,2026-09-12T17:00:42.739283+00:00,2026-09-12T20:05:00+00:00,823170,Jonah Cox,SF,SD,price-decision-v1,0.5681387086825357,-136,Model snapshot; sportsbook quote age unverified,Not selected,Not selected,,0.0,True,4.0,,,,0.5381387086825357,1.7352941176470589,-0.0141122408155998,-0.0661710643450116,1.9140046671640345,-109.4086316979968,False,jonahcox,1.0,0.7352941176470589,0.0,Resolved
2026-09-12,2026-09-12T17:00:42.739283+00:00,2026-09-12T20:05:00+00:00,823170,Turner Hill,SF,SD,price-decision-v1,0.5678310810756807,-153,Model snapshot; sportsbook quote age unverified,Not selected,Not selected,,0.0,True,5.0,,,,0.5378310810756807,1.65359477124183,-0.0610374933846588,-0.1106453365219136,1.915099435941792,-109.27774192875896,False,turnerhill,0.0,-1.0,-0.0,Resolved
2026-09-12,2026-09-12T17:30:46.624563+00:00,2026-09-12T20:05:00+00:00,822685,Abimelec Ortiz,WSH,LAA,price-decision-v1,0.5830689312579311,-164,Model snapshot; sportsbook quote age unverified,Not selected,Not selected,,0.0,True,2.0,,,,0.5530689312579311,1.6097560975609757,-0.0614012326091839,-0.1096939155360132,1.8623356724401603,-115.96412301607438,False,abimelecortiz,1.0,0.6097560975609757,0.0,Resolved
2026-09-12,2026-09-12T17:30:46.624563+00:00,2026-09-12T20:05:00+00:00,822685,Christian Moore,LAA,WSH,price-decision-v1,0.5802400666192008,-172,Model snapshot; sportsbook quote age unverified,Not selected,Not selected,,0.0,True,5.0,,,,0.5502400666192008,1.5813953488372094,-0.0824110574394033,-0.1298529179045195,1.871910212443366,-114.69070848449935,False,christianmoore,0.0,-1.0,-0.0,Resolved
2026-09-12,2026-09-12T17:30:46.624563+00:00,2026-09-12T20:05:00+00:00,822685,Dylan Crews,WSH,LAA,price-decision-v1,0.5799850056472942,-186,Model snapshot; sportsbook quote age unverified,Not selected,Not selected,,0.0,True,3.0,,,,0.5499850056472941,1.5376344086021505,-0.1081950988434079,-0.1543241311014724,1.8727783292705615,-114.5766303381714,False,dylancrews,0.0,-1.0,-0.0,Resolved
2026-09-12,2026-09-12T17:30:46.624563+00:00,2026-09-12T20:05:00+00:00,822685,Jose Siri,LAA,WSH,price-decision-v1,0.5975540433174126,-168,Model snapshot; sportsbook quote age unverified,Not selected,Not selected,,0.0,True,3.0,,,,0.5675540433174125,1.5952380952380951,-0.0467590261365084,-0.0946161689936513,1.814805148738863,-122.72872864730634,False,josesiri,1.0,0.5952380952380951,0.0,Resolved
2026-09-12,2026-09-12T17:30:46.624563+00:00,2026-09-12T20:10:00+00:00,823819,Tommy Edman,LAD,MIA,price-decision-v1,0.6313018720134442,-264,Model snapshot; sportsbook quote age unverified,Not selected,Not selected,,0.0,True,1.0,,,,0.6013018720134442,1.378787878787879,-0.1295686310117662,-0.1709322673754025,1.712949930707967,-140.26230411538006,False,tommyedman,0.0,-1.0,-0.0,Resolved
2026-09-12,2026-09-12T17:30:46.624563+00:00,2026-09-12T19:07:00+00:00,822768,Vladimir Guerrero Jr.,TOR,BAL,price-decision-v1,0.6492221356965393,-272,Model snapshot; sportsbook quote age unverified,Not selected,Not selected,,0.0,True,3.0,,,,0.6192221356965393,1.3676470588235294,-0.1120932555914977,-0.1531226673562036,1.663377228660265,-150.74379354557698,False,vladimirguerrerojr,1.0,0.36764705882352944,0.0,Resolved
2026-09-12,2026-09-12T19:00:48.523775+00:00,2026-09-12T22:10:00+00:00,822927,Victor Mesa Jr.,TB,HOU,price-decision-v1,0.5825875714635264,-163,Model snapshot; sportsbook quote age unverified,Not selected,Not selected,,0.0,True,5.0,,,,0.5525875714635263,1.6134969325153374,-0.0599967405220402,-0.1084016484975004,1.863957955608825,-115.74637324744664,False,victormesajr,1.0,0.6134969325153374,0.0,Resolved
2026-09-12,2026-09-12T20:01:07.602186+00:00,2026-09-12T23:15:00+00:00,823009,Joshua Baez,STL,CWS,price-decision-v1,0.5904331591624706,-189,Model snapshot; sportsbook quote age unverified,Not selected,Not selected,,0.0,True,4.0,,,,0.5604331591624706,1.529100529100529,-0.0971683439261692,-0.1430413597991852,1.83786412913052,-119.35109348072152,False,joshuabaez,0.0,-1.0,-0.0,Resolved
2026-09-12,2026-09-12T20:01:07.602186+00:00,2026-09-12T23:15:00+00:00,823009,Kyle Teel,CWS,STL,price-decision-v1,0.6413457062774884,-212,Model snapshot; sportsbook quote age unverified,Not selected,Not selected,,0.0,True,2.0,,,,0.6113457062774884,1.4716981132075473,-0.0561327341576584,-0.1002836775538849,1.6848077763917186,-146.02637914964146,False,kyleteel,0.0,-1.0,-0.0,Resolved
2026-09-12,2026-09-12T20:30:51.128102+00:00,2026-09-13T01:40:00+00:00,824955,Alika Williams,ATH,SEA,price-decision-v1,0.5719150797940384,-149,Model snapshot; sportsbook quote age unverified,Not selected,Not selected,,0.0,False,5.0,,,,0.5419150797940384,1.6711409395973154,-0.044249296183117,-0.0943835243710364,1.9006667989225623,-111.02885120182808,False,alikawilliams,0.0,-1.0,-0.0,Resolved
2026-09-12,2026-09-12T20:30:51.128102+00:00,2026-09-12T23:15:00+00:00,824870,Brewer Hicklen,ATL,PHI,price-decision-v1,0.5577380378591036,-120,Model snapshot; sportsbook quote age unverified,Not selected,Not selected,,0.0,False,5.0,,,,0.5277380378591036,1.8333333333333333,0.0225197360750233,-0.0324802639249767,1.9517259058650445,-105.07226858462764,False,brewerhicklen,,,,No PA - excluded (book settlement unverified)
2026-09-12,2026-09-12T20:30:51.128102+00:00,2026-09-12T23:15:00+00:00,823009,Bryan Torres,STL,CWS,price-decision-v1,0.6086337177855797,-175,Model snapshot; sportsbook quote age unverified,Not selected,Not selected,,0.0,False,2.45,,,,0.5786337177855797,1.5714285714285714,-0.0435755863369461,-0.0907184434798032,1.7800552721707794,-128.19604400815683,False,bryantorres,,,,Pending
2026-09-12,2026-09-12T20:30:51.128102+00:00,2026-09-12T23:10:00+00:00,823737,Cooper Pratt,MIL,CIN,price-decision-v1,0.6043357363779882,-162,Model snapshot; sportsbook quote age unverified,Not selected,Not selected,,0.0,False,5.0,,,,0.5743357363779882,1.617283950617284,-0.0226175127714017,-0.0711360312899203,1.793376129606055,-126.04362075987116,False,cooperpratt,1.0,0.617283950617284,0.0,Resolved
2026-09-12,2026-09-12T20:30:51.128102+00:00,2026-09-12T22:10:00+00:00,822927,Daulton Varsho,HOU,TB,price-decision-v1,0.5892254043576535,-183,Model snapshot; sportsbook quote age unverified,Not selected,Not selected,,0.0,True,5.0,,,,0.5592254043576534,1.5464480874316942,-0.0887935003649401,-0.135186942987891,1.841833350155284,-118.78835636715284,False,daultonvarsho,0.0,-1.0,-0.0,Resolved
2026-09-12,2026-09-12T20:30:51.128102+00:00,2026-09-13T01:40:00+00:00,824955,Dominic Canzone,SEA,ATH,price-decision-v1,0.641767178531241,-273,Model snapshot; sportsbook quote age unverified,Not selected,Not selected,,0.0,False,3.18,,,,0.611767178531241,1.3663003663003663,-0.1231532688932128,-0.1641422798822238,1.6836470411388722,-146.2743111319728,False,dominiccanzone,1.0,0.36630036630036633,0.0,Resolved
2026-09-12,2026-09-12T20:30:51.128102+00:00,2026-09-13T01:40:00+00:00,824955,Donovan Walton,ATH,SEA,price-decision-v1,0.5865230962741037,-149,Model snapshot; sportsbook quote age unverified,Not selected,Not selected,,0.0,False,3.4,,,,0.5565230962741037,1.6711409395973154,-0.0198372417969676,-0.0699714699848872,1.8507767366634056,-117.53965016977558,False,donovanwalton,0.0,-1.0,-0.0,Resolved
2026-09-12,2026-09-12T20:30:51.128102+00:00,2026-09-13T00:10:00+00:00,825035,Elias Diaz,TEX,ARI,price-decision-v1,0.5590736221043777,-116,Model snapshot; sportsbook quote age unverified,Not selected,Not selected,,0.0,False,5.0,,,,0.5290736221043777,1.862068965517241,0.0410336411598757,-0.0148284278056415,1.9467990029500992,-105.6190381363028,False,eliasdiaz,1.0,0.8620689655172411,0.0,Resolved
2026-09-12,2026-09-12T20:30:51.128102+00:00,2026-09-12T23:10:00+00:00,823737,Jackson Chourio,MIL,CIN,price-decision-v1,0.6679702259920364,-307,Model snapshot; sportsbook quote age unverified,Not selected,Not selected,,0.0,False,1.7,,,,0.6379702259920363,1.3257328990228012,-0.1144498958346619,-0.154221882805346,1.614495407522133,-162.73514622873432,False,jacksonchourio,1.0,0.3257328990228012,0.0,Resolved
2026-09-12,2026-09-12T20:30:51.128102+00:00,2026-09-12T22:10:00+00:00,822927,Jorge Barrosa,HOU,TB,price-decision-v1,0.510902403194811,115,Model snapshot; sportsbook quote age unverified,Not selected,Not selected,,0.0,False,5.0,,,,0.4809024031948109,2.15,0.0984401668688434,0.0339401668688434,2.14180672243959,114.18067224395898,True,jorgebarrosa,,,,Pending
2026-09-12,2026-09-12T20:30:51.128102+00:00,2026-09-13T01:40:00+00:00,824955,Julio Rodriguez,SEA,ATH,price-decision-v1,0.6503922401011849,-324,Model snapshot; sportsbook quote age unverified,Not selected,Not selected,,0.0,False,2.91,,,,0.6203922401011849,1.308641975308642,-0.1488694141885728,-0.1881286734478321,1.6602399795200675,-151.46007982232553,False,juliorodriguez,1.0,0.308641975308642,0.0,Resolved
2026-09-12,2026-09-12T20:30:51.128102+00:00,2026-09-13T00:10:00+00:00,825035,Lars Nootbaar,ARI,TEX,price-decision-v1,0.6170051279049984,-173,Model snapshot; sportsbook quote age unverified,Not selected,Not selected,,0.0,False,4.0,,,,0.5870051279049984,1.5780346820809248,-0.0263445091441355,-0.0736855496065632,1.7546695097469345,-132.5083347193042,False,larsnootbaar,0.0,-1.0,-0.0,Resolved
2026-09-12,2026-09-12T20:30:51.128102+00:00,2026-09-12T23:15:00+00:00,823009,Leonardo Bernal,STL,CWS,price-decision-v1,0.5851246403221577,-173,Model snapshot; sportsbook quote age unverified,Not selected,Not selected,,0.0,False,5.0,,,,0.5551246403221577,1.5780346820809248,-0.0766530242315083,-0.1239940646939361,1.8554391666027577,-116.8990197130373,False,leonardobernal,,,,Pending
2026-09-12,2026-09-12T20:30:51.128102+00:00,2026-09-12T22:10:00+00:00,822927,Liam Hicks,TB,HOU,price-decision-v1,0.6248207388692497,-188,Model snapshot; sportsbook quote age unverified,Not selected,Not selected,,0.0,True,4.0,,,,0.5948207388692497,1.5319148936170213,-0.0428278042854046,-0.0887852510939153,1.7316141363161333,-136.68407297803992,False,liamhicks,1.0,0.5319148936170213,0.0,Resolved
2026-09-12,2026-09-12T20:30:51.128102+00:00,2026-09-12T23:15:00+00:00,824870,Luis Arraez,PHI,ATL,price-decision-v1,0.6350501827953201,-275,Model snapshot; sportsbook quote age unverified,Not selected,Not selected,,0.0,True,4.0,,,,0.6050501827953201,1.3636363636363638,-0.1340224780063815,-0.1749315689154725,1.7023381353946876,-142.38156090414165,False,luisarraez,0.0,-1.0,-0.0,Resolved
2026-09-12,2026-09-12T20:30:51.128102+00:00,2026-09-13T01:40:00+00:00,824955,Max Muncy,ATH,SEA,price-decision-v1,0.65911805868656,-167,Model snapshot; sportsbook quote age unverified,Not selected,Not selected,,0.0,True,4.0,,,,0.62911805868656,1.598802395209581,0.0537995309539611,0.0058354590976736,1.637212580020959,-156.93349933033468,False,maxmuncy,1.0,0.5988023952095809,0.0,Resolved
2026-09-12,2026-09-12T20:30:51.128102+00:00,2026-09-12T23:15:00+00:00,824870,Michael Harris,ATL,PHI,price-decision-v1,0.5895137491625999,-244,Model snapshot; sportsbook quote age unverified,Not selected,Not selected,,0.0,False,5.0,,,,0.5595137491625999,1.4098360655737705,-0.1688822552789575,-0.2111773372461706,1.8408841633321016,-118.92244420888882,False,michaelharris,,,,Pending
2026-09-12,2026-09-12T20:30:51.128102+00:00,2026-09-13T00:10:00+00:00,825035,Nicky Lopez,TEX,ARI,price-decision-v1,0.5801772777753235,-152,Model snapshot; sportsbook quote age unverified,Not selected,Not selected,,0.0,False,3.0,,,,0.5501772777753234,1.6578947368421053,-0.038127144740911,-0.0878639868461742,1.872123843727008,-114.66261439734473,False,nickylopez,0.0,-1.0,-0.0,Resolved
2026-09-12,2026-09-12T20:30:51.128102+00:00,2026-09-13T01:40:00+00:00,824955,Randy Arozarena,SEA,ATH,price-decision-v1,0.641809073462129,-333,Model snapshot; sportsbook quote age unverified,Not selected,Not selected,,0.0,False,2.68,,,,0.611809073462129,1.3003003003003002,-0.1654554690417362,-0.2044644780507453,1.6835317498176283,-146.29898322452578,False,randyarozarena,1.0,0.3003003003003002,0.0,Resolved
2026-09-12,2026-09-12T20:30:51.128102+00:00,2026-09-13T01:40:00+00:00,824955,Taylor Ward,SEA,ATH,price-decision-v1,0.6431626313585352,-205,Model snapshot; sportsbook quote age unverified,Not selected,Not selected,,0.0,False,1.67,,,,0.6131626313585352,1.4878048780487805,-0.0430994996860817,-0.0877336460275451,1.6798153496698125,-147.09876740584073,False,taylorward,,,,Pending
2026-09-12,2026-09-12T20:30:51.128102+00:00,2026-09-13T01:40:00+00:00,824955,Weston Wilson,SEA,ATH,price-decision-v1,0.5781378987176985,-122,Model snapshot; sportsbook quote age unverified,Not selected,Not selected,,0.0,False,5.0,,,,0.5481378987176985,1.819672131147541,0.0520214222567956,-0.0025687416776306,1.8790891897997912,-113.75410044886864,False,westonwilson,1.0,0.819672131147541,0.0,Resolved
2026-09-12,2026-09-12T20:30:51.128102+00:00,2026-09-12T22:10:00+00:00,822927,Yandy Díaz,TB,HOU,price-decision-v1,0.669838384680982,-323,Model snapshot; sportsbook quote age unverified,Not selected,Not selected,,0.0,True,1.0,,,,0.639838384680982,1.3095975232198145,-0.1227813104642248,-0.1620692361608192,1.6097815083625364,-163.9931657956189,False,yandydiaz,0.0,-1.0,-0.0,Resolved
2026-09-12,2026-09-12T21:30:41.836058+00:00,2026-09-13T01:40:00+00:00,824955,Shea Langeliers,ATH,SEA,price-decision-v1,0.7018741209989081,-248,Model snapshot; sportsbook quote age unverified,Not selected,Not selected,,0.0,False,2.7,,,,0.6718741209989081,1.403225806451613,-0.0151121205337901,-0.0572088947273385,1.533025261441308,-187.6083691223162,False,shealangeliers,1.0,0.403225806451613,0.0,Resolved
2026-09-12,2026-09-12T22:00:45.934875+00:00,2026-09-13T00:10:00+00:00,825035,Josh Jung,TEX,ARI,price-decision-v1,0.6454654288254449,-203,Model snapshot; sportsbook quote age unverified,On card,Hold,3.0,0.0,True,3.0,,,,0.6154654288254449,1.4926108374384237,-0.0365713057433014,-0.0813496308664541,1.6735302289287857,-148.4714355865582,False,joshjung,1.0,0.4926108374384237,0.0,Resolved
2026-09-13,2026-09-13T15:31:14.786484+00:00,2026-09-13T17:35:00+00:00,823495,Aaron Judge,NYY,NYM,price-decision-v1,0.6553923804673731,-188,Model snapshot; sportsbook quote age unverified,Not selected,Not selected,,0.0,True,3.0,,,,0.6253923804673731,1.5319148936170213,0.0040053488010822,-0.0419520980074283,1.6469660203251155,-154.56762311836357,False,aaronjudge,0.0,-1.0,-0.0,Resolved
2026-09-13,2026-09-13T15:31:14.786484+00:00,2026-09-13T17:35:00+00:00,822682,Abimelec Ortiz,WSH,LAA,price-decision-v1,0.6055948442981762,-177,Model snapshot; sportsbook quote age unverified,Not selected,Not selected,,0.0,True,2.0,,,,0.5755948442981762,1.5649717514124295,-0.0522611758723455,-0.0992103284147185,1.789453137398895,-126.66996337424388,False,abimelecortiz,0.0,-1.0,-0.0,Resolved
2026-09-13,2026-09-13T15:31:14.786484+00:00,2026-09-13T16:10:00+00:00,824225,Adael Amador,COL,DET,price-decision-v1,0.6158095348111577,-179,Model snapshot; sportsbook quote age unverified,On card,Locked,1.0,21.0,True,2.0,,,,0.5858095348111577,1.558659217877095,-0.040162792109983,-0.086922568646296,1.7582506579242212,-131.8825100313911,False,adaelamador,1.0,0.558659217877095,11.731843575418996,Resolved
2026-09-13,2026-09-13T15:31:14.786484+00:00,2026-09-13T17:35:00+00:00,822682,Adam Frazier,LAA,WSH,price-decision-v1,0.5578892631927245,-141,Model snapshot; sportsbook quote age unverified,Not selected,Not selected,,0.0,False,5.0,,,,0.5278892631927244,1.7092198581560285,-0.0464445926989601,-0.097721188443641,1.95116679163062,-105.13403209606,False,adamfrazier,0.0,-1.0,-0.0,Resolved
2026-09-13,2026-09-13T15:31:14.786484+00:00,2026-09-13T17:35:00+00:00,824869,Alec Bohm,PHI,ATL,price-decision-v1,0.5738354011621823,-221,Model snapshot; sportsbook quote age unverified,Not selected,Not selected,,0.0,True,5.0,,,,0.5438354011621823,1.4524886877828054,-0.166510571162622,-0.2100852317961062,1.893955409667849,-111.86240266408277,False,alecbohm,1.0,0.4524886877828054,0.0,Resolved
2026-09-13,2026-09-13T15:31:14.786484+00:00,2026-09-13T18:15:00+00:00,823008,Alec Burleson,STL,CWS,price-decision-v1,0.6647124206640714,-260,Model snapshot; sportsbook quote age unverified,Not selected,Not selected,,0.0,True,3.0,,,,0.6347124206640714,1.3846153846153846,-0.0796289560035934,-0.1211674175420549,1.622782171053714,-160.5697861112584,False,alecburleson,1.0,0.3846153846153846,0.0,Resolved
2026-09-13,2026-09-13T15:31:14.786484+00:00,2026-09-13T17:37:00+00:00,822764,Alejandro Kirk,TOR,BAL,price-decision-v1,0.6184637569778741,-221,Model snapshot; sportsbook quote age unverified,Not selected,Not selected,,0.0,False,3.96,,,,0.5884637569778741,1.4524886877828054,-0.1016883891859837,-0.1452630498194679,1.7503201986298833,-133.27643342482884,False,alejandrokirk,,,,Pending
2026-09-13,2026-09-13T15:31:14.786484+00:00,2026-09-13T18:20:00+00:00,824628,Alex Bregman,CHC,PIT,price-decision-v1,0.5897052074223035,-172,Model snapshot; sportsbook quote age unverified,Not selected,Not selected,,0.0,True,4.0,,,,0.5597052074223035,1.5813953488372094,-0.0674429277972874,-0.1148847882624037,1.8402544524172244,-119.01156811763668,False,alexbregman,1.0,0.5813953488372094,0.0,Resolved
2026-09-13,2026-09-13T15:31:14.786484+00:00,2026-09-13T17:35:00+00:00,822682,Andrés Chaparro,WSH,LAA,price-decision-v1,0.6194288410327474,-183,Model snapshot; sportsbook quote age unverified,Not selected,Not selected,,0.0,True,3.0,,,,0.5894288410327474,1.5464480874316942,-0.0420854534848768,-0.0884788961078276,1.7474543631005923,-133.7874322991168,False,andreschaparro,1.0,0.5464480874316942,0.0,Resolved
2026-09-13,2026-09-13T15:31:14.786484+00:00,2026-09-13T18:15:00+00:00,823008,Andrew Benintendi,CWS,STL,price-decision-v1,0.602878750276814,-202,Model snapshot; sportsbook quote age unverified,Not selected,Not selected,,0.0,True,5.0,,,,0.572878750276814,1.495049504950495,-0.098666422853476,-0.1435179080019909,1.797937171700479,-125.32315017596012,False,andrewbenintendi,1.0,0.49504950495049505,0.0,Resolved
2026-09-13,2026-09-13T15:31:14.786484+00:00,2026-09-13T19:05:00+00:00,824708,Andruw Monasterio,BOS,KC,price-decision-v1,0.6162832816810377,-164,Model snapshot; sportsbook quote age unverified,Not selected,Not selected,,0.0,False,5.0,,,,0.5862832816810377,1.6097560975609757,-0.007934229489061,-0.0562269124158903,1.7568299014884114,-132.13008603827103,False,andruwmonasterio,0.0,-1.0,-0.0,Resolved
2026-09-13,2026-09-13T15:31:14.786484+00:00,2026-09-13T18:10:00+00:00,823658,Austin Martin,MIN,CLE,price-decision-v1,0.6387350249836857,-171,Model snapshot; sportsbook quote age unverified,Not selected,Not selected,,0.0,False,2.0,,,,0.6087350249836857,1.5847953216374269,0.0122642793601102,-0.0352795802890127,1.6920334098199858,-144.50169396592045,False,austinmartin,,,,Pending
2026-09-13,2026-09-13T15:31:14.786484+00:00,2026-09-13T17:35:00+00:00,823495,Ben Rice,NYY,NYM,price-decision-v1,0.6846199524444868,-202,Model snapshot; sportsbook quote age unverified,Not selected,Not selected,,0.0,True,1.0,,,,0.6546199524444868,1.495049504950495,0.0235407209813613,-0.0213107641671533,1.5734320290021198,-174.38858477092555,False,benrice,1.0,0.49504950495049505,0.0,Resolved
2026-09-13,2026-09-13T15:31:14.786484+00:00,2026-09-13T17:35:00+00:00,823495,Bo Bichette,NYM,NYY,price-decision-v1,0.6264063266809861,-217,Model snapshot; sportsbook quote age unverified,Not selected,Not selected,,0.0,True,3.0,,,,0.596406326680986,1.4608294930875576,-0.0849271633277761,-0.1287520481204028,1.7270105193752254,-137.54959156015718,False,bobichette,1.0,0.4608294930875576,0.0,Resolved
2026-09-13,2026-09-13T15:31:14.786484+00:00,2026-09-13T19:05:00+00:00,824708,Bobby Witt Jr.,KC,BOS,price-decision-v1,0.6562330716525169,-228,Model snapshot; sportsbook quote age unverified,Not selected,Not selected,,0.0,False,2.0,,,,0.6262330716525168,1.4385964912280702,-0.0559454056928704,-0.0991033004297126,1.644755038698315,-155.09766345042965,False,bobbywittjr,1.0,0.4385964912280702,0.0,Resolved
2026-09-13,2026-09-13T15:31:14.786484+00:00,2026-09-13T17:35:00+00:00,822682,Brady House,WSH,LAA,price-decision-v1,0.6086910493530288,-237,Model snapshot; sportsbook quote age unverified,Not selected,Not selected,,0.0,False,3.97,,,,0.5786910493530287,1.421940928270042,-0.1344772842532882,-0.1771355121013895,1.7798789201103604,-128.22503265743998,False,bradyhouse,0.0,-1.0,-0.0,Resolved
2026-09-13,2026-09-13T15:31:14.786484+00:00,2026-09-13T18:20:00+00:00,824628,Brandon Lowe,PIT,CHC,price-decision-v1,0.6259338891761201,-146,Model snapshot; sportsbook quote age unverified,Not selected,Not selected,,0.0,False,2.22,,,,0.5959338891761201,1.6849315068493151,0.0546557310775723,0.0041077858720928,1.7283796385937662,-137.29104261215113,False,brandonlowe,1.0,0.6849315068493151,0.0,Resolved
2026-09-13,2026-09-13T15:31:14.786484+00:00,2026-09-13T20:10:00+00:00,825033,Brandon Nimmo,TEX,ARI,price-decision-v1,0.6432747236670963,-215,Model snapshot; sportsbook quote age unverified,Not selected,Not selected,,0.0,False,3.63,,,,0.6132747236670962,1.4651162790697674,-0.057527730441231,-0.1014812188133241,1.679508318622821,-147.16523294765966,False,brandonnimmo,1.0,0.4651162790697674,0.0,Resolved
2026-09-13,2026-09-13T15:31:14.786484+00:00,2026-09-13T17:37:00+00:00,822764,Brett Bateman,TOR,BAL,price-decision-v1,0.6355264289905079,-219,Model snapshot; sportsbook quote age unverified,Not selected,Not selected,,0.0,True,1.0,,,,0.6055264289905079,1.45662100456621,-0.0742788545754702,-0.1179774847124565,1.7009992474104645,-142.6535055057567,False,brettbateman,0.0,-1.0,-0.0,Resolved
2026-09-13,2026-09-13T15:31:14.786484+00:00,2026-09-13T18:10:00+00:00,823734,Brice Turang,MIL,CIN,price-decision-v1,0.631485328219879,-191,Model snapshot; sportsbook quote age unverified,Not selected,Not selected,,0.0,True,3.0,,,,0.601485328219879,1.5235602094240837,-0.0378940810890848,-0.0836008873718074,1.7124274719191042,-140.36516549624992,False,briceturang,1.0,0.5235602094240837,0.0,Resolved
2026-09-13,2026-09-13T15:31:14.786484+00:00,2026-09-13T18:10:00+00:00,823658,Brooks Lee,MIN,CLE,price-decision-v1,0.6059062503911515,-231,Model snapshot; sportsbook quote age unverified,Not selected,Not selected,,0.0,True,2.0,,,,0.5759062503911515,1.432900432900433,-0.1317966715174409,-0.1747836845044539,1.7884855378812632,-126.8254079443355,False,brookslee,0.0,-1.0,-0.0,Resolved
2026-09-13,2026-09-13T15:31:14.786484+00:00,2026-09-13T18:20:00+00:00,824628,Bryan Reynolds,PIT,CHC,price-decision-v1,0.6125850365837076,-189,Model snapshot; sportsbook quote age unverified,Not selected,Not selected,,0.0,False,3.0,,,,0.5825850365837075,1.529100529100529,-0.0632958964407858,-0.1091689123138017,1.7679822434849073,-130.2113438798084,False,bryanreynolds,1.0,0.5291005291005291,0.0,Resolved
2026-09-13,2026-09-13T15:31:14.786484+00:00,2026-09-13T18:15:00+00:00,823008,Bryan Torres,STL,CWS,price-decision-v1,0.6192410731514165,-192,Model snapshot; sportsbook quote age unverified,Not selected,Not selected,,0.0,True,1.0,,,,0.5892410731514165,1.5208333333333337,-0.0582375345822205,-0.1038625345822206,1.7480112078597791,-133.68783642443205,False,bryantorres,0.0,-1.0,-0.0,Resolved
2026-09-13,2026-09-13T15:31:14.786484+00:00,2026-09-13T23:20:00+00:00,823171,Bryce Eldridge,SF,SD,price-decision-v1,0.558853305550559,-153,Model snapshot; sportsbook quote age unverified,Not selected,Not selected,,0.0,False,2.66,,,,0.528853305550559,1.65359477124183,-0.0758830960503829,-0.1254909391876377,1.9476100256719129,-105.5286428919892,False,bryceeldridge,1.0,0.65359477124183,0.0,Resolved
2026-09-13,2026-09-13T15:31:14.786484+00:00,2026-09-13T17:35:00+00:00,824869,Bryce Harper,PHI,ATL,price-decision-v1,0.6718901391250012,-225,Model snapshot; sportsbook quote age unverified,Not selected,Not selected,,0.0,True,3.0,,,,0.6418901391250011,1.4444444444444444,-0.0294920212638871,-0.0728253545972206,1.604635960608547,-165.38877360081787,False,bryceharper,1.0,0.4444444444444444,0.0,Resolved
2026-09-13,2026-09-13T15:31:14.786484+00:00,2026-09-13T20:05:00+00:00,824952,Cal Raleigh,SEA,ATH,price-decision-v1,0.5503652589600933,-180,Model snapshot; sportsbook quote age unverified,Not selected,Not selected,,0.0,False,3.74,,,,0.5203652589600932,1.5555555555555556,-0.1438762638398549,-0.1905429305065216,1.9793788733290332,-102.1055310904219,False,calraleigh,1.0,0.5555555555555556,0.0,Resolved
2026-09-13,2026-09-13T15:31:14.786484+00:00,2026-09-13T19:05:00+00:00,824708,Caleb Durbin,BOS,KC,price-decision-v1,0.5898060064832521,-206,Model snapshot; sportsbook quote age unverified,Not selected,Not selected,,0.0,False,4.95,,,,0.5598060064832521,1.4854368932038835,-0.1238803981365284,-0.1684435049326449,1.8399230949138,-119.05851929248692,False,calebdurbin,1.0,0.4854368932038835,0.0,Resolved
2026-09-13,2026-09-13T15:31:14.786484+00:00,2026-09-13T17:40:00+00:00,822928,Cam Smith,HOU,TB,price-decision-v1,0.5820899479737822,-144,Model snapshot; sportsbook quote age unverified,Not selected,Not selected,,0.0,False,4.73,,,,0.5520899479737822,1.6944444444444444,-0.013680921488869,-0.0645142548222024,1.865638024709903,-115.5217274951762,False,camsmith,0.0,-1.0,-0.0,Resolved
2026-09-13,2026-09-13T15:31:14.786484+00:00,2026-09-13T20:05:00+00:00,824952,Carlos Cortes,ATH,SEA,price-decision-v1,0.6747685944036824,-161,Model snapshot; sportsbook quote age unverified,Not selected,Not selected,,0.0,False,2.89,,,,0.6447685944036824,1.62111801242236,0.0938795226047273,0.0452459822320565,1.597472347350604,-167.37176279945686,True,carloscortes,0.0,-1.0,-0.0,Resolved
2026-09-13,2026-09-13T15:31:14.786484+00:00,2026-09-13T17:35:00+00:00,823495,Carson Benge,NYM,NYY,price-decision-v1,0.5834266964703921,-153,Model snapshot; sportsbook quote age unverified,Not selected,Not selected,,0.0,True,4.0,,,,0.5534266964703921,1.65359477124183,-0.0352486653136653,-0.0848565084509203,1.8611317570494257,-116.12624802346058,False,carsonbenge,0.0,-1.0,-0.0,Resolved
2026-09-13,2026-09-13T15:31:14.786484+00:00,2026-09-13T19:05:00+00:00,824708,Carter Jensen,KC,BOS,price-decision-v1,0.5677882218820052,-144,Model snapshot; sportsbook quote age unverified,Not selected,Not selected,,0.0,False,1.58,,,,0.5377882218820051,1.6944444444444444,-0.0379144018110467,-0.0887477351443801,1.9152520603658552,-109.25951913184096,False,carterjensen,1.0,0.6944444444444444,0.0,Resolved
2026-09-13,2026-09-13T15:31:14.786484+00:00,2026-09-13T17:40:00+00:00,822928,Cedric Mullins,TB,HOU,price-decision-v1,0.5445561809770882,-154,Model snapshot; sportsbook quote age unverified,Not selected,Not selected,,0.0,False,3.86,,,,0.5145561809770882,1.6493506493506491,-0.1018359092975298,-0.1513164287780493,2.001725055647253,100.17250556472534,False,cedricmullins,,,,Pending
2026-09-13,2026-09-13T15:31:14.786484+00:00,2026-09-13T17:40:00+00:00,822928,Chandler Simpson,TB,HOU,price-decision-v1,0.5988202235957925,-257,Model snapshot; sportsbook quote age unverified,Not selected,Not selected,,0.0,True,5.0,,,,0.5688202235957924,1.3891050583657587,-0.1681757983513701,-0.2098489501023428,1.810765435674673,-123.34023578198752,False,chandlersimpson,1.0,0.3891050583657587,0.0,Resolved
2026-09-13,2026-09-13T15:31:14.786484+00:00,2026-09-13T17:37:00+00:00,822764,Charles McAdoo,TOR,BAL,price-decision-v1,0.579225832270563,-149,Model snapshot; sportsbook quote age unverified,Not selected,Not selected,,0.0,True,5.0,,,,0.549225832270563,1.6711409395973154,-0.0320319984203343,-0.0821662266082539,1.875366997473264,-114.2378000183338,False,charlesmcadoo,1.0,0.6711409395973154,0.0,Resolved
2026-09-13,2026-09-13T15:31:14.786484+00:00,2026-09-13T18:10:00+00:00,823658,Chase DeLauter,CLE,MIN,price-decision-v1,0.6508973622596423,-250,Model snapshot; sportsbook quote age unverified,Not selected,Not selected,,0.0,True,2.0,,,,0.6208973622596423,1.4,-0.0887436928365007,-0.1307436928365007,1.6588893150576507,-151.77055950778367,False,chasedelauter,1.0,0.3999999999999999,0.0,Resolved
2026-09-13,2026-09-13T15:31:14.786484+00:00,2026-09-13T23:20:00+00:00,823171,Christian Koss,SF,SD,price-decision-v1,0.5242233149974179,-137,Model snapshot; sportsbook quote age unverified,Not selected,Not selected,,0.0,False,5.0,,,,0.4942233149974179,1.72992700729927,-0.0931319295300142,-0.1450297397489923,2.08407812570595,108.407812570595,False,christiankoss,1.0,0.7299270072992701,0.0,Resolved
2026-09-13,2026-09-13T15:31:14.786484+00:00,2026-09-13T17:40:00+00:00,822928,Christian Walker,HOU,TB,price-decision-v1,0.5910215881907456,-152,Model snapshot; sportsbook quote age unverified,Not selected,Not selected,,0.0,False,3.79,,,,0.5610215881907455,1.6578947368421053,-0.0201484195785007,-0.0698852616837639,1.8359364803084963,-119.6263141466152,False,christianwalker,0.0,-1.0,-0.0,Resolved
2026-09-13,2026-09-13T15:31:14.786484+00:00,2026-09-13T17:35:00+00:00,822682,CJ Abrams,WSH,LAA,price-decision-v1,0.617508133200062,-208,Model snapshot; sportsbook quote age unverified,Not selected,Not selected,,0.0,True,4.0,,,,0.587508133200062,1.4807692307692308,-0.0856129566076003,-0.1300360335306774,1.753167218962155,-132.77263996937813,False,cjabrams,1.0,0.48076923076923084,0.0,Resolved
2026-09-13,2026-09-13T15:31:14.786484+00:00,2026-09-13T17:37:00+00:00,822764,Coby Mayo,BAL,TOR,price-decision-v1,0.534298419449603,-121,Model snapshot; sportsbook quote age unverified,Not selected,Not selected,,0.0,True,4.0,,,,0.504298419449603,1.8264462809917357,-0.0241326388565102,-0.0789260272862624,2.0424414598089635,104.24414598089636,False,cobymayo,1.0,0.8264462809917357,0.0,Resolved
2026-09-13,2026-09-13T15:31:14.786484+00:00,2026-09-13T17:35:00+00:00,823495,Cody Bellinger,NYY,NYM,price-decision-v1,0.642985016071909,-201,Model snapshot; sportsbook quote age unverified,On card,Hold,2.0,0.0,True,2.0,,,,0.612985016071909,1.4975124378109452,-0.0371219411062456,-0.0820473142405741,1.6803020840548102,-146.9935229419983,False,codybellinger,0.0,-1.0,-0.0,Resolved
2026-09-13,2026-09-13T15:31:14.786484+00:00,2026-09-13T16:10:00+00:00,824225,Cole Carrigg,COL,DET,price-decision-v1,0.6157648542772347,-216,Model snapshot; sportsbook quote age unverified,Not selected,Not selected,,0.0,True,3.0,,,,0.5857648542772347,1.462962962962963,-0.0991588242981195,-0.1430477131870084,1.7583847724542976,-131.85918762105192,False,colecarrigg,0.0,-1.0,-0.0,Resolved
2026-09-13,2026-09-13T15:31:14.786484+00:00,2026-09-13T20:05:00+00:00,824952,Cole Young,SEA,ATH,price-decision-v1,0.616214090396662,-204,Model snapshot; sportsbook quote age unverified,Not selected,Not selected,,0.0,False,2.17,,,,0.586214090396662,1.4901960784313726,-0.081720179016739,-0.1264260613696802,1.757037261426197,-132.09389431057605,False,coleyoung,0.0,-1.0,-0.0,Resolved
2026-09-13,2026-09-13T15:31:14.786484+00:00,2026-09-13T16:10:00+00:00,824225,Colt Keith,DET,COL,price-decision-v1,0.6121126471520759,-188,Model snapshot; sportsbook quote age unverified,Not selected,Not selected,,0.0,True,3.0,,,,0.5821126471520759,1.5319148936170213,-0.0622955192563943,-0.1082529660649049,1.7694169763174967,-129.968538618175,False,coltkeith,1.0,0.5319148936170213,0.0,Resolved
2026-09-13,2026-09-13T15:31:14.786484+00:00,2026-09-13T19:05:00+00:00,824708,Connor Wong,BOS,KC,price-decision-v1,0.5741954436270712,-120,Model snapshot; sportsbook quote age unverified,Not selected,Not selected,,0.0,False,5.0,,,,0.5441954436270712,1.8333333333333333,0.0526916466496305,-0.0023083533503693,1.892702359165365,-112.01941943280548,False,connorwong,,,,Pending
2026-09-13,2026-09-13T15:31:14.786484+00:00,2026-09-13T20:10:00+00:00,825033,Corbin Carroll,ARI,TEX,price-decision-v1,0.6501918373041281,-220,Model snapshot; sportsbook quote age unverified,Not selected,Not selected,,0.0,False,2.0,,,,0.6201918373041281,1.4545454545454546,-0.0542664184667227,-0.0979027821030864,1.6607764534232514,-151.33711179012963,False,corbincarroll,1.0,0.4545454545454546,0.0,Resolved
2026-09-13,2026-09-13T15:31:14.786484+00:00,2026-09-13T20:10:00+00:00,825033,Corey Seager,TEX,ARI,price-decision-v1,0.614607376179425,-212,Model snapshot; sportsbook quote age unverified,Not selected,Not selected,,0.0,False,2.3,,,,0.5846073761794249,1.4716981132075473,-0.0954834841132991,-0.1396344275095254,1.7618662404353196,-131.25663626053495,False,coreyseager,1.0,0.4716981132075473,0.0,Resolved
2026-09-13,2026-09-13T15:31:14.786484+00:00,2026-09-13T18:10:00+00:00,823734,Dane Myers,CIN,MIL,price-decision-v1,0.633607613379454,-192,Model snapshot; sportsbook quote age unverified,Not selected,Not selected,,0.0,True,1.0,,,,0.603607613379454,1.5208333333333337,-0.0363884213187468,-0.0820134213187468,1.7064065746839698,-141.56153634999464,False,danemyers,0.0,-1.0,-0.0,Resolved
2026-09-13,2026-09-13T15:31:14.786484+00:00,2026-09-13T16:10:00+00:00,824225,Dillon Dingler,DET,COL,price-decision-v1,0.6544514168607096,-265,Model snapshot; sportsbook quote age unverified,Not selected,Not selected,,0.0,True,5.0,,,,0.6244514168607096,1.3773584905660377,-0.0985857843239282,-0.1399065390409094,1.6494477747814162,-153.97696917763227,False,dillondingler,0.0,-1.0,-0.0,Resolved
2026-09-13,2026-09-13T15:31:14.786484+00:00,2026-09-13T20:05:00+00:00,824952,Dominic Canzone,SEA,ATH,price-decision-v1,0.6192804841133912,-220,Model snapshot; sportsbook quote age unverified,Not selected,Not selected,,0.0,False,3.18,,,,0.5892804841133912,1.4545454545454546,-0.0992283867441582,-0.1428647503805219,1.7478943012166754,-133.70873375732356,False,dominiccanzone,1.0,0.4545454545454546,0.0,Resolved
2026-09-13,2026-09-13T15:31:14.786484+00:00,2026-09-13T17:35:00+00:00,824869,Drake Baldwin,ATL,PHI,price-decision-v1,0.6715193004916156,-230,Model snapshot; sportsbook quote age unverified,Not selected,Not selected,,0.0,True,4.0,,,,0.6415193004916155,1.434782608695652,-0.0365157862511603,-0.0795592645120298,1.6055635414408889,-165.13543692220668,False,drakebaldwin,1.0,0.4347826086956521,0.0,Resolved
2026-09-13,2026-09-13T15:31:14.786484+00:00,2026-09-13T23:20:00+00:00,823171,Drew Gilbert,SF,SD,price-decision-v1,0.556752044839693,-132,Model snapshot; sportsbook quote age unverified,Not selected,Not selected,,0.0,False,1.75,,,,0.526752044839693,1.7575757575757576,-0.0214661030090244,-0.0741933757362972,1.955379215117164,-104.67047892363492,False,drewgilbert,0.0,-1.0,-0.0,Resolved
2026-09-13,2026-09-13T15:31:14.786484+00:00,2026-09-13T17:37:00+00:00,822764,Dylan Beavers,BAL,TOR,price-decision-v1,0.5819464498754873,-121,Model snapshot; sportsbook quote age unverified,Not selected,Not selected,,0.0,True,1.0,,,,0.5519464498754872,1.8264462809917357,0.0628939291114272,0.0081005406816749,1.8661230636275603,-115.45703399372904,False,dylanbeavers,1.0,0.8264462809917357,0.0,Resolved
2026-09-13,2026-09-13T15:31:14.786484+00:00,2026-09-13T18:10:00+00:00,823734,Elly De La Cruz,CIN,MIL,price-decision-v1,0.6615248299277379,-171,Model snapshot; sportsbook quote age unverified,Not selected,Not selected,,0.0,True,2.0,,,,0.6315248299277378,1.5847953216374269,0.0483814556164734,0.0008375959673505,1.6309730848078574,-158.48536555319438,False,ellydelacruz,1.0,0.5847953216374269,0.0,Resolved
2026-09-13,2026-09-13T15:31:14.786484+00:00,2026-09-13T17:40:00+00:00,823815,Esteury Ruiz,MIA,LAD,price-decision-v1,0.5696962184118661,-110,Model snapshot; sportsbook quote age unverified,Not selected,Not selected,,0.0,False,4.12,,,,0.5396962184118661,1.9090909090909087,0.0876018715135626,0.0303291442408353,1.908481039631746,-110.07384374310678,True,esteuryruiz,1.0,0.9090909090909087,0.0,Resolved
2026-09-13,2026-09-13T15:31:14.786484+00:00,2026-09-13T18:10:00+00:00,823734,Eugenio Suárez,CIN,MIL,price-decision-v1,0.5470700831379132,-111,Model snapshot; sportsbook quote age unverified,Not selected,Not selected,,0.0,True,4.0,,,,0.5170700831379131,1.900900900900901,0.0399260138927899,-0.0171010131342371,1.991993026843284,-100.80716022593384,False,eugeniosuarez,1.0,0.900900900900901,0.0,Resolved
2026-09-13,2026-09-13T15:31:14.786484+00:00,2026-09-13T20:10:00+00:00,825033,Ezequiel Duran,TEX,ARI,price-decision-v1,0.6125575293594284,-236,Model snapshot; sportsbook quote age unverified,Not selected,Not selected,,0.0,False,4.1,,,,0.5825575293594284,1.423728813559322,-0.1278841954882714,-0.1705960598950511,1.7680657241398503,-130.19719127811496,False,ezequielduran,1.0,0.423728813559322,0.0,Resolved
2026-09-13,2026-09-13T15:31:14.786484+00:00,2026-09-13T16:10:00+00:00,824225,Ezequiel Tovar,COL,DET,price-decision-v1,0.5670559266304331,-116,Model snapshot; sportsbook quote age unverified,Not selected,Not selected,,0.0,False,4.25,,,,0.5370559266304331,1.862068965517241,0.0558972426911512,3.517372563410781e-05,1.9178635760755305,-108.94865272632964,False,ezequieltovar,,,,Pending
2026-09-13,2026-09-13T15:31:14.786484+00:00,2026-09-13T17:35:00+00:00,823495,Francisco Lindor,NYM,NYY,price-decision-v1,0.6188513930780253,-166,Model snapshot; sportsbook quote age unverified,Not selected,Not selected,,0.0,True,1.0,,,,0.5888513930780253,1.6024096385542168,-0.0083465628990679,-0.0564188520556945,1.7491679770273054,-133.48141280250587,False,franciscolindor,0.0,-1.0,-0.0,Resolved
2026-09-13,2026-09-13T15:31:14.786484+00:00,2026-09-13T17:40:00+00:00,823815,Freddie Freeman,LAD,MIA,price-decision-v1,0.675626066644053,-236,Model snapshot; sportsbook quote age unverified,Not selected,Not selected,,0.0,True,2.0,,,,0.645626066644053,1.423728813559322,-0.0380917017271109,-0.0808035661338907,1.5953507040908563,-167.96822328900618,False,freddiefreeman,0.0,-1.0,-0.0,Resolved
2026-09-13,2026-09-13T15:31:14.786484+00:00,2026-09-13T20:10:00+00:00,825033,Gabriel Moreno,ARI,TEX,price-decision-v1,0.6339143258398172,-236,Model snapshot; sportsbook quote age unverified,Not selected,Not selected,,0.0,False,3.38,,,,0.6039143258398172,1.423728813559322,-0.0974779089738195,-0.1401897733805992,1.705539934936397,-141.73542141029162,False,gabrielmoreno,1.0,0.423728813559322,0.0,Resolved
2026-09-13,2026-09-13T15:31:14.786484+00:00,2026-09-13T18:10:00+00:00,823734,Garrett Mitchell,MIL,CIN,price-decision-v1,0.595180963215196,-188,Model snapshot; sportsbook quote age unverified,Not selected,Not selected,,0.0,True,1.0,,,,0.565180963215196,1.5319148936170213,-0.0882334180533167,-0.1341908648618275,1.8224251470547523,-121.59161275420313,False,garrettmitchell,0.0,-1.0,-0.0,Resolved
2026-09-13,2026-09-13T15:31:14.786484+00:00,2026-09-13T18:10:00+00:00,823734,Gary Sánchez,MIL,CIN,price-decision-v1,0.5808655827080822,-180,Model snapshot; sportsbook quote age unverified,Not selected,Not selected,,0.0,True,4.0,,,,0.5508655827080822,1.5555555555555556,-0.0964313157874277,-0.1430979824540944,1.8697846304655117,-114.9709899409003,False,garysanchez,0.0,-1.0,-0.0,Resolved
2026-09-13,2026-09-13T15:31:14.786484+00:00,2026-09-13T17:37:00+00:00,822764,George Springer,TOR,BAL,price-decision-v1,0.607691719205941,-234,Model snapshot; sportsbook quote age unverified,Not selected,Not selected,,0.0,True,2.0,,,,0.577691719205941,1.4273504273504274,-0.1326109648940842,-0.175431477714597,1.7829578748606156,-127.72079215347604,False,georgespringer,1.0,0.4273504273504274,0.0,Resolved
2026-09-13,2026-09-13T15:31:14.786484+00:00,2026-09-13T20:10:00+00:00,825033,Geraldo Perdomo,ARI,TEX,price-decision-v1,0.6234274530478304,-205,Model snapshot; sportsbook quote age unverified,Not selected,Not selected,,0.0,False,3.0,,,,0.5934274530478304,1.4878048780487805,-0.0724615942459108,-0.1170957405873742,1.7356797275049252,-135.92871498464734,False,geraldoperdomo,1.0,0.4878048780487805,0.0,Resolved
2026-09-13,2026-09-13T15:31:14.786484+00:00,2026-09-13T17:40:00+00:00,823815,Graham Pauley,MIA,LAD,price-decision-v1,0.5211987824147657,105,Model snapshot; sportsbook quote age unverified,Not selected,Not selected,,0.0,False,5.0,,,,0.4911987824147656,2.05,0.0684575039502695,0.0069575039502696,2.0969107352759546,109.69107352759546,False,grahampauley,,,,Pending
2026-09-13,2026-09-13T15:31:14.786484+00:00,2026-09-13T17:40:00+00:00,823815,Griffin Conine,MIA,LAD,price-decision-v1,0.631667861706745,-146,Model snapshot; sportsbook quote age unverified,Not selected,Not selected,,0.0,False,3.58,,,,0.601667861706745,1.6849315068493151,0.0643170820538308,0.0137691368483512,1.7119079571214086,-140.46759696906437,False,griffinconine,0.0,-1.0,-0.0,Resolved
2026-09-13,2026-09-13T15:31:14.786484+00:00,2026-09-13T17:37:00+00:00,822764,Gunnar Henderson,BAL,TOR,price-decision-v1,0.5631165104256118,-144,Model snapshot; sportsbook quote age unverified,Not selected,Not selected,,0.0,True,3.0,,,,0.5331165104256118,1.6944444444444444,-0.0458303573343799,-0.0966636906677133,1.932035455397363,-107.29205570550543,False,gunnarhenderson,1.0,0.6944444444444444,0.0,Resolved
2026-09-13,2026-09-13T15:31:14.786484+00:00,2026-09-13T16:10:00+00:00,824225,Hao-Yu Lee,DET,COL,price-decision-v1,0.6117586726323023,-239,Model snapshot; sportsbook quote age unverified,Not selected,Not selected,,0.0,True,2.0,,,,0.5817586726323023,1.4184100418410042,-0.1322753555550189,-0.174827656810249,1.770493588586356,-129.78693331306303,False,haoyulee,0.0,-1.0,-0.0,Resolved
2026-09-13,2026-09-13T15:31:14.786484+00:00,2026-09-13T20:05:00+00:00,824952,Henry Bolte,ATH,SEA,price-decision-v1,0.6200101810217478,-223,Model snapshot; sportsbook quote age unverified,Not selected,Not selected,,0.0,False,1.32,,,,0.5900101810217477,1.4484304932735426,-0.1019583476680514,-0.1454112624662578,1.745732587556882,-134.0963257722358,False,henrybolte,0.0,-1.0,-0.0,Resolved
2026-09-13,2026-09-13T15:31:14.786484+00:00,2026-09-13T18:20:00+00:00,824628,Henry Davis,PIT,CHC,price-decision-v1,0.5404638434691487,111,Model snapshot; sportsbook quote age unverified,Not selected,Not selected,,0.0,False,5.0,,,,0.5104638434691486,2.1100000000000003,0.1403787097199038,0.0770787097199037,2.017772684936991,101.7772684936991,True,henrydavis,0.0,-1.0,-0.0,Resolved
2026-09-13,2026-09-13T15:31:14.786484+00:00,2026-09-13T17:40:00+00:00,823815,Heriberto Hernandez,MIA,LAD,price-decision-v1,0.599297913914038,-158,Model snapshot; sportsbook quote age unverified,Not selected,Not selected,,0.0,False,3.1,,,,0.569297913914038,1.6329113924050631,-0.0213996089251784,-0.0703869506973304,1.8092460464478823,-123.57181161272472,False,heribertohernandez,1.0,0.6329113924050631,0.0,Resolved
2026-09-13,2026-09-13T15:31:14.786484+00:00,2026-09-13T16:10:00+00:00,824225,Hunter Goodman,COL,DET,price-decision-v1,0.5888982237816214,-164,Model snapshot; sportsbook quote age unverified,Not selected,Not selected,,0.0,False,3.49,,,,0.5588982237816214,1.6097560975609757,-0.0520174934247069,-0.1003101763515362,1.8429115645256595,-118.63640767139556,False,huntergoodman,,,,Pending
2026-09-13,2026-09-13T15:31:14.786484+00:00,2026-09-13T18:20:00+00:00,824628,Ian Happ,CHC,PIT,price-decision-v1,0.5478493736366633,-117,Model snapshot; sportsbook quote age unverified,Not selected,Not selected,,0.0,True,5.0,,,,0.5178493736366633,1.8547008547008548,0.0160967015312474,-0.0395443241097783,1.9889953574080697,-101.11270922653983,False,ianhapp,0.0,-1.0,-0.0,Resolved
2026-09-13,2026-09-13T15:31:14.786484+00:00,2026-09-13T17:40:00+00:00,822928,Isaac Paredes,HOU,TB,price-decision-v1,0.5903732846398609,-173,Model snapshot; sportsbook quote age unverified,Not selected,Not selected,,0.0,False,3.14,,,,0.5603732846398609,1.5780346820809248,-0.0683704814642657,-0.1157115219266935,1.8380605004429456,-119.3231275631608,False,isaacparedes,1.0,0.5780346820809248,0.0,Resolved
2026-09-13,2026-09-13T15:31:14.786484+00:00,2026-09-13T18:15:00+00:00,823008,Iván Herrera,STL,CWS,price-decision-v1,0.6349596673292206,-249,Model snapshot; sportsbook quote age unverified,Not selected,Not selected,,0.0,True,2.0,,,,0.6049596673292206,1.4016064257028114,-0.1100364502092449,-0.1520846429803293,1.7025928431679584,-142.3299439674117,False,ivanherrera,0.0,-1.0,-0.0,Resolved
2026-09-13,2026-09-13T15:31:14.786484+00:00,2026-09-13T19:05:00+00:00,824708,Jac Caglianone,KC,BOS,price-decision-v1,0.5830831188758763,-168,Model snapshot; sportsbook quote age unverified,Not selected,Not selected,,0.0,False,3.3,,,,0.5530831188758762,1.5952380952380951,-0.0698435960789591,-0.1177007389361021,1.862287900041936,-115.9705476501951,False,jaccaglianone,0.0,-1.0,-0.0,Resolved
2026-09-13,2026-09-13T15:31:14.786484+00:00,2026-09-13T18:10:00+00:00,823734,Jackson Chourio,MIL,CIN,price-decision-v1,0.6207579227543231,-254,Model snapshot; sportsbook quote age unverified,Not selected,Not selected,,0.0,True,2.0,,,,0.590757922754323,1.3937007874015748,-0.1348491942715339,-0.1766602178935813,1.7435229564045025,-134.49483857711112,False,jacksonchourio,0.0,-1.0,-0.0,Resolved
2026-09-13,2026-09-13T15:31:14.786484+00:00,2026-09-13T23:20:00+00:00,823171,Jackson Merrill,SD,SF,price-decision-v1,0.6226633891731544,-250,Model snapshot; sportsbook quote age unverified,Not selected,Not selected,,0.0,False,4.06,,,,0.5926633891731544,1.4,-0.1282712551575838,-0.1702712551575839,1.7379173723502463,-135.51652765878487,False,jacksonmerrill,1.0,0.3999999999999999,0.0,Resolved
2026-09-13,2026-09-13T15:31:14.786484+00:00,2026-09-13T18:10:00+00:00,823734,Jake Bauers,MIL,CIN,price-decision-v1,0.5649829867789653,-137,Model snapshot; sportsbook quote age unverified,Not selected,Not selected,,0.0,True,5.0,,,,0.5349829867789653,1.72992700729927,-0.0226206725064614,-0.0745184827254396,1.9252948700321135,-108.07365655937264,False,jakebauers,1.0,0.7299270072992701,0.0,Resolved
2026-09-13,2026-09-13T15:31:14.786484+00:00,2026-09-13T20:10:00+00:00,825033,Jake Burger,TEX,ARI,price-decision-v1,0.5853964672036877,-158,Model snapshot; sportsbook quote age unverified,Not selected,Not selected,,0.0,False,4.38,,,,0.5553964672036876,1.6329113924050631,-0.0440994396294214,-0.0930867814015733,1.854531061722175,-117.02324757916404,False,jakeburger,0.0,-1.0,-0.0,Resolved
2026-09-13,2026-09-13T15:31:14.786484+00:00,2026-09-13T23:20:00+00:00,823171,Jake Cronenworth,SD,SF,price-decision-v1,0.6141654866791987,-185,Model snapshot; sportsbook quote age unverified,Not selected,Not selected,,0.0,False,2.09,,,,0.5841654866791987,1.5405405405405406,-0.0538531691698831,-0.1000693853860993,1.763198996666567,-131.02742592269,False,jakecronenworth,1.0,0.5405405405405406,0.0,Resolved
2026-09-13,2026-09-13T15:31:14.786484+00:00,2026-09-13T18:20:00+00:00,824628,Jake Mangum,PIT,CHC,price-decision-v1,0.627724091696957,-189,Model snapshot; sportsbook quote age unverified,Not selected,Not selected,,0.0,False,1.0,,,,0.597724091696957,1.529100529100529,-0.040146759257034,-0.0860197751300499,1.7232030870226405,-138.27374605339512,False,jakemangum,1.0,0.5291005291005291,0.0,Resolved
2026-09-13,2026-09-13T15:31:14.786484+00:00,2026-09-13T17:40:00+00:00,823815,Jakob Marsee,MIA,LAD,price-decision-v1,0.5637906304976792,-142,Model snapshot; sportsbook quote age unverified,Not selected,Not selected,,0.0,False,3.44,,,,0.5337906304976792,1.704225352112676,-0.0391737142222651,-0.0903004747856454,1.9295955027155132,-107.573670169318,False,jakobmarsee,1.0,0.704225352112676,0.0,Resolved
2026-09-13,2026-09-13T15:31:14.786484+00:00,2026-09-13T17:35:00+00:00,822682,James Wood,WSH,LAA,price-decision-v1,0.6819541769366109,-243,Model snapshot; sportsbook quote age unverified,Not selected,Not selected,,0.0,True,1.0,,,,0.6519541769366108,1.411522633744856,-0.0374062440771295,-0.0797519230894753,1.5798656354036158,-172.4537442719725,False,jameswood,1.0,0.4115226337448561,0.0,Resolved
2026-09-13,2026-09-13T15:31:14.786484+00:00,2026-09-13T18:20:00+00:00,824628,Jared Triolo,PIT,CHC,price-decision-v1,0.5921811609682547,-105,Model snapshot; sportsbook quote age unverified,Not selected,Not selected,,0.0,False,1.43,,,,0.5621811609682547,1.9523809523809523,0.1561632190332591,0.0975917904618304,1.832149619218852,-120.17069730065018,True,jaredtriolo,0.0,-1.0,-0.0,Resolved
2026-09-13,2026-09-13T15:31:14.786484+00:00,2026-09-13T17:35:00+00:00,823495,Jared Young,NYM,NYY,price-decision-v1,0.5737616761707219,-129,Model snapshot; sportsbook quote age unverified,Not selected,Not selected,,0.0,True,5.0,,,,0.5437616761707219,1.7751937984496124,0.0185381693263204,-0.034717644627168,1.894212198354002,-111.83027941698003,False,jaredyoung,0.0,-1.0,-0.0,Resolved
2026-09-13,2026-09-13T15:31:14.786484+00:00,2026-09-13T17:40:00+00:00,823815,Javier Sanoja,MIA,LAD,price-decision-v1,0.591708162920284,-218,Model snapshot; sportsbook quote age unverified,Not selected,Not selected,,0.0,False,4.63,,,,0.561708162920284,1.4587155963302751,-0.1368660742722462,-0.1806275421621545,1.833692418933521,-119.94831394523456,False,javiersanoja,1.0,0.45871559633027514,0.0,Resolved
2026-09-13,2026-09-13T15:31:14.786484+00:00,2026-09-13T20:05:00+00:00,824952,Jeff McNeil,ATH,SEA,price-decision-v1,0.6396153794897892,-251,Model snapshot; sportsbook quote age unverified,Not selected,Not selected,,0.0,False,2.88,,,,0.6096153794897892,1.398406374501992,-0.105557776091968,-0.1475099673270278,1.6895899195687076,-145.01372070888638,False,jeffmcneil,1.0,0.3984063745019919,0.0,Resolved
2026-09-13,2026-09-13T15:31:14.786484+00:00,2026-09-13T17:40:00+00:00,822928,Jeremy Pena,HOU,TB,price-decision-v1,0.6428898075804432,-217,Model snapshot; sportsbook quote age unverified,Not selected,Not selected,,0.0,False,1.05,,,,0.6128898075804432,1.4608294930875576,-0.0608476082811036,-0.1046724930737303,1.6805631081812535,-146.93714484060325,False,jeremypena,0.0,-1.0,-0.0,Resolved
2026-09-13,2026-09-13T15:31:14.786484+00:00,2026-09-13T17:40:00+00:00,823815,Joe Mack,MIA,LAD,price-decision-v1,0.550931128061806,-109,Model snapshot; sportsbook quote age unverified,Not selected,Not selected,,0.0,False,5.0,,,,0.520931128061806,1.9174311926605505,0.056372529953371,-0.0011504058264454,1.9772287439075735,-102.33018689169668,False,joemack,1.0,0.9174311926605505,0.0,Resolved
2026-09-13,2026-09-13T15:31:14.786484+00:00,2026-09-13T20:05:00+00:00,824952,Jonah Heim,ATH,SEA,price-decision-v1,0.5835874775839753,-168,Model snapshot; sportsbook quote age unverified,Not selected,Not selected,,0.0,False,4.0,,,,0.5535874775839753,1.5952380952380951,-0.0690390238541345,-0.1168961667112774,1.86059121946767,-116.19918695179848,False,jonahheim,,,,Pending
2026-09-13,2026-09-13T15:31:14.786484+00:00,2026-09-13T17:40:00+00:00,822928,Jonathan Aranda,TB,HOU,price-decision-v1,0.6382468135155333,-202,Model snapshot; sportsbook quote age unverified,On card,Hold,3.0,0.0,True,2.0,,,,0.6082468135155332,1.495049504950495,-0.045789417417371,-0.0906409025658859,1.6933915264542465,-144.2186646141522,False,jonathanaranda,1.0,0.49504950495049505,0.0,Resolved
2026-09-13,2026-09-13T15:31:14.786484+00:00,2026-09-13T17:35:00+00:00,822682,Jorbit Vivas,WSH,LAA,price-decision-v1,0.5691694663745436,-134,Model snapshot; sportsbook quote age unverified,Not selected,Not selected,,0.0,False,3.5,,,,0.5391694663745435,1.7462686567164178,-0.0060772005101253,-0.058465260211618,1.9103455670920584,-109.84839561468146,False,jorbitvivas,1.0,0.7462686567164178,0.0,Resolved
2026-09-13,2026-09-13T15:31:14.786484+00:00,2026-09-13T18:15:00+00:00,823008,Jordan Walker,STL,CWS,price-decision-v1,0.6282353912611653,-224,Model snapshot; sportsbook quote age unverified,Not selected,Not selected,,0.0,True,4.0,,,,0.5982353912611653,1.4464285714285714,-0.091302380497243,-0.1346952376401001,1.7217303005571327,-138.55591198375066,False,jordanwalker,0.0,-1.0,-0.0,Resolved
2026-09-13,2026-09-13T15:31:14.786484+00:00,2026-09-13T17:40:00+00:00,822928,Jose Altuve,HOU,TB,price-decision-v1,0.6063122053061467,-204,Model snapshot; sportsbook quote age unverified,Not selected,Not selected,,0.0,False,3.68,,,,0.5763122053061467,1.4901960784313726,-0.0964759293477028,-0.1411818117006441,1.787225726813901,-127.02836885771627,False,josealtuve,0.0,-1.0,-0.0,Resolved
2026-09-13,2026-09-13T15:31:14.786484+00:00,2026-09-13T18:10:00+00:00,823658,Jose Ramirez,CLE,MIN,price-decision-v1,0.6285628607690177,-231,Model snapshot; sportsbook quote age unverified,Not selected,Not selected,,0.0,False,2.42,,,,0.5985628607690177,1.432900432900433,-0.0993320046989399,-0.142319017685953,1.7207883540864586,-138.73698074206814,False,joseramirez,,,,Pending
2026-09-13,2026-09-13T15:31:14.786484+00:00,2026-09-13T18:10:00+00:00,823658,Josh Bell,MIN,CLE,price-decision-v1,0.608153012287044,-211,Model snapshot; sportsbook quote age unverified,Not selected,Not selected,,0.0,False,3.99,,,,0.578153012287044,1.4739336492890995,-0.1036228112735986,-0.1478408207522716,1.781535299670152,-127.95327356576873,False,joshbell,,,,Pending
2026-09-13,2026-09-13T15:31:14.786484+00:00,2026-09-13T20:10:00+00:00,825033,Josh Jung,TEX,ARI,price-decision-v1,0.6488792531809309,-202,Model snapshot; sportsbook quote age unverified,Not selected,Not selected,,0.0,False,2.68,,,,0.6188792531809308,1.495049504950495,-0.0298933937592024,-0.0747448789077173,1.6642988025628274,-150.53466845673307,False,joshjung,1.0,0.49504950495049505,0.0,Resolved
2026-09-13,2026-09-13T15:31:14.786484+00:00,2026-09-13T20:05:00+00:00,824952,Josh Naylor,SEA,ATH,price-decision-v1,0.6179518637389492,-226,Model snapshot; sportsbook quote age unverified,Not selected,Not selected,,0.0,False,4.22,,,,0.5879518637389491,1.4424778761061947,-0.108618108057976,-0.1518924443411619,1.7518440939194309,-133.00629852485906,False,joshnaylor,1.0,0.4424778761061947,0.0,Resolved
2026-09-13,2026-09-13T15:31:14.786484+00:00,2026-09-13T20:05:00+00:00,824952,J.P. Crawford,SEA,ATH,price-decision-v1,0.6352674672570171,-211,Model snapshot; sportsbook quote age unverified,Not selected,Not selected,,0.0,False,1.24,,,,0.6052674672570171,1.4739336492890995,-0.0636579037112212,-0.1078759131898942,1.7017270144516574,-142.50555834471024,False,jpcrawford,1.0,0.47393364928909953,0.0,Resolved
2026-09-13,2026-09-13T15:31:14.786484+00:00,2026-09-13T17:35:00+00:00,823495,Juan Soto,NYM,NYY,price-decision-v1,0.6379193567147351,-196,Model snapshot; sportsbook quote age unverified,Not selected,Not selected,,0.0,True,2.0,,,,0.6079193567147351,1.510204081632653,-0.0366115837369307,-0.0819177061859103,1.6943036746950064,-144.02919593350558,False,juansoto,0.0,-1.0,-0.0,Resolved
2026-09-13,2026-09-13T15:31:14.786484+00:00,2026-09-13T20:05:00+00:00,824952,Julio Rodriguez,SEA,ATH,price-decision-v1,0.6270854642235577,-254,Model snapshot; sportsbook quote age unverified,Not selected,Not selected,,0.0,False,2.93,,,,0.5970854642235577,1.3937007874015748,-0.1260304947435455,-0.1678415183655928,1.7250461813526123,-137.92224905377014,False,juliorodriguez,1.0,0.39370078740157477,0.0,Resolved
2026-09-13,2026-09-13T15:31:14.786484+00:00,2026-09-13T23:20:00+00:00,823171,Jung Hoo Lee,SF,SD,price-decision-v1,0.587921906698236,-197,Model snapshot; sportsbook quote age unverified,Not selected,Not selected,,0.0,False,4.47,,,,0.5579219066982359,1.5076142131979695,-0.1136405772112889,-0.1588690036072281,1.8461365069808915,-118.18423998370082,False,junghoolee,0.0,-1.0,-0.0,Resolved
2026-09-13,2026-09-13T15:31:14.786484+00:00,2026-09-13T17:40:00+00:00,822928,Junior Caminero,TB,HOU,price-decision-v1,0.6725882674346769,-242,Model snapshot; sportsbook quote age unverified,Not selected,Not selected,,0.0,True,3.0,,,,0.6425882674346769,1.4132231404958675,-0.0494826964352913,-0.0918793906501673,1.6028926331193962,-165.86701264302246,False,juniorcaminero,1.0,0.4132231404958675,0.0,Resolved
2026-09-13,2026-09-13T15:31:14.786484+00:00,2026-09-13T20:10:00+00:00,825033,Justin Foscue,TEX,ARI,price-decision-v1,0.5985072188030044,-145,Model snapshot; sportsbook quote age unverified,Not selected,Not selected,,0.0,False,2.88,,,,0.5685072188030044,1.6896551724137931,0.0112708179774903,-0.0394188371949236,1.811762394448872,-123.1887565669912,False,justinfoscue,1.0,0.6896551724137931,0.0,Resolved
2026-09-13,2026-09-13T15:31:14.786484+00:00,2026-09-13T17:37:00+00:00,822764,Kazuma Okamoto,TOR,BAL,price-decision-v1,0.6161705797603296,-193,Model snapshot; sportsbook quote age unverified,Not selected,Not selected,,0.0,True,4.0,,,,0.5861705797603296,1.5181347150259068,-0.0645700524882042,-0.1101140939389814,1.7571676838867298,-132.07114108023623,False,kazumaokamoto,1.0,0.5181347150259068,0.0,Resolved
2026-09-13,2026-09-13T15:31:14.786484+00:00,2026-09-13T20:10:00+00:00,825033,Ketel Marte,ARI,TEX,price-decision-v1,0.697631752143985,-247,Model snapshot; sportsbook quote age unverified,Not selected,Not selected,,0.0,False,1.0,,,,0.667631752143985,1.4048582995951415,-0.0199262429394219,-0.0620719919272761,1.542766647470453,-184.24123970411023,False,ketelmarte,1.0,0.4048582995951415,0.0,Resolved
2026-09-13,2026-09-13T15:31:14.786484+00:00,2026-09-13T18:10:00+00:00,823658,Kody Clemens,MIN,CLE,price-decision-v1,0.6175799183776337,-213,Model snapshot; sportsbook quote age unverified,Not selected,Not selected,,0.0,True,3.0,,,,0.5875799183776337,1.4694835680751177,-0.0924764579708949,-0.1365609650131485,1.752953032914964,-132.81040865571978,False,kodyclemens,1.0,0.4694835680751177,0.0,Resolved
2026-09-13,2026-09-13T15:31:14.786484+00:00,2026-09-13T18:20:00+00:00,824628,Konnor Griffin,PIT,CHC,price-decision-v1,0.6250206049107623,-193,Model snapshot; sportsbook quote age unverified,Not selected,Not selected,,0.0,False,2.0,,,,0.5950206049107623,1.5181347150259068,-0.05113452207848,-0.0966785635292573,1.731032491142846,-136.79282550583608,False,konnorgriffin,1.0,0.5181347150259068,0.0,Resolved
2026-09-13,2026-09-13T15:31:14.786484+00:00,2026-09-13T19:05:00+00:00,824708,Kyle Isbel,KC,BOS,price-decision-v1,0.5379377826716903,-115,Model snapshot; sportsbook quote age unverified,Not selected,Not selected,,0.0,False,5.0,,,,0.5079377826716903,1.869565217391304,0.0057097676035948,-0.0503771889181442,2.0278074109437707,102.78074109437708,False,kyleisbel,,,,Pending
2026-09-13,2026-09-13T15:31:14.786484+00:00,2026-09-13T16:10:00+00:00,824225,Kyle Karros,COL,DET,price-decision-v1,0.5981347064291884,-166,Model snapshot; sportsbook quote age unverified,Not selected,Not selected,,0.0,False,3.59,,,,0.5681347064291884,1.6024096385542168,-0.0415431812640716,-0.0896154704206981,1.812950323830248,-123.00874612958636,False,kylekarros,,,,Pending
2026-09-13,2026-09-13T15:31:14.786484+00:00,2026-09-13T17:35:00+00:00,824869,Kyle Schwarber,PHI,ATL,price-decision-v1,0.6658328685401184,-205,Model snapshot; sportsbook quote age unverified,Not selected,Not selected,,0.0,True,1.0,,,,0.6358328685401183,1.4878048780487805,-0.0093706102207995,-0.054004756562263,1.6199225472015866,-161.31047410908573,False,kyleschwarber,1.0,0.4878048780487805,0.0,Resolved
2026-09-13,2026-09-13T15:31:14.786484+00:00,2026-09-13T17:40:00+00:00,823815,Kyle Stowers,MIA,LAD,price-decision-v1,0.6120650453142118,-169,Model snapshot; sportsbook quote age unverified,Not selected,Not selected,,0.0,False,2.89,,,,0.5820650453142118,1.5917159763313609,-0.0257662888193906,-0.0735177681093316,1.769561680935475,-129.94409996927152,False,kylestowers,1.0,0.5917159763313609,0.0,Resolved
2026-09-13,2026-09-13T15:31:14.786484+00:00,2026-09-13T18:15:00+00:00,823008,Kyle Teel,CWS,STL,price-decision-v1,0.6313623249316199,-204,Model snapshot; sportsbook quote age unverified,Not selected,Not selected,,0.0,True,2.0,,,,0.6013623249316199,1.4901960784313726,-0.0591463393175859,-0.1038522216705272,1.712777733651871,-140.29618951149948,False,kyleteel,0.0,-1.0,-0.0,Resolved
2026-09-13,2026-09-13T15:31:14.786484+00:00,2026-09-13T17:40:00+00:00,823815,Kyle Tucker,LAD,MIA,price-decision-v1,0.5891208404442473,-202,Model snapshot; sportsbook quote age unverified,Not selected,Not selected,,0.0,True,5.0,,,,0.5591208404442473,1.495049504950495,-0.1192351791378085,-0.1640866642863234,1.842177800386796,-118.73977199834992,False,kyletucker,0.0,-1.0,-0.0,Resolved
2026-09-13,2026-09-13T15:31:14.786484+00:00,2026-09-13T20:05:00+00:00,824952,Lawrence Butler,ATH,SEA,price-decision-v1,0.6059491364244654,-212,Model snapshot; sportsbook quote age unverified,Not selected,Not selected,,0.0,False,3.7,,,,0.5759491364244653,1.4716981132075473,-0.1082257992243717,-0.152376742620598,1.7883523645756567,-126.84683206833104,False,lawrencebutler,1.0,0.4716981132075473,0.0,Resolved
2026-09-13,2026-09-13T15:31:14.786484+00:00,2026-09-13T23:20:00+00:00,823171,Luis Campusano,SD,SF,price-decision-v1,0.6147039804354124,-184,Model snapshot; sportsbook quote age unverified,Not selected,Not selected,,0.0,False,4.0,,,,0.5847039804354124,1.5434782608695652,-0.0512177693279504,-0.0975221171540374,1.7615751465091591,-131.30680597754687,False,luiscampusano,0.0,-1.0,-0.0,Resolved
2026-09-13,2026-09-13T15:31:14.786484+00:00,2026-09-13T18:10:00+00:00,823658,Luke Keaschall,MIN,CLE,price-decision-v1,0.6125645654593684,-226,Model snapshot; sportsbook quote age unverified,Not selected,Not selected,,0.0,True,1.0,,,,0.5825645654593684,1.4424778761061947,-0.1163891666382561,-0.159663502921442,1.768044369790697,-130.20081122038752,False,lukekeaschall,1.0,0.4424778761061947,0.0,Resolved
2026-09-13,2026-09-13T15:31:14.786484+00:00,2026-09-13T23:20:00+00:00,823171,Manny Machado,SD,SF,price-decision-v1,0.6112186117654216,-220,Model snapshot; sportsbook quote age unverified,Not selected,Not selected,,0.0,False,3.27,,,,0.5812186117654216,1.4545454545454546,-0.1109547465230231,-0.1545911101593867,1.772138708482559,-129.51040907730737,False,mannymachado,1.0,0.4545454545454546,0.0,Resolved
2026-09-13,2026-09-13T15:31:14.786484+00:00,2026-09-13T17:35:00+00:00,823495,Marcus Semien,NYM,NYY,price-decision-v1,0.5646580957065437,-145,Model snapshot; sportsbook quote age unverified,Not selected,Not selected,,0.0,False,4.7,,,,0.5346580957065437,1.6896551724137931,-0.0459225279441157,-0.0966121831165296,1.926464797355904,-107.93718259495267,False,marcussemien,,,,Pending
2026-09-13,2026-09-13T15:31:14.786484+00:00,2026-09-13T18:15:00+00:00,823008,Masyn Winn,STL,CWS,price-decision-v1,0.5838137442871529,-146,Model snapshot; sportsbook quote age unverified,Not selected,Not selected,,0.0,False,3.67,,,,0.5538137442871529,1.6849315068493151,-0.0163138281189066,-0.0668617733243861,1.8598310544383023,-116.30191708454458,False,masynwinn,1.0,0.6849315068493151,0.0,Resolved
2026-09-13,2026-09-13T15:31:14.786484+00:00,2026-09-13T17:35:00+00:00,824869,Matt Olson,ATL,PHI,price-decision-v1,0.6768328877832757,-243,Model snapshot; sportsbook quote age unverified,Not selected,Not selected,,0.0,True,3.0,,,,0.6468328877832756,1.411522633744856,-0.0446350596310142,-0.0869807386433599,1.5923741965716287,-168.81221460818338,False,mattolson,1.0,0.4115226337448561,0.0,Resolved
2026-09-13,2026-09-13T15:31:14.786484+00:00,2026-09-13T17:35:00+00:00,824869,Mauricio Dubón,ATL,PHI,price-decision-v1,0.6110171849380881,-234,Model snapshot; sportsbook quote age unverified,Not selected,Not selected,,0.0,True,5.0,,,,0.5810171849380881,1.4273504273504274,-0.1278643599601648,-0.1706848727806776,1.772753072888463,-129.40744399269923,False,mauriciodubon,1.0,0.4273504273504274,0.0,Resolved
2026-09-13,2026-09-13T15:31:14.786484+00:00,2026-09-13T18:20:00+00:00,824628,Michael Busch,CHC,PIT,price-decision-v1,0.5820520976457293,-162,Model snapshot; sportsbook quote age unverified,Not selected,Not selected,,0.0,True,3.0,,,,0.5520520976457293,1.617283950617284,-0.0586564840544377,-0.1071750025729563,1.8657659383824792,-115.50465959290474,False,michaelbusch,1.0,0.617283950617284,0.0,Resolved
2026-09-13,2026-09-13T15:31:14.786484+00:00,2026-09-13T19:05:00+00:00,824708,Michael Massey,KC,BOS,price-decision-v1,0.5394286490198559,-130,Model snapshot; sportsbook quote age unverified,Not selected,Not selected,,0.0,False,4.76,,,,0.5094286490198559,1.7692307692307692,-0.0456262363494858,-0.0987031594264089,2.0218729393836155,102.18729393836156,False,michaelmassey,1.0,0.7692307692307692,0.0,Resolved
2026-09-13,2026-09-13T15:31:14.786484+00:00,2026-09-13T16:10:00+00:00,824225,Mickey Moniak,COL,DET,price-decision-v1,0.6037775641739452,-180,Model snapshot; sportsbook quote age unverified,Not selected,Not selected,,0.0,True,5.0,,,,0.5737775641739452,1.5555555555555556,-0.0607904557294185,-0.1074571223960851,1.7951207302482597,-125.76706429069851,False,mickeymoniak,1.0,0.5555555555555556,0.0,Resolved
2026-09-13,2026-09-13T15:31:14.786484+00:00,2026-09-13T18:15:00+00:00,823008,Miguel Vargas,CWS,STL,price-decision-v1,0.6800674947274453,-258,Model snapshot; sportsbook quote age unverified,Not selected,Not selected,,0.0,True,3.0,,,,0.6500674947274453,1.3875968992248062,-0.0563404530526145,-0.0979683600293588,1.5844508583402552,-171.10078387767902,False,miguelvargas,1.0,0.3875968992248062,0.0,Resolved
2026-09-13,2026-09-13T15:31:14.786484+00:00,2026-09-13T17:35:00+00:00,822682,Mike Trout,LAA,WSH,price-decision-v1,0.6785504000076092,-227,Model snapshot; sportsbook quote age unverified,Not selected,Not selected,,0.0,True,2.0,,,,0.6485504000076092,1.4405286343612334,-0.0225287189317699,-0.065744577962607,1.5881572195282208,-170.02256655153042,False,miketrout,1.0,0.44052863436123335,0.0,Resolved
2026-09-13,2026-09-13T15:31:14.786484+00:00,2026-09-13T17:40:00+00:00,823815,Mookie Betts,LAD,MIA,price-decision-v1,0.6339136736388487,-242,Model snapshot; sportsbook quote age unverified,Not selected,Not selected,,0.0,True,1.0,,,,0.6039136736388486,1.4132231404958675,-0.1041385273368337,-0.1465352215517098,1.705541776846667,-141.7350513911987,False,mookiebetts,1.0,0.4132231404958675,0.0,Resolved
2026-09-13,2026-09-13T15:31:14.786484+00:00,2026-09-13T18:15:00+00:00,823008,Munetaka Murakami,CWS,STL,price-decision-v1,0.6194150911871139,-195,Model snapshot; sportsbook quote age unverified,Not selected,Not selected,,0.0,True,4.0,,,,0.5894150911871139,1.5128205128205128,-0.0629361441015456,-0.108320759486161,1.7474951276281785,-133.78013622283078,False,munetakamurakami,0.0,-1.0,-0.0,Resolved
2026-09-13,2026-09-13T15:31:14.786484+00:00,2026-09-13T17:37:00+00:00,822764,Nathan Lukes,TOR,BAL,price-decision-v1,0.6187278759716075,-168,Model snapshot; sportsbook quote age unverified,Not selected,Not selected,,0.0,False,2.0,,,,0.5887278759716075,1.5952380952380951,-0.0129817216643403,-0.0608388645214832,1.7495349584052544,-133.41605868892984,False,nathanlukes,0.0,-1.0,-0.0,Resolved
2026-09-13,2026-09-13T15:31:14.786484+00:00,2026-09-13T17:40:00+00:00,822928,Nick Allen,HOU,TB,price-decision-v1,0.553776504762616,-101,Model snapshot; sportsbook quote age unverified,Not selected,Not selected,,0.0,False,5.0,,,,0.523776504762616,1.99009900990099,0.102070073834513,0.0423671035374833,1.9664875965881916,-103.46744267904846,True,nickallen,1.0,0.9900990099009901,0.0,Resolved
2026-09-13,2026-09-13T15:31:14.786484+00:00,2026-09-13T18:20:00+00:00,824628,Nick Gonzales,PIT,CHC,price-decision-v1,0.6299607203719875,-190,Model snapshot; sportsbook quote age unverified,Not selected,Not selected,,0.0,False,3.55,,,,0.5999607203719874,1.526315789473684,-0.0384810057480191,-0.0842704794322297,1.7167790574045911,-139.51300469365455,False,nickgonzales,1.0,0.5263157894736841,0.0,Resolved
2026-09-13,2026-09-13T15:31:14.786484+00:00,2026-09-13T19:05:00+00:00,824708,Nick Loftin,KC,BOS,price-decision-v1,0.5752154063330426,-130,Model snapshot; sportsbook quote age unverified,Not selected,Not selected,,0.0,False,2.5,,,,0.5452154063330426,1.7692307692307692,0.0176887958199982,-0.0353881272569247,1.889161582809032,-112.46549776035177,False,nickloftin,0.0,-1.0,-0.0,Resolved
2026-09-13,2026-09-13T15:31:14.786484+00:00,2026-09-13T20:10:00+00:00,825033,Nolan Arenado,ARI,TEX,price-decision-v1,0.628433472294085,-196,Model snapshot; sportsbook quote age unverified,Not selected,Not selected,,0.0,False,4.0,,,,0.598433472294085,1.510204081632653,-0.0509372051068921,-0.0962433275558717,1.7211604091119967,-138.66540472338926,False,nolanarenado,1.0,0.510204081632653,0.0,Resolved
2026-09-13,2026-09-13T15:31:14.786484+00:00,2026-09-13T18:20:00+00:00,824628,Oneil Cruz,PIT,CHC,price-decision-v1,0.6215940120761718,-163,Model snapshot; sportsbook quote age unverified,Not selected,Not selected,,0.0,False,3.94,,,,0.5915940120761718,1.6134969325153374,0.0029400317548049,-0.0454648762206553,1.7410588663419069,-134.94204649845238,False,oneilcruz,1.0,0.6134969325153374,0.0,Resolved
2026-09-13,2026-09-13T15:31:14.786484+00:00,2026-09-13T17:40:00+00:00,823815,Otto Lopez,MIA,LAD,price-decision-v1,0.658589424393358,-238,Model snapshot; sportsbook quote age unverified,Not selected,Not selected,,0.0,False,2.43,,,,0.628589424393358,1.4201680672268908,-0.0646923300632142,-0.1072973720800209,1.6385894512845762,-156.59513291182876,False,ottolopez,1.0,0.4201680672268908,0.0,Resolved
2026-09-13,2026-09-13T15:31:14.786484+00:00,2026-09-13T20:10:00+00:00,825033,Pavin Smith,ARI,TEX,price-decision-v1,0.5653390737080313,-129,Model snapshot; sportsbook quote age unverified,Not selected,Not selected,,0.0,False,4.92,,,,0.5353390737080312,1.7751937984496124,0.0035864176677453,-0.0496693962857429,1.924014238052334,-108.223440594144,False,pavinsmith,,,,Pending
2026-09-13,2026-09-13T15:31:14.786484+00:00,2026-09-13T17:37:00+00:00,822764,Pete Alonso,BAL,TOR,price-decision-v1,0.603813438531891,-171,Model snapshot; sportsbook quote age unverified,Not selected,Not selected,,0.0,True,2.0,,,,0.5738134385318909,1.5847953216374269,-0.0430792874728511,-0.090623147121974,1.7950085007337373,-125.78481853679172,False,petealonso,1.0,0.5847953216374269,0.0,Resolved
2026-09-13,2026-09-13T15:31:14.786484+00:00,2026-09-13T18:20:00+00:00,824628,Pete Crow-Armstrong,CHC,PIT,price-decision-v1,0.6122490535111231,-212,Model snapshot; sportsbook quote age unverified,Not selected,Not selected,,0.0,True,1.0,,,,0.5822490535111231,1.4716981132075473,-0.0989542231345734,-0.1431051665307998,1.7690024462707403,-130.0385980369083,False,petecrowarmstrong,0.0,-1.0,-0.0,Resolved
2026-09-13,2026-09-13T15:31:14.786484+00:00,2026-09-13T23:20:00+00:00,823171,Rafael Devers,SF,SD,price-decision-v1,0.5468593548864623,-177,Model snapshot; sportsbook quote age unverified,Not selected,Not selected,,0.0,False,3.3,,,,0.5168593548864623,1.5649717514124295,-0.1441805576070617,-0.1911297101494347,1.9928051804852376,-100.72469600846016,False,rafaeldevers,,,,Pending
2026-09-13,2026-09-13T15:31:14.786484+00:00,2026-09-13T20:05:00+00:00,824952,Randy Arozarena,SEA,ATH,price-decision-v1,0.6166763894624964,-246,Model snapshot; sportsbook quote age unverified,Not selected,Not selected,,0.0,False,2.67,,,,0.5866763894624963,1.4065040650406504,-0.1326421514064075,-0.1748372733576271,1.7556527218415416,-132.33592245429605,False,randyarozarena,1.0,0.4065040650406504,0.0,Resolved
2026-09-13,2026-09-13T15:31:14.786484+00:00,2026-09-13T19:05:00+00:00,824708,Roman Anthony,BOS,KC,price-decision-v1,0.6848512185959289,-228,Model snapshot; sportsbook quote age unverified,Not selected,Not selected,,0.0,False,1.0,,,,0.6548512185959289,1.4385964912280702,-0.0147754399146285,-0.0579333346514707,1.5728763584015777,-174.5577357721953,False,romananthony,1.0,0.4385964912280702,0.0,Resolved
2026-09-13,2026-09-13T15:31:14.786484+00:00,2026-09-13T17:35:00+00:00,824869,Ronald Acuña Jr.,ATL,PHI,price-decision-v1,0.6761183788206732,-251,Model snapshot; sportsbook quote age unverified,Not selected,Not selected,,0.0,True,2.0,,,,0.6461183788206731,1.398406374501992,-0.0545117491392179,-0.0964639403742777,1.5941351209974963,-168.31188136481393,False,ronaldacunajr,1.0,0.3984063745019919,0.0,Resolved
2026-09-13,2026-09-13T15:31:14.786484+00:00,2026-09-13T18:10:00+00:00,823658,Ryan Jeffers,MIN,CLE,price-decision-v1,0.6239112218051064,-202,Model snapshot; sportsbook quote age unverified,Not selected,Not selected,,0.0,True,4.0,,,,0.5939112218051064,1.495049504950495,-0.0672218367072171,-0.112073321855732,1.7342659343419469,-136.1904390806589,False,ryanjeffers,0.0,-1.0,-0.0,Resolved
2026-09-13,2026-09-13T15:31:14.786484+00:00,2026-09-13T20:10:00+00:00,825033,Ryan Waldschmidt,ARI,TEX,price-decision-v1,0.6053939472483301,-156,Model snapshot; sportsbook quote age unverified,Not selected,Not selected,,0.0,False,4.57,,,,0.57539394724833,1.641025641025641,-0.0065330096437661,-0.0557637788745353,1.7900779195292262,-126.569794609101,False,ryanwaldschmidt,,,,Pending
2026-09-13,2026-09-13T15:31:14.786484+00:00,2026-09-13T18:10:00+00:00,823734,Sal Frelick,MIL,CIN,price-decision-v1,0.5804919911545258,-184,Model snapshot; sportsbook quote age unverified,Not selected,Not selected,,0.0,False,3.67,,,,0.5504919911545257,1.5434782608695652,-0.1040232310441016,-0.1503275788701885,1.871053560361197,-114.80350296545863,False,salfrelick,0.0,-1.0,-0.0,Resolved
2026-09-13,2026-09-13T15:31:14.786484+00:00,2026-09-13T18:10:00+00:00,823734,Sal Stewart,CIN,MIL,price-decision-v1,0.6500685420480509,-178,Model snapshot; sportsbook quote age unverified,Not selected,Not selected,,0.0,True,3.0,,,,0.6200685420480508,1.5617977528089888,0.0152755881424615,-0.0315783444418081,1.6611066844287392,-151.26151702188545,False,salstewart,1.0,0.5617977528089888,0.0,Resolved
2026-09-13,2026-09-13T15:31:14.786484+00:00,2026-09-13T19:05:00+00:00,824708,Salvador Perez,KC,BOS,price-decision-v1,0.55073364093217,-193,Model snapshot; sportsbook quote age unverified,Not selected,Not selected,,0.0,False,3.99,,,,0.52073364093217,1.5181347150259068,-0.16391214096826,-0.2094561824190371,1.9779786037179925,-102.25172577378368,False,salvadorperez,0.0,-1.0,-0.0,Resolved
2026-09-13,2026-09-13T15:31:14.786484+00:00,2026-09-13T18:15:00+00:00,823008,Sam Antonacci,CWS,STL,price-decision-v1,0.7017099928872581,-262,Model snapshot; sportsbook quote age unverified,Not selected,Not selected,,0.0,True,1.0,,,,0.6717099928872581,1.381679389312977,-0.0304617655527197,-0.071912147232109,1.533399846521084,-187.4766193732814,False,samantonacci,1.0,0.38167938931297707,0.0,Resolved
2026-09-13,2026-09-13T15:31:14.786484+00:00,2026-09-13T17:37:00+00:00,822764,Samuel Basallo,BAL,TOR,price-decision-v1,0.5668092342047524,-123,Model snapshot; sportsbook quote age unverified,Not selected,Not selected,,0.0,True,5.0,,,,0.5368092342047524,1.8130081300813008,0.0276297498183721,-0.0267604940840668,1.9187449365059404,-108.84413728614156,False,samuelbasallo,0.0,-1.0,-0.0,Resolved
2026-09-13,2026-09-13T15:31:14.786484+00:00,2026-09-13T17:35:00+00:00,824869,Sean Murphy,ATL,PHI,price-decision-v1,0.5529822488245468,-112,Model snapshot; sportsbook quote age unverified,Not selected,Not selected,,0.0,False,5.0,,,,0.5229822488245468,1.8928571428571428,0.0467163995607493,-0.0100693147249649,1.9694741118174175,-103.14870586130012,False,seanmurphy,,,,Pending
2026-09-13,2026-09-13T15:31:14.786484+00:00,2026-09-13T18:20:00+00:00,824628,Seiya Suzuki,CHC,PIT,price-decision-v1,0.6154801910125977,-161,Model snapshot; sportsbook quote age unverified,Not selected,Not selected,,0.0,True,2.0,,,,0.5854801910125976,1.62111801242236,-0.0022339760603231,-0.050867516432994,1.7592397075272488,-131.710708763755,False,seiyasuzuki,0.0,-1.0,-0.0,Resolved
2026-09-13,2026-09-13T15:31:14.786484+00:00,2026-09-13T20:05:00+00:00,824952,Shea Langeliers,ATH,SEA,price-decision-v1,0.7033972310485045,-214,Model snapshot; sportsbook quote age unverified,Not selected,Not selected,,0.0,False,2.73,,,,0.6733972310485045,1.4672897196261685,0.0320875259309831,-0.0119311656578018,1.5295578189358632,-188.83679255449044,False,shealangeliers,1.0,0.4672897196261685,0.0,Resolved
2026-09-13,2026-09-13T15:31:14.786484+00:00,2026-09-13T17:35:00+00:00,823495,Spencer Jones,NYY,NYM,price-decision-v1,0.55032579989297,-143,Model snapshot; sportsbook quote age unverified,Not selected,Not selected,,0.0,True,5.0,,,,0.52032579989297,1.6993006993006992,-0.0648309833986593,-0.1158100043776804,1.9795289801348863,-102.08988404429796,False,spencerjones,1.0,0.6993006993006992,0.0,Resolved
2026-09-13,2026-09-13T15:31:14.786484+00:00,2026-09-13T17:40:00+00:00,822928,Taylor Trammell,HOU,TB,price-decision-v1,0.5522714795444017,108,Model snapshot; sportsbook quote age unverified,Not selected,Not selected,,0.0,False,4.31,,,,0.5222714795444017,2.08,0.1487246774523556,0.0863246774523556,1.9721544069350871,-102.86431793820714,True,taylortrammell,0.0,-1.0,-0.0,Resolved
2026-09-13,2026-09-13T15:31:14.786484+00:00,2026-09-13T17:40:00+00:00,823815,Teoscar Hernandez,LAD,MIA,price-decision-v1,0.5858649357461805,-181,Model snapshot; sportsbook quote age unverified,Not selected,Not selected,,0.0,False,4.43,,,,0.5558649357461805,1.5524861878453038,-0.0904527793111784,-0.1370273649465375,1.8529681110706355,-117.23767712075566,False,teoscarhernandez,,,,Pending
2026-09-13,2026-09-13T15:31:14.786484+00:00,2026-09-13T20:10:00+00:00,825033,Tim Tawa,ARI,TEX,price-decision-v1,0.6073428051618462,-183,Model snapshot; sportsbook quote age unverified,Not selected,Not selected,,0.0,False,4.14,,,,0.5773428051618462,1.5464480874316942,-0.0607758805420628,-0.1071693231650137,1.7840353959399575,-127.545262009648,False,timtawa,1.0,0.5464480874316942,0.0,Resolved
2026-09-13,2026-09-13T15:31:14.786484+00:00,2026-09-13T16:10:00+00:00,824225,TJ Rumfield,COL,DET,price-decision-v1,0.6258416220637208,-196,Model snapshot; sportsbook quote age unverified,Not selected,Not selected,,0.0,True,4.0,,,,0.5958416220637208,1.510204081632653,-0.0548514279037686,-0.1001575503527482,1.7286472811895124,-137.24061364334003,False,tjrumfield,1.0,0.510204081632653,0.0,Resolved
2026-09-13,2026-09-13T15:31:14.786484+00:00,2026-09-13T18:10:00+00:00,823658,Travis Bazzana,CLE,MIN,price-decision-v1,0.5959041508115155,-185,Model snapshot; sportsbook quote age unverified,Not selected,Not selected,,0.0,True,3.0,,,,0.5659041508115155,1.5405405405405406,-0.0819854973984761,-0.1282017136146923,1.8200962097962416,-121.9369127737411,False,travisbazzana,1.0,0.5405405405405406,0.0,Resolved
2026-09-13,2026-09-13T15:31:14.786484+00:00,2026-09-13T17:35:00+00:00,824869,Trea Turner,PHI,ATL,price-decision-v1,0.6182507457782306,-261,Model snapshot; sportsbook quote age unverified,Not selected,Not selected,,0.0,True,2.0,,,,0.5882507457782306,1.3831417624521074,-0.1448715738469683,-0.1863658267205316,1.7509540062500968,-133.16394768216486,False,treaturner,1.0,0.3831417624521074,0.0,Resolved
2026-09-13,2026-09-13T15:31:14.786484+00:00,2026-09-13T18:10:00+00:00,823658,Trevor Larnach,MIN,CLE,price-decision-v1,0.5736573935829967,-153,Model snapshot; sportsbook quote age unverified,Not selected,Not selected,,0.0,True,5.0,,,,0.5436573935829967,1.65359477124183,-0.0514031334869401,-0.1010109766241951,1.8945755399586164,-111.78485833027143,False,trevorlarnach,1.0,0.65359477124183,0.0,Resolved
2026-09-13,2026-09-13T15:31:14.786484+00:00,2026-09-13T19:05:00+00:00,824708,Trevor Story,BOS,KC,price-decision-v1,0.5950230059426612,-206,Model snapshot; sportsbook quote age unverified,Not selected,Not selected,,0.0,False,4.62,,,,0.5650230059426612,1.4854368932038835,-0.1161308746676974,-0.1606939814638139,1.8229346224258431,-121.51633589703692,False,trevorstory,1.0,0.4854368932038835,0.0,Resolved
2026-09-13,2026-09-13T15:31:14.786484+00:00,2026-09-13T18:10:00+00:00,823734,Tyler Stephenson,CIN,MIL,price-decision-v1,0.561529654373296,-138,Model snapshot; sportsbook quote age unverified,Not selected,Not selected,,0.0,True,5.0,,,,0.531529654373296,1.7246376811594204,-0.0315647989793879,-0.0833039294141705,1.93780345372156,-106.63215154855963,False,tylerstephenson,1.0,0.7246376811594204,0.0,Resolved
2026-09-13,2026-09-13T15:31:14.786484+00:00,2026-09-13T17:35:00+00:00,822682,Vaughn Grissom,LAA,WSH,price-decision-v1,0.6271175798199315,-244,Model snapshot; sportsbook quote age unverified,Not selected,Not selected,,0.0,True,4.0,,,,0.5971175798199315,1.4098360655737705,-0.1158670186145227,-0.1581621005817358,1.724953400820337,-137.93990053270014,False,vaughngrissom,0.0,-1.0,-0.0,Resolved
2026-09-13,2026-09-13T15:31:14.786484+00:00,2026-09-13T17:40:00+00:00,822928,Victor Mesa Jr.,TB,HOU,price-decision-v1,0.6050864756353974,-179,Model snapshot; sportsbook quote age unverified,Not selected,Not selected,,0.0,True,4.0,,,,0.5750864756353974,1.558659217877095,-0.0568763871381234,-0.1036361636744364,1.7910349897586813,-126.41665829536404,False,victormesajr,1.0,0.558659217877095,0.0,Resolved
2026-09-13,2026-09-13T15:31:14.786484+00:00,2026-09-13T19:05:00+00:00,824708,Vinnie Pasquantino,KC,BOS,price-decision-v1,0.5712606604236521,-164,Model snapshot; sportsbook quote age unverified,Not selected,Not selected,,0.0,False,4.0,,,,0.5412606604236521,1.6097560975609757,-0.080409668586316,-0.1287023515131454,1.9029648288013488,-110.74628469499324,False,vinniepasquantino,0.0,-1.0,-0.0,Resolved
2026-09-13,2026-09-13T15:31:14.786484+00:00,2026-09-13T17:35:00+00:00,822682,Wade Meckler,LAA,WSH,price-decision-v1,0.6133698891595427,-210,Model snapshot; sportsbook quote age unverified,Not selected,Not selected,,0.0,True,3.0,,,,0.5833698891595427,1.4761904761904765,-0.0945492112406749,-0.1388349255263893,1.7656036404002862,-130.6158888530314,False,wademeckler,0.0,-1.0,-0.0,Resolved
2026-09-13,2026-09-13T15:31:14.786484+00:00,2026-09-13T17:40:00+00:00,823815,Will Smith,LAD,MIA,price-decision-v1,0.6130208070235177,-207,Model snapshot; sportsbook quote age unverified,Not selected,Not selected,,0.0,True,4.0,,,,0.5830208070235177,1.4830917874396137,-0.0908338755738168,-0.1353266291970052,1.7666607908188297,-130.43578228801204,False,willsmith,1.0,0.4830917874396137,0.0,Resolved
2026-09-13,2026-09-13T15:31:14.786484+00:00,2026-09-13T18:10:00+00:00,823734,William Contreras,MIL,CIN,price-decision-v1,0.6214004067620873,-195,Model snapshot; sportsbook quote age unverified,Not selected,Not selected,,0.0,False,3.7,,,,0.5914004067620873,1.5128205128205128,-0.0599327179753038,-0.1053173333599193,1.7416288325522842,-134.83833908648649,False,williamcontreras,,,,Pending
2026-09-13,2026-09-13T15:31:14.786484+00:00,2026-09-13T19:05:00+00:00,824708,Wilyer Abreu,BOS,KC,price-decision-v1,0.6834727579880281,-216,Model snapshot; sportsbook quote age unverified,Not selected,Not selected,,0.0,False,3.19,,,,0.6534727579880281,1.462962962962963,-0.0001046688693662,-0.0439935577582552,1.5761942443802226,-173.55258400327128,False,wilyerabreu,1.0,0.462962962962963,0.0,Resolved
2026-09-13,2026-09-13T15:31:14.786484+00:00,2026-09-13T20:10:00+00:00,825033,Wyatt Langford,TEX,ARI,price-decision-v1,0.5967902716127087,-161,Model snapshot; sportsbook quote age unverified,Not selected,Not selected,,0.0,False,2.46,,,,0.5667902716127087,1.62111801242236,-0.0325325410502052,-0.081166081422876,1.8172506685220693,-122.36147837094067,False,wyattlangford,0.0,-1.0,-0.0,Resolved
2026-09-13,2026-09-13T15:31:14.786484+00:00,2026-09-13T23:20:00+00:00,823171,Xander Bogaerts,SD,SF,price-decision-v1,0.6314378866517901,-209,Model snapshot; sportsbook quote age unverified,Not selected,Not selected,,0.0,False,3.94,,,,0.6014378866517901,1.4784688995215312,-0.0664387226057264,-0.1107927895913725,1.7125625486183105,-140.33855721705322,False,xanderbogaerts,0.0,-1.0,-0.0,Resolved
2026-09-13,2026-09-13T15:31:14.786484+00:00,2026-09-13T17:40:00+00:00,822928,Yainer Diaz,HOU,TB,price-decision-v1,0.5776688556077542,-217,Model snapshot; sportsbook quote age unverified,Not selected,Not selected,,0.0,False,4.86,,,,0.5476688556077541,1.4608294930875576,-0.1561242984900549,-0.1999491832826817,1.880698508694634,-113.54623519031432,False,yainerdiaz,0.0,-1.0,-0.0,Resolved
2026-09-13,2026-09-13T15:31:14.786484+00:00,2026-09-13T17:40:00+00:00,822928,Yandy Díaz,TB,HOU,price-decision-v1,0.6966501280978387,-270,Model snapshot; sportsbook quote age unverified,Not selected,Not selected,,0.0,True,1.0,,,,0.6666501280978386,1.3703703703703702,-0.045331305939999,-0.0864424170511101,1.5450383290841212,-183.4733351102836,False,yandydiaz,1.0,0.37037037037037024,0.0,Resolved
2026-09-13,2026-09-13T15:31:14.786484+00:00,2026-09-13T17:35:00+00:00,822682,Yohandy Morales,WSH,LAA,price-decision-v1,0.5852555607253045,-205,Model snapshot; sportsbook quote age unverified,Not selected,Not selected,,0.0,True,5.0,,,,0.5552555607253045,1.4878048780487805,-0.1292539218477176,-0.1738880681891811,1.8550016836473624,-116.95883401469897,False,yohandymorales,1.0,0.4878048780487805,0.0,Resolved
2026-09-13,2026-09-13T15:31:14.786484+00:00,2026-09-13T17:35:00+00:00,822682,Zach Neto,LAA,WSH,price-decision-v1,0.62305316035255,-235,Model snapshot; sportsbook quote age unverified,Not selected,Not selected,,0.0,True,1.0,,,,0.59305316035255,1.425531914893617,-0.1118178352421096,-0.1545837926889182,1.7367751642832492,-135.7266162700831,False,zachneto,1.0,0.42553191489361697,0.0,Resolved
2026-09-13,2026-09-13T15:31:14.786484+00:00,2026-09-13T20:05:00+00:00,824952,Zack Gelof,ATH,SEA,price-decision-v1,0.6140842922687688,-191,Model snapshot; sportsbook quote age unverified,Not selected,Not selected,,0.0,False,2.74,,,,0.5840842922687688,1.5235602094240837,-0.0644056070669544,-0.1101124133496769,1.7634441015339637,-130.98535937218352,False,zackgelof,1.0,0.5235602094240837,0.0,Resolved
2026-09-13,2026-09-13T16:12:42.273623+00:00,2026-09-13T18:20:00+00:00,824628,Rafael Flores,PIT,CHC,price-decision-v1,0.601372140397534,-171,Model snapshot; sportsbook quote age unverified,Not selected,Not selected,,0.0,True,4.0,,,,0.5713721403975339,1.5847953216374269,-0.0469482453349023,-0.0944921049840251,1.8026780222139889,-124.58295509845246,False,rafaelflores,1.0,0.5847953216374269,0.0,Resolved
2026-09-13,2026-09-13T16:12:42.273623+00:00,2026-09-13T18:10:00+00:00,823658,Steven Kwan,CLE,MIN,price-decision-v1,0.6013704402559303,-257,Model snapshot; sportsbook quote age unverified,Not selected,Not selected,,0.0,True,1.0,,,,0.5713704402559303,1.3891050583657587,-0.1646332794888438,-0.2063064312398166,1.8026833861734928,-124.58212256854392,False,stevenkwan,1.0,0.3891050583657587,0.0,Resolved
2026-09-13,2026-09-13T16:12:42.273623+00:00,2026-09-13T17:40:00+00:00,822928,Yordan Alvarez,HOU,TB,price-decision-v1,0.730343942588114,-266,Model snapshot; sportsbook quote age unverified,Not selected,Not selected,,0.0,True,2.0,,,,0.7003439425881139,1.3759398496240602,0.0049093345385329,-0.0363688609501889,1.470705945129825,-212.44685994441625,False,yordanalvarez,0.0,-1.0,-0.0,Resolved
2026-09-13,2026-09-13T17:30:51.168251+00:00,2026-09-13T20:10:00+00:00,825033,Lars Nootbaar,ARI,TEX,price-decision-v1,0.6349792173855894,-195,Model snapshot; sportsbook quote age unverified,Not selected,Not selected,,0.0,True,1.0,,,,0.6049792173855894,1.5128205128205128,-0.0393904147243647,-0.0847750301089802,1.7025378234497592,-142.34109063190007,False,larsnootbaar,1.0,0.5128205128205128,0.0,Resolved
2026-09-13,2026-09-13T17:30:51.168251+00:00,2026-09-13T20:05:00+00:00,824952,Max Muncy,ATH,SEA,price-decision-v1,0.6442123993239214,-204,Model snapshot; sportsbook quote age unverified,Not selected,Not selected,,0.0,True,5.0,,,,0.6142123993239214,1.4901960784313726,-0.0399972088506269,-0.0847030912035681,1.6769443292479056,-147.72263490426366,False,maxmuncy,0.0,-1.0,-0.0,Resolved
2026-09-13,2026-09-13T18:00:55.067292+00:00,2026-09-13T19:05:00+00:00,824708,Willson Contreras,BOS,KC,price-decision-v1,0.6638105512220334,-222,Model snapshot; sportsbook quote age unverified,Not selected,Not selected,,0.0,True,4.0,,,,0.6338105512220333,1.4504504504504503,-0.0371756869662398,-0.0806892004797533,1.6250912800585038,-159.976635717332,False,willsoncontreras,1.0,0.4504504504504503,0.0,Resolved
2026-09-13,2026-09-13T19:00:49.491235+00:00,2026-09-13T23:20:00+00:00,823171,Drew Cavanaugh,SF,SD,price-decision-v1,0.5324766696351957,106,Model snapshot; sportsbook quote age unverified,Not selected,Not selected,,0.0,False,5.0,,,,0.5024766696351957,2.06,0.0969019394485031,0.035101939448503,2.049846415253056,104.9846415253056,True,drewcavanaugh,0.0,-1.0,-0.0,Resolved
2026-09-13,2026-09-13T19:00:49.491235+00:00,2026-09-13T23:20:00+00:00,823171,Dustin Harris,SD,SF,price-decision-v1,0.6255580519785128,-150,Model snapshot; sportsbook quote age unverified,On card,Hold,3.0,0.0,False,2.0,,,,0.5955580519785127,1.6666666666666663,0.0425967532975211,-0.0074032467024788,1.7294703624243193,-137.08576132916536,False,dustinharris,1.0,0.6666666666666663,0.0,Resolved
2026-09-13,2026-09-13T19:00:49.491235+00:00,2026-09-13T23:20:00+00:00,823171,Ethan Salas,SD,SF,price-decision-v1,0.5801478260603634,-115,Model snapshot; sportsbook quote age unverified,Not selected,Not selected,,0.0,False,5.0,,,,0.5501478260603634,1.869565217391304,0.0846241965476359,0.0285372400258967,1.872224066349371,-114.64943912696948,False,ethansalas,1.0,0.869565217391304,0.0,Resolved
2026-09-13,2026-09-13T19:00:49.491235+00:00,2026-09-13T23:20:00+00:00,823171,Fernando Tatis,SD,SF,price-decision-v1,0.6696531355098367,-306,Model snapshot; sportsbook quote age unverified,Not selected,Not selected,,0.0,False,1.07,,,,0.6396531355098367,1.326797385620915,-0.1115059705327002,-0.1513098921013278,1.6102477152387231,-163.8678810307072,False,fernandotatis,1.0,0.326797385620915,0.0,Resolved
2026-09-13,2026-09-13T19:00:49.491235+00:00,2026-09-13T23:20:00+00:00,823171,Samad Taylor,SD,SF,price-decision-v1,0.6179569664919945,-174,Model snapshot; sportsbook quote age unverified,Not selected,Not selected,,0.0,False,2.13,,,,0.5879569664919945,1.5747126436781609,-0.0268953516160547,-0.0741367309263995,1.7518288900383738,-133.00898824850418,False,samadtaylor,1.0,0.5747126436781609,0.0,Resolved
2026-09-13,2026-09-13T19:00:49.491235+00:00,2026-09-13T23:20:00+00:00,823171,Shay Whitcomb,SF,SD,price-decision-v1,0.5143952741785015,-117,Model snapshot; sportsbook quote age unverified,Not selected,Not selected,,0.0,False,5.0,,,,0.4843952741785015,1.8547008547008548,-0.0459506453270527,-0.1015916709680784,2.126362611086171,112.63626110861708,False,shaywhitcomb,1.0,0.8547008547008548,0.0,Resolved
2026-09-13,2026-09-13T19:00:49.491235+00:00,2026-09-13T20:05:00+00:00,824952,Taylor Ward,SEA,ATH,price-decision-v1,0.6155139718591716,-168,Model snapshot; sportsbook quote age unverified,Not selected,Not selected,,0.0,False,1.67,,,,0.5855139718591715,1.5952380952380951,-0.0181086639389405,-0.0659658067960834,1.7591382093401808,-131.7283187298883,False,taylorward,,,,Pending
2026-09-13,2026-09-13T19:00:49.491235+00:00,2026-09-13T23:20:00+00:00,823171,Turner Hill,SF,SD,price-decision-v1,0.5630680474151304,-148,Model snapshot; sportsbook quote age unverified,Not selected,Not selected,,0.0,False,3.92,,,,0.5330680474151304,1.6756756756756757,-0.0564805691962679,-0.1067508394665383,1.9322111032437863,-107.2718396638198,False,turnerhill,0.0,-1.0,-0.0,Resolved
2026-09-13,2026-09-13T20:00:55.888181+00:00,2026-09-13T23:20:00+00:00,823171,Jonah Cox,SF,SD,price-decision-v1,0.5659575547824733,-177,Model snapshot; sportsbook quote age unverified,Not selected,Not selected,,0.0,True,4.0,,,,0.5359575547824733,1.5649717514124295,-0.1142924142669766,-0.1612415668093496,1.9217939756778717,-108.48411102541836,False,jonahcox,1.0,0.5649717514124295,0.0,Resolved
2026-09-13,2026-09-13T20:31:07.544694+00:00,2026-09-13T23:20:00+00:00,823171,Fernando Tatis Jr.,SD,SF,price-decision-v1,0.6706815302065914,-304,Model snapshot; sportsbook quote age unverified,Not selected,Not selected,,0.0,True,1.0,,,,0.6406815302065914,1.3289473684210529,-0.1086995453833457,-0.1485679664359772,1.6076630142090576,-164.5648947882098,False,fernandotatisjr,1.0,0.3289473684210529,0.0,Resolved
2026-09-13,2026-09-13T20:31:07.544694+00:00,2026-09-13T23:20:00+00:00,823171,Grant McCray,SF,SD,price-decision-v1,0.530328734888503,114,Model snapshot; sportsbook quote age unverified,Not selected,Not selected,,0.0,False,5.0,,,,0.5003287348885029,2.14,0.1349034926613961,0.070703492661396,2.058646502143302,105.8646502143302,True,grantmccray,,,,Pending
2026-09-14,2026-09-14T15:31:14.837839+00:00,2026-09-14T23:40:00+00:00,823656,Aaron Judge,NYY,MIN,price-decision-v1,0.6743845125855545,-213,Model snapshot; sportsbook quote age unverified,Not selected,Not selected,,0.0,False,2.56,,,,0.6443845125855545,1.4694835680751177,-0.0090030401911803,-0.0530875472334338,1.598424511891489,-167.1054544271956,False,aaronjudge,1.0,0.4694835680751177,0.0,Resolved
2026-09-14,2026-09-14T15:31:14.837839+00:00,2026-09-14T23:10:00+00:00,823575,AJ Ewing,NYM,BAL,price-decision-v1,0.6155453905807333,-162,Model snapshot; sportsbook quote age unverified,Not selected,Not selected,,0.0,False,2.23,,,,0.5855453905807333,1.617283950617284,-0.0044883189373324,-0.053006837455851,1.7590438189231832,-131.7446997221648,False,ajewing,1.0,0.617283950617284,0.0,Resolved
2026-09-14,2026-09-14T15:31:14.837839+00:00,2026-09-14T23:07:00+00:00,822765,Alejandro Kirk,TOR,DET,price-decision-v1,0.6142651542995211,-214,Model snapshot; sportsbook quote age unverified,Not selected,Not selected,,0.0,False,3.96,,,,0.5842651542995211,1.4672897196261685,-0.0986950539717307,-0.1427137455605157,1.7628982191054556,-131.0790843334987,False,alejandrokirk,1.0,0.4672897196261685,0.0,Resolved
2026-09-14,2026-09-14T15:31:14.837839+00:00,2026-09-14T23:40:00+00:00,824629,Alex Bregman,CHC,ATL,price-decision-v1,0.6296208118046305,-240,Model snapshot; sportsbook quote age unverified,Not selected,Not selected,,0.0,False,3.32,,,,0.5996208118046304,1.4166666666666667,-0.1080371832767734,-0.1505371832767734,1.717752252294399,-139.32384005809178,False,alexbregman,0.0,-1.0,-0.0,Resolved
2026-09-14,2026-09-14T15:31:14.837839+00:00,2026-09-14T23:07:00+00:00,822765,Andres Gimenez,TOR,DET,price-decision-v1,0.5751562914929399,-160,Model snapshot; sportsbook quote age unverified,Not selected,Not selected,,0.0,False,5.0,,,,0.5451562914929399,1.625,-0.0653710263239726,-0.1141210263239727,1.88936643687866,-112.43959278580624,False,andresgimenez,1.0,0.625,0.0,Resolved
2026-09-14,2026-09-14T15:31:14.837839+00:00,2026-09-14T22:40:00+00:00,824386,Andrew Benintendi,CWS,CLE,price-decision-v1,0.5681805286309737,-112,Model snapshot; sportsbook quote age unverified,Not selected,Not selected,,0.0,False,3.93,,,,0.5381805286309737,1.8928571428571428,0.0754845720514858,0.0186988577657716,1.9138559371891792,-109.42643794335692,False,andrewbenintendi,1.0,0.8928571428571428,0.0,Resolved
2026-09-14,2026-09-14T15:31:14.837839+00:00,2026-09-14T23:40:00+00:00,823656,Anthony Volpe,NYY,MIN,price-decision-v1,0.5340675533383734,-136,Model snapshot; sportsbook quote age unverified,Not selected,Not selected,,0.0,False,4.89,,,,0.5040675533383734,1.7352941176470589,-0.0732357162657637,-0.1252945397951755,2.0433769108494384,104.33769108494384,False,anthonyvolpe,0.0,-1.0,-0.0,Resolved
2026-09-14,2026-09-14T15:31:14.837839+00:00,2026-09-14T23:40:00+00:00,824629,Austin Riley,ATL,CHC,price-decision-v1,0.590828211472174,-184,Model snapshot; sportsbook quote age unverified,Not selected,Not selected,,0.0,False,4.73,,,,0.560828211472174,1.5434782608695652,-0.0880694996842531,-0.1343738475103402,1.83656952152291,-119.53579161951508,False,austinriley,1.0,0.5434782608695652,0.0,Resolved
2026-09-14,2026-09-14T15:31:14.837839+00:00,2026-09-14T23:40:00+00:00,823656,Ben Rice,NYY,MIN,price-decision-v1,0.690115698853227,-226,Model snapshot; sportsbook quote age unverified,Not selected,Not selected,,0.0,False,1.92,,,,0.660115698853227,1.4424778761061947,-0.0045233724506548,-0.0477977087338407,1.560332532296001,-178.4654544155113,False,benrice,1.0,0.4424778761061947,0.0,Resolved
2026-09-14,2026-09-14T15:31:14.837839+00:00,2026-09-14T23:10:00+00:00,823575,Bo Bichette,NYM,BAL,price-decision-v1,0.644920958181583,-258,Model snapshot; sportsbook quote age unverified,Not selected,Not selected,,0.0,False,2.6,,,,0.614920958181583,1.3875968992248062,-0.1051096781821444,-0.1467375851588886,1.6750120260104169,-148.14550874158326,False,bobichette,0.0,-1.0,-0.0,Resolved
2026-09-14,2026-09-14T15:31:14.837839+00:00,2026-09-14T22:40:00+00:00,824386,Brayan Rocchio,CLE,CWS,price-decision-v1,0.5854659104572161,-143,Model snapshot; sportsbook quote age unverified,Not selected,Not selected,,0.0,False,3.36,,,,0.555465910457216,1.6993006993006992,-0.0051173689433322,-0.0560963899223532,1.8542992119033637,-117.05500673142583,False,brayanrocchio,1.0,0.6993006993006992,0.0,Resolved
2026-09-14,2026-09-14T15:31:14.837839+00:00,2026-09-14T23:10:00+00:00,823575,Brett Baty,NYM,BAL,price-decision-v1,0.5579673183713663,-111,Model snapshot; sportsbook quote age unverified,Not selected,Not selected,,0.0,False,4.67,,,,0.5279673183713662,1.900900900900901,0.06064057816539,0.0036135511383628,1.9508783293202052,-105.165925982866,False,brettbaty,0.0,-1.0,-0.0,Resolved
2026-09-14,2026-09-14T15:31:14.837839+00:00,2026-09-14T23:40:00+00:00,823656,Brooks Lee,MIN,NYY,price-decision-v1,0.599693160673746,-215,Model snapshot; sportsbook quote age unverified,Not selected,Not selected,,0.0,False,2.53,,,,0.569693160673746,1.4651162790697674,-0.121379787850093,-0.1653332762221862,1.8079908117237595,-123.7637836334562,False,brookslee,1.0,0.4651162790697674,0.0,Resolved
2026-09-14,2026-09-14T15:31:14.837839+00:00,2026-09-14T23:45:00+00:00,823006,Bryce Eldridge,SF,STL,price-decision-v1,0.5969582915820378,-183,Model snapshot; sportsbook quote age unverified,Not selected,Not selected,,0.0,False,2.66,,,,0.5669582915820378,1.5464480874316942,-0.076834991706466,-0.1232284343294168,1.8167121202617795,-122.44216477153196,False,bryceeldridge,1.0,0.5464480874316942,0.0,Resolved
2026-09-14,2026-09-14T15:31:14.837839+00:00,2026-09-15T01:38:00+00:00,823981,Cal Raleigh,SEA,LAA,price-decision-v1,0.5572252771708437,-156,Model snapshot; sportsbook quote age unverified,Not selected,Not selected,,0.0,False,3.74,,,,0.5272252771708437,1.641025641025641,-0.0855790323350257,-0.134809801565795,1.953624085565677,-104.86312323024156,False,calraleigh,1.0,0.641025641025641,0.0,Resolved
2026-09-14,2026-09-14T15:31:14.837839+00:00,2026-09-14T23:10:00+00:00,823575,Carson Benge,NYM,BAL,price-decision-v1,0.6159204309710775,-189,Model snapshot; sportsbook quote age unverified,Not selected,Not selected,,0.0,False,2.83,,,,0.5859204309710775,1.529100529100529,-0.0581957431182994,-0.1040687589913154,1.7579178768231816,-131.94041605028602,False,carsonbenge,1.0,0.5291005291005291,0.0,Resolved
2026-09-14,2026-09-14T15:31:14.837839+00:00,2026-09-14T23:40:00+00:00,824629,Carson Kelly,CHC,ATL,price-decision-v1,0.5970275783102962,-156,Model snapshot; sportsbook quote age unverified,Not selected,Not selected,,0.0,False,4.17,,,,0.5670275783102962,1.641025641025641,-0.0202624355933601,-0.0694932048241294,1.816490130990331,-122.47545463741096,False,carsonkelly,1.0,0.641025641025641,0.0,Resolved
2026-09-14,2026-09-14T15:31:14.837839+00:00,2026-09-14T22:40:00+00:00,824386,Chase DeLauter,CLE,CWS,price-decision-v1,0.6499199950157795,-222,Model snapshot; sportsbook quote age unverified,Not selected,Not selected,,0.0,False,2.63,,,,0.6199199950157794,1.4504504504504503,-0.0573232504726081,-0.1008367639861217,1.661504723643867,-151.17050026363353,False,chasedelauter,0.0,-1.0,-0.0,Resolved
2026-09-14,2026-09-14T15:31:14.837839+00:00,2026-09-14T22:40:00+00:00,824386,Chase Meidroth,CWS,CLE,price-decision-v1,0.5754024026378205,-153,Model snapshot; sportsbook quote age unverified,Not selected,Not selected,,0.0,False,3.14,,,,0.5454024026378205,1.65359477124183,-0.0485175956381138,-0.0981254387753688,1.888513866126074,-112.54748385188472,False,chasemeidroth,1.0,0.65359477124183,0.0,Resolved
2026-09-14,2026-09-14T15:31:14.837839+00:00,2026-09-14T23:45:00+00:00,823006,Christian Koss,SF,STL,price-decision-v1,0.5579373546269227,-137,Model snapshot; sportsbook quote age unverified,Not selected,Not selected,,0.0,False,5.0,,,,0.5279373546269227,1.72992700729927,-0.034809101849776,-0.0867069120687541,1.950989053858236,-105.15368141651292,False,christiankoss,0.0,-1.0,-0.0,Resolved
2026-09-14,2026-09-14T15:31:14.837839+00:00,2026-09-14T23:10:00+00:00,823575,Coby Mayo,BAL,NYM,price-decision-v1,0.5636612888005358,-139,Model snapshot; sportsbook quote age unverified,Not selected,Not selected,,0.0,False,4.08,,,,0.5336612888005358,1.7194244604316546,-0.0308269926379276,-0.0824097264508774,1.9300631723073671,-107.51957821522258,False,cobymayo,1.0,0.7194244604316546,0.0,Resolved
2026-09-14,2026-09-14T15:31:14.837839+00:00,2026-09-14T23:40:00+00:00,823656,Cody Bellinger,NYY,MIN,price-decision-v1,0.6396245887772579,-220,Model snapshot; sportsbook quote age unverified,On card,Hold,3.0,0.0,False,3.4,,,,0.6096245887772579,1.4545454545454546,-0.0696369617785339,-0.1132733254148975,1.6895643957962745,-145.0190882963512,False,codybellinger,1.0,0.4545454545454546,0.0,Resolved
2026-09-14,2026-09-14T15:31:14.837839+00:00,2026-09-15T01:38:00+00:00,823981,Cole Young,SEA,LAA,price-decision-v1,0.6154981079119691,-177,Model snapshot; sportsbook quote age unverified,Not selected,Not selected,,0.0,False,2.17,,,,0.5854981079119691,1.5649717514124295,-0.0367628480699691,-0.083712000612342,1.7591858728173084,-131.7200485157923,False,coleyoung,0.0,-1.0,-0.0,Resolved
2026-09-14,2026-09-14T15:31:14.837839+00:00,2026-09-14T22:40:00+00:00,824386,Colson Montgomery,CWS,CLE,price-decision-v1,0.5526701773301009,113,Model snapshot; sportsbook quote age unverified,Not selected,Not selected,,0.0,False,4.23,,,,0.5226701773301009,2.13,0.1771874777131148,0.1132874777131149,1.9706500287838051,-103.0237439185954,True,colsonmontgomery,0.0,-1.0,-0.0,Resolved
2026-09-14,2026-09-14T15:31:14.837839+00:00,2026-09-14T23:07:00+00:00,822765,Colt Keith,DET,TOR,price-decision-v1,0.6039722410995246,-160,Model snapshot; sportsbook quote age unverified,Not selected,Not selected,,0.0,False,3.19,,,,0.5739722410995246,1.625,-0.0185451082132724,-0.0672951082132725,1.7945118705164036,-125.86344359462328,False,coltkeith,,,,Pending
2026-09-14,2026-09-14T15:31:14.837839+00:00,2026-09-14T23:10:00+00:00,823575,Colton Cowser,BAL,NYM,price-decision-v1,0.5258898221951757,109,Model snapshot; sportsbook quote age unverified,Not selected,Not selected,,0.0,False,4.5,,,,0.4958898221951756,2.09,0.0991097283879169,0.036409728387917,2.077074289285586,107.70742892855858,True,coltoncowser,1.0,1.0899999999999999,0.0,Resolved
2026-09-14,2026-09-14T15:31:14.837839+00:00,2026-09-15T01:40:00+00:00,825034,Corbin Carroll,ARI,MIA,price-decision-v1,0.6456715453474251,-221,Model snapshot; sportsbook quote age unverified,Not selected,Not selected,,0.0,False,2.0,,,,0.6156715453474251,1.4524886877828054,-0.0621693843596223,-0.1057440449931066,1.6729699590367917,-148.5950429988405,False,corbincarroll,1.0,0.4524886877828054,0.0,Resolved
2026-09-14,2026-09-14T15:31:14.837839+00:00,2026-09-14T22:40:00+00:00,824465,Dane Myers,CIN,LAD,price-decision-v1,0.6207374435530605,-161,Model snapshot; sportsbook quote age unverified,Not selected,Not selected,,0.0,False,2.33,,,,0.5907374435530605,1.62111801242236,0.0062886507288744,-0.0423448896437964,1.74358339942859,-134.48390601087308,False,danemyers,1.0,0.6211180124223601,0.0,Resolved
2026-09-14,2026-09-14T15:31:14.837839+00:00,2026-09-14T23:07:00+00:00,822765,Dillon Dingler,DET,TOR,price-decision-v1,0.6602160597439554,-183,Model snapshot; sportsbook quote age unverified,Not selected,Not selected,,0.0,False,3.13,,,,0.6302160597439553,1.5464480874316942,0.0209898628827289,-0.025403579740222,1.6343601278876791,-157.6391636293165,False,dillondingler,1.0,0.5464480874316942,0.0,Resolved
2026-09-14,2026-09-14T15:31:14.837839+00:00,2026-09-15T01:38:00+00:00,823981,Dominic Canzone,SEA,LAA,price-decision-v1,0.6173066427435594,-184,Model snapshot; sportsbook quote age unverified,Not selected,Not selected,,0.0,False,3.17,,,,0.5873066427435594,1.5434782608695652,-0.0472006166349409,-0.0935049644610279,1.7537686874925025,-132.66669425160316,False,dominiccanzone,1.0,0.5434782608695652,0.0,Resolved
2026-09-14,2026-09-14T15:31:14.837839+00:00,2026-09-14T23:40:00+00:00,824629,Drake Baldwin,ATL,CHC,price-decision-v1,0.7017053889389469,-258,Model snapshot; sportsbook quote age unverified,Not selected,Not selected,,0.0,False,1.75,,,,0.6717053889389468,1.3875968992248062,-0.0263157781389806,-0.0679436851157249,1.5334103566252906,-187.47292540899775,False,drakebaldwin,1.0,0.3875968992248062,0.0,Resolved
2026-09-14,2026-09-14T15:31:14.837839+00:00,2026-09-14T23:10:00+00:00,823575,Dylan Beavers,BAL,NYM,price-decision-v1,0.5869320597090238,-156,Model snapshot; sportsbook quote age unverified,Not selected,Not selected,,0.0,False,2.48,,,,0.5569320597090238,1.641025641025641,-0.0368294404774993,-0.0860602097082686,1.8494176839777128,-117.72771145017016,False,dylanbeavers,0.0,-1.0,-0.0,Resolved
2026-09-14,2026-09-14T15:31:14.837839+00:00,2026-09-14T22:40:00+00:00,824465,Elly De La Cruz,CIN,LAD,price-decision-v1,0.6695272914043714,-152,Model snapshot; sportsbook quote age unverified,Not selected,Not selected,,0.0,False,1.36,,,,0.6395272914043714,1.6578947368421053,0.1100057725914578,0.0602689304861947,1.610564574559702,-163.782839959415,True,ellydelacruz,1.0,0.6578947368421053,0.0,Resolved
2026-09-14,2026-09-14T15:31:14.837839+00:00,2026-09-14T23:07:00+00:00,822765,Ernie Clement,TOR,DET,price-decision-v1,0.6232690952163102,-189,Model snapshot; sportsbook quote age unverified,Not selected,Not selected,,0.0,False,3.25,,,,0.5932690952163102,1.529100529100529,-0.046958896732732,-0.0928319126057478,1.7361430222898335,-135.84316766182437,False,ernieclement,1.0,0.5291005291005291,0.0,Resolved
2026-09-14,2026-09-14T15:31:14.837839+00:00,2026-09-14T22:40:00+00:00,824465,Eugenio Suarez,CIN,LAD,price-decision-v1,0.5437317228471105,102,Model snapshot; sportsbook quote age unverified,Not selected,Not selected,,0.0,False,4.58,,,,0.5137317228471104,2.02,0.098338080151163,0.037738080151163,2.004937507638659,100.4937507638659,True,eugeniosuarez,1.0,1.02,0.0,Resolved
2026-09-14,2026-09-14T15:31:14.837839+00:00,2026-09-15T00:40:00+00:00,824308,Ezequiel Tovar,COL,SD,price-decision-v1,0.5646484792025794,-146,Model snapshot; sportsbook quote age unverified,Not selected,Not selected,,0.0,False,4.25,,,,0.5346484792025794,1.6849315068493151,-0.0486059870970236,-0.0991539323025031,1.9264994478918755,-107.93314580762733,False,ezequieltovar,1.0,0.6849315068493151,0.0,Resolved
2026-09-14,2026-09-14T15:31:14.837839+00:00,2026-09-14T23:10:00+00:00,823575,Francisco Alvarez,NYM,BAL,price-decision-v1,0.5848279279787892,-118,Model snapshot; sportsbook quote age unverified,Not selected,Not selected,,0.0,False,4.78,,,,0.5548279279787892,1.847457627118644,0.0804448160964073,0.0250210872828477,1.8564314232562864,-116.7635811630829,False,franciscoalvarez,1.0,0.847457627118644,0.0,Resolved
2026-09-14,2026-09-14T15:31:14.837839+00:00,2026-09-14T23:10:00+00:00,823575,Francisco Lindor,NYM,BAL,price-decision-v1,0.6296442828387038,-210,Model snapshot; sportsbook quote age unverified,Not selected,Not selected,,0.0,False,2.14,,,,0.5996442828387037,1.4761904761904765,-0.0705251062857229,-0.1148108205714373,1.717685016730254,-139.33689246516008,False,franciscolindor,0.0,-1.0,-0.0,Resolved
2026-09-14,2026-09-14T15:31:14.837839+00:00,2026-09-14T22:40:00+00:00,824465,Freddie Freeman,LAD,CIN,price-decision-v1,0.6815168122459921,-205,Model snapshot; sportsbook quote age unverified,On card,Hold,2.0,0.0,False,2.99,,,,0.6515168122459921,1.4878048780487805,0.0139640377318419,-0.0306701086096214,1.5809262027318256,-172.13890427002008,False,freddiefreeman,,,,Pending
2026-09-14,2026-09-14T15:31:14.837839+00:00,2026-09-15T01:40:00+00:00,825034,Gabriel Moreno,ARI,MIA,price-decision-v1,0.6322490809934103,-269,Model snapshot; sportsbook quote age unverified,Not selected,Not selected,,0.0,False,3.37,,,,0.6022490809934102,1.3717472118959106,-0.1327140859235377,-0.173866502280415,1.710255826876505,-140.79433947028696,False,gabrielmoreno,1.0,0.37174721189591065,0.0,Resolved
2026-09-14,2026-09-14T15:31:14.837839+00:00,2026-09-14T23:07:00+00:00,822765,George Springer,TOR,DET,price-decision-v1,0.6052072027954111,-243,Model snapshot; sportsbook quote age unverified,Not selected,Not selected,,0.0,False,2.54,,,,0.575207202795411,1.411522633744856,-0.1457363351488643,-0.1880820141612099,1.7906590790142611,-126.47676179811032,False,georgespringer,1.0,0.4115226337448561,0.0,Resolved
2026-09-14,2026-09-14T15:31:14.837839+00:00,2026-09-15T01:40:00+00:00,825034,Geraldo Perdomo,ARI,MIA,price-decision-v1,0.626439874801398,-225,Model snapshot; sportsbook quote age unverified,Not selected,Not selected,,0.0,False,3.0,,,,0.5964398748013979,1.4444444444444444,-0.0951424030646473,-0.1384757363979808,1.726913379731643,-137.56797273000717,False,geraldoperdomo,0.0,-1.0,-0.0,Resolved
2026-09-14,2026-09-14T15:31:14.837839+00:00,2026-09-15T01:40:00+00:00,825034,Graham Pauley,MIA,ARI,price-decision-v1,0.5243133319081655,-115,Model snapshot; sportsbook quote age unverified,Not selected,Not selected,,0.0,False,5.0,,,,0.4943133319081655,1.869565217391304,-0.0197620316499514,-0.0758489881716906,2.0836986047371173,108.36986047371173,False,grahampauley,,,,No PA - excluded (book settlement unverified)
2026-09-14,2026-09-14T15:31:14.837839+00:00,2026-09-15T01:40:00+00:00,825034,Griffin Conine,MIA,ARI,price-decision-v1,0.6337467042417719,-167,Model snapshot; sportsbook quote age unverified,Not selected,Not selected,,0.0,False,3.59,,,,0.6037467042417719,1.598802395209581,0.0132357486979226,-0.0347283231583648,1.7060134535948273,-141.64036037957544,False,griffinconine,1.0,0.5988023952095809,0.0,Resolved
2026-09-14,2026-09-14T15:31:14.837839+00:00,2026-09-14T23:10:00+00:00,823575,Gunnar Henderson,BAL,NYM,price-decision-v1,0.5866436007917353,-173,Model snapshot; sportsbook quote age unverified,Not selected,Not selected,,0.0,False,2.5,,,,0.5566436007917352,1.5780346820809248,-0.0742560519298051,-0.1215970923922328,1.850376072831866,-117.595030239958,False,gunnarhenderson,1.0,0.5780346820809248,0.0,Resolved
2026-09-14,2026-09-14T15:31:14.837839+00:00,2026-09-14T23:07:00+00:00,822765,Hao-Yu Lee,DET,TOR,price-decision-v1,0.5994350971699414,-176,Model snapshot; sportsbook quote age unverified,Not selected,Not selected,,0.0,False,2.68,,,,0.5694350971699413,1.5681818181818183,-0.0599767794380463,-0.1070222339835009,1.808810178928273,-123.63840441833536,False,haoyulee,0.0,-1.0,-0.0,Resolved
2026-09-14,2026-09-14T15:31:14.837839+00:00,2026-09-15T01:40:00+00:00,825034,Heriberto Hernandez,MIA,ARI,price-decision-v1,0.6134158233210638,-185,Model snapshot; sportsbook quote age unverified,Not selected,Not selected,,0.0,False,3.09,,,,0.5834158233210638,1.5405405405405406,-0.0550080559648475,-0.1012242721810638,1.765464628876158,-130.63960923552835,False,heribertohernandez,1.0,0.5405405405405406,0.0,Resolved
2026-09-14,2026-09-14T15:31:14.837839+00:00,2026-09-15T00:40:00+00:00,824308,Hunter Goodman,COL,SD,price-decision-v1,0.5944192161019207,-233,Model snapshot; sportsbook quote age unverified,Not selected,Not selected,,0.0,False,3.49,,,,0.5644192161019207,1.4291845493562232,-0.1504652405066969,-0.1933407769873837,1.824884714438933,-121.22906177018642,False,huntergoodman,1.0,0.4291845493562232,0.0,Resolved
2026-09-14,2026-09-14T15:31:14.837839+00:00,2026-09-14T23:40:00+00:00,824629,Ian Happ,CHC,ATL,price-decision-v1,0.5777482960434788,-148,Model snapshot; sportsbook quote age unverified,Not selected,Not selected,,0.0,False,4.77,,,,0.5477482960434787,1.6756756756756757,-0.0318812336568734,-0.0821515039271437,1.880425749271964,-113.58141226865682,False,ianhapp,1.0,0.6756756756756757,0.0,Resolved
2026-09-14,2026-09-14T15:31:14.837839+00:00,2026-09-14T23:45:00+00:00,823006,Ivan Herrera,STL,SF,price-decision-v1,0.6157757498336315,-223,Model snapshot; sportsbook quote age unverified,Not selected,Not selected,,0.0,False,2.22,,,,0.5857757498336315,1.4484304932735426,-0.1080916269225875,-0.1515445417207939,1.75835206611495,-131.8648744669499,False,ivanherrera,0.0,-1.0,-0.0,Resolved
2026-09-14,2026-09-14T15:31:14.837839+00:00,2026-09-15T01:40:00+00:00,825034,Jakob Marsee,MIA,ARI,price-decision-v1,0.5656837653594933,-167,Model snapshot; sportsbook quote age unverified,Not selected,Not selected,,0.0,False,3.44,,,,0.5356837653594932,1.598802395209581,-0.0955834410120677,-0.1435475128683552,1.922776209782604,-108.3686368806137,False,jakobmarsee,1.0,0.5988023952095809,0.0,Resolved
2026-09-14,2026-09-14T15:31:14.837839+00:00,2026-09-14T23:10:00+00:00,823575,Jared Young,NYM,BAL,price-decision-v1,0.5914330894287554,-141,Model snapshot; sportsbook quote age unverified,Not selected,Not selected,,0.0,False,4.56,,,,0.5614330894287554,1.7092198581560285,0.0108891812221989,-0.0403874145224818,1.834590834409137,-119.8191926835582,False,jaredyoung,0.0,-1.0,-0.0,Resolved
2026-09-14,2026-09-14T15:31:14.837839+00:00,2026-09-15T01:40:00+00:00,825034,Javier Sanoja,MIA,ARI,price-decision-v1,0.590089113621987,-224,Model snapshot; sportsbook quote age unverified,Not selected,Not selected,,0.0,False,4.63,,,,0.560089113621987,1.4464285714285714,-0.1464782463681974,-0.1898711035110545,1.838993072618732,-119.1904954445834,False,javiersanoja,1.0,0.4464285714285714,0.0,Resolved
2026-09-14,2026-09-14T15:31:14.837839+00:00,2026-09-14T22:40:00+00:00,824465,JJ Bleday,CIN,LAD,price-decision-v1,0.6521626036812769,-109,Model snapshot; sportsbook quote age unverified,Not selected,Not selected,,0.0,False,2.91,,,,0.6221626036812768,1.9174311926605505,0.2504769189852007,0.1929539832053841,1.655515766948364,-152.55163192417484,True,jjbleday,0.0,-1.0,-0.0,Resolved
2026-09-14,2026-09-14T15:31:14.837839+00:00,2026-09-15T01:40:00+00:00,825034,Joe Mack,MIA,ARI,price-decision-v1,0.551221232612539,-119,Model snapshot; sportsbook quote age unverified,Not selected,Not selected,,0.0,False,5.0,,,,0.5212212326125389,1.8403361344537816,0.0144323524550087,-0.0407777315786047,1.976128245653555,-102.44555512584948,False,joemack,1.0,0.8403361344537816,0.0,Resolved
2026-09-14,2026-09-14T15:31:14.837839+00:00,2026-09-15T01:40:00+00:00,825034,Jordan Lawlar,ARI,MIA,price-decision-v1,0.5933201908455711,-127,Model snapshot; sportsbook quote age unverified,Not selected,Not selected,,0.0,False,5.0,,,,0.5633201908455711,1.7874015748031495,0.0605014434798789,0.0068793962357844,1.828445024230216,-120.7080700290513,False,jordanlawlar,1.0,0.7874015748031495,0.0,Resolved
2026-09-14,2026-09-14T15:31:14.837839+00:00,2026-09-14T23:45:00+00:00,823006,Jordan Walker,STL,SF,price-decision-v1,0.6247015013855606,-250,Model snapshot; sportsbook quote age unverified,Not selected,Not selected,,0.0,False,3.43,,,,0.5947015013855605,1.4,-0.1254178980602152,-0.1674178980602152,1.7319613244632186,-136.61924019460272,False,jordanwalker,1.0,0.3999999999999999,0.0,Resolved
2026-09-14,2026-09-14T15:31:14.837839+00:00,2026-09-14T22:40:00+00:00,824386,Jose Ramirez,CLE,CWS,price-decision-v1,0.6387145244617077,-222,Model snapshot; sportsbook quote age unverified,Not selected,Not selected,,0.0,False,2.42,,,,0.6087145244617077,1.4504504504504503,-0.0735762302852707,-0.1170897437987842,1.692090394772228,-144.48979606617823,False,joseramirez,1.0,0.4504504504504503,0.0,Resolved
2026-09-14,2026-09-14T15:31:14.837839+00:00,2026-09-14T23:40:00+00:00,823656,Josh Bell,MIN,NYY,price-decision-v1,0.6024697378784236,-201,Model snapshot; sportsbook quote age unverified,Not selected,Not selected,,0.0,False,3.99,,,,0.5724697378784236,1.4975124378109452,-0.0977940741223606,-0.142719447256689,1.79922174369808,-125.12172095980506,False,joshbell,1.0,0.49751243781094523,0.0,Resolved
2026-09-14,2026-09-14T15:31:14.837839+00:00,2026-09-15T01:38:00+00:00,823981,Josh Naylor,SEA,LAA,price-decision-v1,0.6212793115587393,-221,Model snapshot; sportsbook quote age unverified,Not selected,Not selected,,0.0,False,4.22,,,,0.5912793115587393,1.4524886877828054,-0.0975988280074421,-0.1411734886409262,1.7419855216728264,-134.77351926564188,False,joshnaylor,0.0,-1.0,-0.0,Resolved
2026-09-14,2026-09-14T15:31:14.837839+00:00,2026-09-15T01:38:00+00:00,823981,J.P. Crawford,SEA,LAA,price-decision-v1,0.6352540381238283,-173,Model snapshot; sportsbook quote age unverified,Not selected,Not selected,,0.0,False,1.24,,,,0.6052540381238283,1.5780346820809248,0.002452904091359,-0.0448881363710687,1.7017647716862871,-142.4978910806646,False,jpcrawford,1.0,0.5780346820809248,0.0,Resolved
2026-09-14,2026-09-14T15:31:14.837839+00:00,2026-09-14T23:10:00+00:00,823575,Juan Soto,NYM,BAL,price-decision-v1,0.6352768731594913,-185,Model snapshot; sportsbook quote age unverified,Not selected,Not selected,,0.0,False,2.48,,,,0.6052768731594913,1.5405405405405406,-0.0213302224299728,-0.067546438646189,1.70170056989538,-142.510928863731,False,juansoto,1.0,0.5405405405405406,0.0,Resolved
2026-09-14,2026-09-14T15:31:14.837839+00:00,2026-09-15T01:38:00+00:00,823981,Julio Rodriguez,SEA,LAA,price-decision-v1,0.623739740150032,-197,Model snapshot; sportsbook quote age unverified,Not selected,Not selected,,0.0,False,2.96,,,,0.593739740150032,1.5076142131979695,-0.0596411024134035,-0.1048695288093427,1.7347668184375356,-136.0975992528455,False,juliorodriguez,0.0,-1.0,-0.0,Resolved
2026-09-14,2026-09-14T15:31:14.837839+00:00,2026-09-14T23:45:00+00:00,823006,Jung Hoo Lee,SF,STL,price-decision-v1,0.6152168829496286,-206,Model snapshot; sportsbook quote age unverified,Not selected,Not selected,,0.0,False,4.42,,,,0.5852168829496286,1.4854368932038835,-0.0861341447447264,-0.130697251540843,1.7600312465501022,-131.57353786954846,False,junghoolee,1.0,0.4854368932038835,0.0,Resolved
2026-09-14,2026-09-14T15:31:14.837839+00:00,2026-09-14T23:07:00+00:00,822765,Kazuma Okamoto,TOR,DET,price-decision-v1,0.6038092608632415,-138,Model snapshot; sportsbook quote age unverified,Not selected,Not selected,,0.0,False,4.02,,,,0.5738092608632415,1.7246376811594204,0.0413522035177644,-0.0103869269170182,1.7950215694505574,-125.78275086185448,False,kazumaokamoto,1.0,0.7246376811594204,0.0,Resolved
2026-09-14,2026-09-14T15:31:14.837839+00:00,2026-09-14T22:40:00+00:00,824465,Ke'Bryan Hayes,CIN,LAD,price-decision-v1,0.5698601222203392,-107,Model snapshot; sportsbook quote age unverified,Not selected,Not selected,,0.0,False,4.5,,,,0.5398601222203392,1.9345794392523368,0.1024396756972918,0.0444022925197216,1.9079016167443728,-110.1440928793453,True,kebryanhayes,0.0,-1.0,-0.0,Resolved
2026-09-14,2026-09-14T15:31:14.837839+00:00,2026-09-15T01:40:00+00:00,825034,Ketel Marte,ARI,MIA,price-decision-v1,0.6791864420057294,-263,Model snapshot; sportsbook quote age unverified,Not selected,Not selected,,0.0,False,1.0,,,,0.6491864420057294,1.3802281368821292,-0.0625677625548297,-0.1039746066612936,1.5866012186232776,-170.473563342904,False,ketelmarte,1.0,0.3802281368821292,0.0,Resolved
2026-09-14,2026-09-14T15:31:14.837839+00:00,2026-09-14T23:07:00+00:00,822765,Kevin McGonigle,DET,TOR,price-decision-v1,0.6591810242267977,-241,Model snapshot; sportsbook quote age unverified,Not selected,Not selected,,0.0,False,1.63,,,,0.6291810242267977,1.4149377593360997,-0.0672998785836596,-0.1097480113637426,1.6370487353234626,-156.97386158254412,False,kevinmcgonigle,1.0,0.41493775933609967,0.0,Resolved
2026-09-14,2026-09-14T15:31:14.837839+00:00,2026-09-14T23:40:00+00:00,823656,Kody Clemens,MIN,NYY,price-decision-v1,0.6061930056572382,-187,Model snapshot; sportsbook quote age unverified,Not selected,Not selected,,0.0,False,3.66,,,,0.5761930056572382,1.53475935828877,-0.0696396116383564,-0.1156823923870195,1.7875954582703135,-126.96873623372092,False,kodyclemens,0.0,-1.0,-0.0,Resolved
2026-09-14,2026-09-14T15:31:14.837839+00:00,2026-09-15T00:40:00+00:00,824308,Kyle Karros,COL,SD,price-decision-v1,0.6003585041305448,-194,Model snapshot; sportsbook quote age unverified,Not selected,Not selected,,0.0,False,3.59,,,,0.5703585041305448,1.5154639175257731,-0.0901783494104114,-0.1356422669361847,1.8058817262138196,-124.08768774273912,False,kylekarros,1.0,0.5154639175257731,0.0,Resolved
2026-09-14,2026-09-14T15:31:14.837839+00:00,2026-09-15T01:40:00+00:00,825034,Kyle Stowers,MIA,ARI,price-decision-v1,0.622866152671583,-207,Model snapshot; sportsbook quote age unverified,Not selected,Not selected,,0.0,False,2.86,,,,0.5928661526715829,1.4830917874396137,-0.0762323242986668,-0.1207250779218552,1.737322995010927,-135.62577144161634,False,kylestowers,1.0,0.4830917874396137,0.0,Resolved
2026-09-14,2026-09-14T15:31:14.837839+00:00,2026-09-14T22:40:00+00:00,824465,Kyle Tucker,LAD,CIN,price-decision-v1,0.61517048608884,-202,Model snapshot; sportsbook quote age unverified,Not selected,Not selected,,0.0,False,4.44,,,,0.5851704860888399,1.495049504950495,-0.0802896693127244,-0.1251411544612393,1.7601707954963857,-131.54938415478165,False,kyletucker,1.0,0.49504950495049505,0.0,Resolved
2026-09-14,2026-09-14T15:31:14.837839+00:00,2026-09-14T23:40:00+00:00,823656,Luis Garcia (NYY),MIN,NYY,price-decision-v1,0.6382565489252923,-228,Model snapshot; sportsbook quote age unverified,Not selected,Not selected,,0.0,False,2.86,,,,0.6082565489252922,1.4385964912280702,-0.0818063682127374,-0.1249642629495795,1.6933644229887403,-144.22430209059618,False,luisgarcianyy,,,,Pending
2026-09-14,2026-09-14T15:31:14.837839+00:00,2026-09-14T23:40:00+00:00,823656,Luke Keaschall,MIN,NYY,price-decision-v1,0.6135990205949586,-262,Model snapshot; sportsbook quote age unverified,Not selected,Not selected,,0.0,False,1.52,,,,0.5835990205949586,1.381679389312977,-0.1522028799413167,-0.193653261620706,1.7649104327658935,-130.73426079234264,False,lukekeaschall,0.0,-1.0,-0.0,Resolved
2026-09-14,2026-09-14T15:31:14.837839+00:00,2026-09-14T23:10:00+00:00,823575,Marcus Semien,NYM,BAL,price-decision-v1,0.5773029134757609,-153,Model snapshot; sportsbook quote age unverified,Not selected,Not selected,,0.0,False,4.7,,,,0.5473029134757609,1.65359477124183,-0.0453749208538072,-0.094982763991062,1.881955996650504,-113.38434159955874,False,marcussemien,1.0,0.65359477124183,0.0,Resolved
2026-09-14,2026-09-14T15:31:14.837839+00:00,2026-09-14T23:45:00+00:00,823006,Masyn Winn,STL,SF,price-decision-v1,0.5737804942091558,-162,Model snapshot; sportsbook quote age unverified,Not selected,Not selected,,0.0,False,3.67,,,,0.5437804942091558,1.617283950617284,-0.0720340155382789,-0.1205525340567974,1.8941466473488997,-111.83847783413944,False,masynwinn,0.0,-1.0,-0.0,Resolved
2026-09-14,2026-09-14T15:31:14.837839+00:00,2026-09-14T23:40:00+00:00,824629,Matt Olson,ATL,CHC,price-decision-v1,0.6761415897119429,-226,Model snapshot; sportsbook quote age unverified,Not selected,Not selected,,0.0,False,3.08,,,,0.6461415897119429,1.4424778761061947,-0.0246807157252504,-0.0679550520084363,1.5940778559993103,-168.32810546656043,False,mattolson,0.0,-1.0,-0.0,Resolved
2026-09-14,2026-09-14T15:31:14.837839+00:00,2026-09-14T23:40:00+00:00,824629,Mauricio Dubon,ATL,CHC,price-decision-v1,0.6280755992550658,-231,Model snapshot; sportsbook quote age unverified,Not selected,Not selected,,0.0,False,3.82,,,,0.5980755992550658,1.432900432900433,-0.1000302019332173,-0.1430172149202303,1.722190307183437,-138.46765735475304,False,mauriciodubon,1.0,0.4329004329004329,0.0,Resolved
2026-09-14,2026-09-14T15:31:14.837839+00:00,2026-09-14T23:40:00+00:00,824629,Michael Busch,CHC,ATL,price-decision-v1,0.6038024956853038,-184,Model snapshot; sportsbook quote age unverified,Not selected,Not selected,,0.0,False,3.34,,,,0.5738024956853037,1.5434782608695652,-0.0680439740509442,-0.1143483218770312,1.7950427329003693,-125.77940261801184,False,michaelbusch,0.0,-1.0,-0.0,Resolved
2026-09-14,2026-09-14T15:31:14.837839+00:00,2026-09-14T23:40:00+00:00,824629,Michael Conforto,CHC,ATL,price-decision-v1,0.6217396097628862,-152,Model snapshot; sportsbook quote age unverified,Not selected,Not selected,,0.0,False,3.83,,,,0.5917396097628862,1.6578947368421053,0.0307788267121535,-0.0189580153931097,1.740630478349637,-135.02009831249745,False,michaelconforto,1.0,0.6578947368421053,0.0,Resolved
2026-09-14,2026-09-14T15:31:14.837839+00:00,2026-09-15T00:40:00+00:00,824308,Mickey Moniak,COL,SD,price-decision-v1,0.6201701079737507,-221,Model snapshot; sportsbook quote age unverified,Not selected,Not selected,,0.0,False,2.85,,,,0.5901701079737507,1.4524886877828054,-0.099209933667086,-0.1427845943005703,1.7452595210833888,-134.18144575278868,False,mickeymoniak,0.0,-1.0,-0.0,Resolved
2026-09-14,2026-09-14T15:31:14.837839+00:00,2026-09-14T22:40:00+00:00,824465,Miguel Rojas,LAD,CIN,price-decision-v1,0.6081440410499208,-140,Model snapshot; sportsbook quote age unverified,Not selected,Not selected,,0.0,False,4.33,,,,0.5781440410499208,1.7142857142857144,0.0425326417998643,-0.0088959296287071,1.781562944295854,-127.94874773661972,False,miguelrojas,0.0,-1.0,-0.0,Resolved
2026-09-14,2026-09-14T15:31:14.837839+00:00,2026-09-14T22:40:00+00:00,824386,Miguel Vargas,CWS,CLE,price-decision-v1,0.6324046423804971,-175,Model snapshot; sportsbook quote age unverified,Not selected,Not selected,,0.0,False,2.62,,,,0.6024046423804971,1.5714285714285714,-0.0062212762592188,-0.053364133402076,1.7098141805976004,-140.88194168762436,False,miguelvargas,1.0,0.5714285714285714,0.0,Resolved
2026-09-14,2026-09-14T15:31:14.837839+00:00,2026-09-15T01:38:00+00:00,823981,Mike Trout,LAA,SEA,price-decision-v1,0.669707526045712,-208,Model snapshot; sportsbook quote age unverified,Not selected,Not selected,,0.0,False,2.0,,,,0.639707526045712,1.4807692307692308,-0.0083177018169263,-0.0527407787400032,1.6101108054282898,-163.90465323721207,False,miketrout,1.0,0.48076923076923084,0.0,Resolved
2026-09-14,2026-09-14T15:31:14.837839+00:00,2026-09-14T22:40:00+00:00,824465,Mookie Betts,LAD,CIN,price-decision-v1,0.6401726876531881,-264,Model snapshot; sportsbook quote age unverified,Not selected,Not selected,,0.0,False,3.77,,,,0.6101726876531881,1.378787878787879,-0.1173376579327254,-0.1587012942963618,1.688046713400969,-145.3389690733449,False,mookiebetts,0.0,-1.0,-0.0,Resolved
2026-09-14,2026-09-14T15:31:14.837839+00:00,2026-09-14T22:40:00+00:00,824386,Munetaka Murakami,CWS,CLE,price-decision-v1,0.5946888321334247,-105,Model snapshot; sportsbook quote age unverified,Not selected,Not selected,,0.0,False,2.19,,,,0.5646888321334247,1.9523809523809523,0.161059148450972,0.1024877198795433,1.824013405947139,-121.35724889701018,True,munetakamurakami,0.0,-1.0,-0.0,Resolved
2026-09-14,2026-09-14T15:31:14.837839+00:00,2026-09-14T23:45:00+00:00,823006,Nathan Church,STL,SF,price-decision-v1,0.5802701714195826,-171,Model snapshot; sportsbook quote age unverified,Not selected,Not selected,,0.0,False,4.38,,,,0.5502701714195826,1.5847953216374269,-0.0803905470484978,-0.1279344066976206,1.871807801870878,-114.70418111125235,False,nathanchurch,0.0,-1.0,-0.0,Resolved
2026-09-14,2026-09-14T15:31:14.837839+00:00,2026-09-14T23:07:00+00:00,822765,Nathan Lukes,TOR,DET,price-decision-v1,0.6249398844013747,-209,Model snapshot; sportsbook quote age unverified,Not selected,Not selected,,0.0,False,2.05,,,,0.5949398844013747,1.4784688995215312,-0.0760458168419866,-0.1203998838276325,1.7312673549133129,-136.7488912613286,False,nathanlukes,1.0,0.47846889952153115,0.0,Resolved
2026-09-14,2026-09-14T15:31:14.837839+00:00,2026-09-14T23:40:00+00:00,824629,Nico Hoerner,CHC,ATL,price-decision-v1,0.6510546014947558,-260,Model snapshot; sportsbook quote age unverified,Not selected,Not selected,,0.0,False,3.03,,,,0.6210546014947558,1.3846153846153846,-0.0985397825457227,-0.1400782440841843,1.6584693157751242,-151.86736512131006,False,nicohoerner,1.0,0.3846153846153846,0.0,Resolved
2026-09-14,2026-09-14T15:31:14.837839+00:00,2026-09-15T01:40:00+00:00,825034,Nolan Arenado,ARI,MIA,price-decision-v1,0.6227595369200297,-190,Model snapshot; sportsbook quote age unverified,Not selected,Not selected,,0.0,False,4.0,,,,0.5927595369200297,1.526315789473684,-0.0494722857536389,-0.0952617594378495,1.737635475848884,-135.56831697244257,False,nolanarenado,1.0,0.5263157894736841,0.0,Resolved
2026-09-14,2026-09-14T15:31:14.837839+00:00,2026-09-14T23:45:00+00:00,823006,Nolan Gorman,STL,SF,price-decision-v1,0.5387750209819377,-121,Model snapshot; sportsbook quote age unverified,Not selected,Not selected,,0.0,False,5.0,,,,0.5087750209819377,1.8264462809917357,-0.0159563666362955,-0.0707497550660476,2.024470458498721,102.44704584987213,False,nolangorman,0.0,-1.0,-0.0,Resolved
2026-09-14,2026-09-14T15:31:14.837839+00:00,2026-09-15T01:38:00+00:00,823981,Oswald Peraza,LAA,SEA,price-decision-v1,0.5904774117992164,-155,Model snapshot; sportsbook quote age unverified,Not selected,Not selected,,0.0,False,4.07,,,,0.5604774117992164,1.6451612903225803,-0.0285694192980633,-0.0779242580077408,1.837719020100285,-119.37176738332712,False,oswaldperaza,,,,Pending
2026-09-14,2026-09-14T15:31:14.837839+00:00,2026-09-14T22:40:00+00:00,824386,Patrick Bailey,CLE,CWS,price-decision-v1,0.574026446330315,-114,Model snapshot; sportsbook quote age unverified,Not selected,Not selected,,0.0,False,2.33,,,,0.5440264463303149,1.8771929824561404,0.0775584167955034,0.0212426273218193,1.8932903114320625,-111.94568968254768,False,patrickbailey,1.0,0.8771929824561404,0.0,Resolved
2026-09-14,2026-09-14T15:31:14.837839+00:00,2026-09-14T23:10:00+00:00,823575,Pete Alonso,BAL,NYM,price-decision-v1,0.6089648382825488,-197,Model snapshot; sportsbook quote age unverified,Not selected,Not selected,,0.0,False,3.0,,,,0.5789648382825487,1.5076142131979695,-0.0819159544674265,-0.1271443808633656,1.7790372262595595,-128.36357060898908,False,petealonso,0.0,-1.0,-0.0,Resolved
2026-09-14,2026-09-14T15:31:14.837839+00:00,2026-09-15T01:38:00+00:00,823981,Randy Arozarena,SEA,LAA,price-decision-v1,0.6149365077405968,-195,Model snapshot; sportsbook quote age unverified,Not selected,Not selected,,0.0,False,2.66,,,,0.5849365077405968,1.5128205128205128,-0.0697114370078151,-0.1150960523924304,1.7608748750843513,-131.42765423672836,False,randyarozarena,1.0,0.5128205128205128,0.0,Resolved
2026-09-14,2026-09-14T15:31:14.837839+00:00,2026-09-14T23:07:00+00:00,822765,Riley Greene,DET,TOR,price-decision-v1,0.6126090589447137,-177,Model snapshot; sportsbook quote age unverified,Not selected,Not selected,,0.0,False,4.06,,,,0.5826090589447137,1.5649717514124295,-0.041284128092171,-0.088233280634544,1.7679093453604215,-130.22370492582633,False,rileygreene,1.0,0.5649717514124295,0.0,Resolved
2026-09-14,2026-09-14T15:31:14.837839+00:00,2026-09-14T23:40:00+00:00,824629,Ronald Acuna Jr.,ATL,CHC,price-decision-v1,0.6650368725726765,-266,Model snapshot; sportsbook quote age unverified,Not selected,Not selected,,0.0,False,1.53,,,,0.6350368725726765,1.3759398496240602,-0.0849492655578961,-0.1262274610466179,1.6219530620753395,-160.78383739492963,False,ronaldacunajr,0.0,-1.0,-0.0,Resolved
2026-09-14,2026-09-14T15:31:14.837839+00:00,2026-09-14T23:40:00+00:00,823656,Royce Lewis,MIN,NYY,price-decision-v1,0.576146517628364,-153,Model snapshot; sportsbook quote age unverified,Not selected,Not selected,,0.0,False,4.56,,,,0.546146517628364,1.65359477124183,-0.0472871309805484,-0.0968949741178034,1.8859407993165735,-112.87435918646176,False,roycelewis,,,,Pending
2026-09-14,2026-09-14T15:31:14.837839+00:00,2026-09-14T23:40:00+00:00,823656,Ryan Jeffers,MIN,NYY,price-decision-v1,0.6280565445727452,-188,Model snapshot; sportsbook quote age unverified,Not selected,Not selected,,0.0,False,2.84,,,,0.5980565445727452,1.5319148936170213,-0.0378708253353691,-0.0838282721438797,1.722245177896745,-138.4571376318644,False,ryanjeffers,0.0,-1.0,-0.0,Resolved
2026-09-14,2026-09-14T15:31:14.837839+00:00,2026-09-14T23:40:00+00:00,823656,Ryan Kreidler,MIN,NYY,price-decision-v1,0.5920561081077165,-109,Model snapshot; sportsbook quote age unverified,Not selected,Not selected,,0.0,False,5.0,,,,0.5620561081077164,1.9174311926605505,0.1352268494909425,0.0777039137111259,1.832557257437728,-120.1118591023508,True,ryankreidler,1.0,0.9174311926605505,0.0,Resolved
2026-09-14,2026-09-14T15:31:14.837839+00:00,2026-09-14T23:40:00+00:00,823656,Ryan McMahon,NYY,MIN,price-decision-v1,0.5764323691751962,-130,Model snapshot; sportsbook quote age unverified,Not selected,Not selected,,0.0,False,1.0,,,,0.5464323691751962,1.7692307692307692,0.0198418839253471,-0.0332350391515759,1.884954219594856,-113.0001957002718,False,ryanmcmahon,1.0,0.7692307692307692,0.0,Resolved
2026-09-14,2026-09-14T15:31:14.837839+00:00,2026-09-15T01:40:00+00:00,825034,Ryan Waldschmidt,ARI,MIA,price-decision-v1,0.5975891694291322,-141,Model snapshot; sportsbook quote age unverified,Not selected,Not selected,,0.0,False,4.57,,,,0.5675891694291322,1.7092198581560285,0.0214112754072401,-0.0298653203374407,1.8146928367853632,-122.74564778865944,False,ryanwaldschmidt,,,,Pending
2026-09-14,2026-09-14T15:31:14.837839+00:00,2026-09-14T22:40:00+00:00,824465,Sal Stewart,CIN,LAD,price-decision-v1,0.6535289667603259,-147,Model snapshot; sportsbook quote age unverified,On card,Hold,1.0,0.0,False,2.66,,,,0.6235289667603259,1.6802721088435373,0.0981064951687107,0.0476983319034045,1.651887971382595,-153.4005908835979,True,salstewart,0.0,-1.0,-0.0,Resolved
2026-09-14,2026-09-14T15:31:14.837839+00:00,2026-09-14T22:40:00+00:00,824386,Sam Antonacci,CWS,CLE,price-decision-v1,0.6499309927669246,-169,Model snapshot; sportsbook quote age unverified,Not selected,Not selected,,0.0,False,1.15,,,,0.6199309927669245,1.5917159763313609,0.0345055447000159,-0.0132459345899249,1.661475248080151,-151.1772364729255,False,samantonacci,1.0,0.5917159763313609,0.0,Resolved
2026-09-14,2026-09-14T15:31:14.837839+00:00,2026-09-14T23:10:00+00:00,823575,Samuel Basallo,BAL,NYM,price-decision-v1,0.5886486083793365,-154,Model snapshot; sportsbook quote age unverified,Not selected,Not selected,,0.0,False,4.77,,,,0.5586486083793365,1.6493506493506491,-0.0291120355301852,-0.0785925550107047,1.843735014373479,-118.52062353279918,False,samuelbasallo,0.0,-1.0,-0.0,Resolved
2026-09-14,2026-09-14T15:31:14.837839+00:00,2026-09-14T23:40:00+00:00,824629,Sean Murphy,ATL,CHC,price-decision-v1,0.571335801774034,-146,Model snapshot; sportsbook quote age unverified,Not selected,Not selected,,0.0,False,5.0,,,,0.541335801774034,1.6849315068493151,-0.0373383065999153,-0.0878862518053947,1.902700683428926,-110.77869091684752,False,seanmurphy,0.0,-1.0,-0.0,Resolved
2026-09-14,2026-09-14T15:31:14.837839+00:00,2026-09-14T23:40:00+00:00,824629,Seiya Suzuki,CHC,ATL,price-decision-v1,0.6387509046222398,-223,Model snapshot; sportsbook quote age unverified,Not selected,Not selected,,0.0,False,2.79,,,,0.6087509046222398,1.4484304932735426,-0.0748137121390876,-0.1182666269372939,1.6919892720967145,-144.51091083681382,False,seiyasuzuki,1.0,0.44843049327354256,0.0,Resolved
2026-09-14,2026-09-14T15:31:14.837839+00:00,2026-09-14T23:40:00+00:00,823656,Spencer Jones,NYY,MIN,price-decision-v1,0.568956856284806,-164,Model snapshot; sportsbook quote age unverified,Not selected,Not selected,,0.0,False,4.44,,,,0.5389568562848059,1.6097560975609757,-0.0841182313464098,-0.1324109142732391,1.9110991686794827,-109.75753621303016,False,spencerjones,0.0,-1.0,-0.0,Resolved
2026-09-14,2026-09-14T15:31:14.837839+00:00,2026-09-14T22:40:00+00:00,824386,Steven Kwan,CLE,CWS,price-decision-v1,0.6105505349629943,-230,Model snapshot; sportsbook quote age unverified,Not selected,Not selected,,0.0,False,1.0,,,,0.5805505349629942,1.434782608695652,-0.1239927107052691,-0.1670361889661387,1.77417802235882,-129.1692570854866,False,stevenkwan,1.0,0.4347826086956521,0.0,Resolved
2026-09-14,2026-09-14T15:31:14.837839+00:00,2026-09-14T22:40:00+00:00,824465,Teoscar Hernandez,LAD,CIN,price-decision-v1,0.6168931188483383,-216,Model snapshot; sportsbook quote age unverified,Not selected,Not selected,,0.0,False,4.43,,,,0.5868931188483383,1.462962962962963,-0.0975082150181717,-0.1413971039070606,1.7550043899324828,-132.44956100048984,False,teoscarhernandez,1.0,0.462962962962963,0.0,Resolved
2026-09-14,2026-09-14T15:31:14.837839+00:00,2026-09-14T23:45:00+00:00,823006,Thomas Saggese,STL,SF,price-decision-v1,0.5424906566830132,-165,Model snapshot; sportsbook quote age unverified,Not selected,Not selected,,0.0,False,5.0,,,,0.5124906566830132,1.606060606060606,-0.1287271271454636,-0.1769089453272818,2.009792737815858,100.97927378158582,False,thomassaggese,1.0,0.606060606060606,0.0,Resolved
2026-09-14,2026-09-14T15:31:14.837839+00:00,2026-09-15T01:40:00+00:00,825034,Tim Tawa,ARI,MIA,price-decision-v1,0.6010001326508594,-175,Model snapshot; sportsbook quote age unverified,Not selected,Not selected,,0.0,False,4.14,,,,0.5710001326508594,1.5714285714285714,-0.055571220120078,-0.1027140772629353,1.803852470608441,-124.40093631149682,False,timtawa,0.0,-1.0,-0.0,Resolved
2026-09-14,2026-09-14T15:31:14.837839+00:00,2026-09-15T00:40:00+00:00,824308,T.J. Rumfield,COL,SD,price-decision-v1,0.6224753223469996,-219,Model snapshot; sportsbook quote age unverified,Not selected,Not selected,,0.0,False,3.69,,,,0.5924753223469996,1.45662100456621,-0.093289370645238,-0.1369880007822242,1.7384690317899043,-135.41529257851147,False,tjrumfield,1.0,0.45662100456621,0.0,Resolved
2026-09-14,2026-09-14T15:31:14.837839+00:00,2026-09-14T22:40:00+00:00,824386,Travis Bazzana,CLE,CWS,price-decision-v1,0.60021588904477,-143,Model snapshot; sportsbook quote age unverified,Not selected,Not selected,,0.0,False,2.29,,,,0.5702158890447699,1.6993006993006992,0.0199472799851685,-0.0310317409938525,1.8063333901927283,-124.01818058917064,False,travisbazzana,1.0,0.6993006993006992,0.0,Resolved
2026-09-14,2026-09-14T15:31:14.837839+00:00,2026-09-14T22:40:00+00:00,824465,Tyler Stephenson,CIN,LAD,price-decision-v1,0.5710068891482093,-121,Model snapshot; sportsbook quote age unverified,Not selected,Not selected,,0.0,False,4.29,,,,0.5410068891482093,1.8264462809917357,0.042913409105407,-0.0118799793243451,1.9038574566429056,-110.63691433317214,False,tylerstephenson,0.0,-1.0,-0.0,Resolved
2026-09-14,2026-09-14T15:31:14.837839+00:00,2026-09-15T01:38:00+00:00,823981,Vaughn Grissom,LAA,SEA,price-decision-v1,0.6191933014851025,-226,Model snapshot; sportsbook quote age unverified,Not selected,Not selected,,0.0,False,3.76,,,,0.5891933014851025,1.4424778761061947,-0.1068273615745866,-0.1501016978577725,1.7481529362330048,-133.66251090787136,False,vaughngrissom,1.0,0.4424778761061947,0.0,Resolved
2026-09-14,2026-09-14T15:31:14.837839+00:00,2026-09-14T23:40:00+00:00,823656,Victor Caratini,MIN,NYY,price-decision-v1,0.5922940161268568,-151,Model snapshot; sportsbook quote age unverified,Not selected,Not selected,,0.0,False,4.17,,,,0.5622940161268568,1.6622516556291391,-0.0154582910739001,-0.0653258407427743,1.8317818978312337,-120.2238234094026,False,victorcaratini,1.0,0.6622516556291391,0.0,Resolved
2026-09-14,2026-09-14T15:31:14.837839+00:00,2026-09-14T23:07:00+00:00,822765,Vladimir Guerrero Jr.,TOR,DET,price-decision-v1,0.6829909278354566,-249,Model snapshot; sportsbook quote age unverified,Not selected,Not selected,,0.0,False,2.59,,,,0.6529909278354565,1.4016064257028114,-0.0427155268490989,-0.0847637196201833,1.5773572895021044,-173.20297468875296,False,vladimirguerrerojr,0.0,-1.0,-0.0,Resolved
2026-09-14,2026-09-14T15:31:14.837839+00:00,2026-09-14T22:40:00+00:00,824465,Will Smith (LAD),LAD,CIN,price-decision-v1,0.6527119704383346,-208,Model snapshot; sportsbook quote age unverified,Not selected,Not selected,,0.0,False,4.31,,,,0.6227119704383346,1.4807692307692308,-0.0334841976201583,-0.0779072745432353,1.6540552436706335,-152.89228389759316,False,willsmithlad,0.0,-1.0,-0.0,Resolved
2026-09-14,2026-09-14T15:31:14.837839+00:00,2026-09-15T01:40:00+00:00,825034,Xavier Edwards,MIA,ARI,price-decision-v1,0.6430230453582294,-214,Model snapshot; sportsbook quote age unverified,Not selected,Not selected,,0.0,False,2.99,,,,0.6130230453582294,1.4672897196261685,-0.0564988960631587,-0.1005175876519437,1.680197845413958,-147.01604933655963,False,xavieredwards,1.0,0.4672897196261685,0.0,Resolved
2026-09-14,2026-09-14T15:31:14.837839+00:00,2026-09-14T23:07:00+00:00,822765,Zach McKinstry,DET,TOR,price-decision-v1,0.5584255389771644,-142,Model snapshot; sportsbook quote age unverified,Not selected,Not selected,,0.0,False,4.29,,,,0.5284255389771644,1.704225352112676,-0.048317039207931,-0.0994437997713114,1.9491866384688703,-105.35335828295018,False,zachmckinstry,0.0,-1.0,-0.0,Resolved
2026-09-14,2026-09-14T15:31:14.837839+00:00,2026-09-15T01:38:00+00:00,823981,Zach Neto,LAA,SEA,price-decision-v1,0.6116687117677401,-236,Model snapshot; sportsbook quote age unverified,Not selected,Not selected,,0.0,False,1.33,,,,0.58166871176774,1.423728813559322,-0.1291496307035565,-0.1718614951103362,1.7707674130687614,-129.7408249290877,False,zachneto,1.0,0.423728813559322,0.0,Resolved
2026-09-14,2026-09-14T16:30:42.111593+00:00,2026-09-14T22:40:00+00:00,824386,Angel Martinez,CLE,CWS,price-decision-v1,0.5935066498272182,-148,Model snapshot; sportsbook quote age unverified,Not selected,Not selected,,0.0,False,3.68,,,,0.5635066498272182,1.6756756756756757,-0.0054753435327694,-0.0557456138030397,1.8278400091921143,-120.79628779670796,False,angelmartinez,0.0,-1.0,-0.0,Resolved
2026-09-14,2026-09-14T17:00:44.554874+00:00,2026-09-14T23:45:00+00:00,823006,Alec Burleson,STL,SF,price-decision-v1,0.62850620588299,-258,Model snapshot; sportsbook quote age unverified,Not selected,Not selected,,0.0,False,3.4,,,,0.59850620588299,1.3875968992248062,-0.1278867375732154,-0.1695146445499596,1.7209512447417603,-138.70563471434087,False,alecburleson,1.0,0.3875968992248062,0.0,Resolved
2026-09-14,2026-09-14T17:00:44.554874+00:00,2026-09-15T00:40:00+00:00,824308,Jake McCarthy,COL,SD,price-decision-v1,0.6458022844029876,-269,Model snapshot; sportsbook quote age unverified,Not selected,Not selected,,0.0,False,1.09,,,,0.6158022844029876,1.3717472118959106,-0.1141225169341918,-0.1552749332910692,1.6726147760211247,-148.67351055169104,False,jakemccarthy,1.0,0.37174721189591065,0.0,Resolved
2026-09-14,2026-09-14T19:00:46.752060+00:00,2026-09-15T00:40:00+00:00,824308,Cole Carrigg,COL,SD,price-decision-v1,0.588486301513823,-225,Model snapshot; sportsbook quote age unverified,Not selected,Not selected,,0.0,True,5.0,,,,0.558486301513823,1.4444444444444444,-0.1499642311467002,-0.1932975644800335,1.844270839245476,-118.44540324212778,False,colecarrigg,1.0,0.4444444444444444,0.0,Resolved
2026-09-14,2026-09-14T19:30:42.448548+00:00,2026-09-14T23:07:00+00:00,822765,Brett Bateman,TOR,DET,price-decision-v1,0.6344792203623155,-239,Model snapshot; sportsbook quote age unverified,Not selected,Not selected,,0.0,True,1.0,,,,0.6044792203623155,1.4184100418410042,-0.1000483024986403,-0.1426006037538705,1.70394608334532,-142.05633409419102,False,brettbateman,1.0,0.41841004184100417,0.0,Resolved
2026-09-14,2026-09-14T19:30:42.448548+00:00,2026-09-14T23:10:00+00:00,823575,Jackson Holliday,BAL,NYM,price-decision-v1,0.5696796373951897,-139,Model snapshot; sportsbook quote age unverified,Not selected,Not selected,,0.0,True,5.0,,,,0.5396796373951896,1.7194244604316546,-0.0204788968528752,-0.072061630665825,1.908539675447797,-110.06673973892494,False,jacksonholliday,1.0,0.7194244604316546,0.0,Resolved
2026-09-14,2026-09-14T19:30:42.448548+00:00,2026-09-14T23:45:00+00:00,823006,Jonah Cox,SF,STL,price-decision-v1,0.631449554078753,-208,Model snapshot; sportsbook quote age unverified,Not selected,Not selected,,0.0,True,1.0,,,,0.601449554078753,1.4807692307692308,-0.0649689295372311,-0.109392006460308,1.7125293268820567,-140.34510051338947,False,jonahcox,1.0,0.48076923076923084,0.0,Resolved
2026-09-14,2026-09-14T19:30:42.448548+00:00,2026-09-14T22:40:00+00:00,824465,Tommy Edman,LAD,CIN,price-decision-v1,0.651081177737605,-250,Model snapshot; sportsbook quote age unverified,Not selected,Not selected,,0.0,True,1.0,,,,0.621081177737605,1.4,-0.088486351167353,-0.130486351167353,1.658398349394442,-151.8837343562213,False,tommyedman,0.0,-1.0,-0.0,Resolved
2026-09-14,2026-09-14T19:30:42.448548+00:00,2026-09-14T23:45:00+00:00,823006,Turner Hill,SF,STL,price-decision-v1,0.5868550586221957,-145,Model snapshot; sportsbook quote age unverified,Not selected,Not selected,,0.0,True,4.0,,,,0.5568550586221956,1.6896551724137931,-0.0084173147418072,-0.0591069699142211,1.849673418696219,-117.692277761784,False,turnerhill,1.0,0.6896551724137931,0.0,Resolved
2026-09-14,2026-09-14T19:30:42.448548+00:00,2026-09-14T22:40:00+00:00,824465,Will Smith,LAD,CIN,price-decision-v1,0.6639620819147597,-208,Model snapshot; sportsbook quote age unverified,Not selected,Not selected,,0.0,True,3.0,,,,0.6339620819147597,1.4807692307692308,-0.0168253787031442,-0.0612484556262211,1.624702847982776,-160.07610710101503,False,willsmith,0.0,-1.0,-0.0,Resolved
2026-09-14,2026-09-14T20:00:41.507685+00:00,2026-09-14T23:40:00+00:00,824629,Ozzie Albies,ATL,CHC,price-decision-v1,0.6200300769109327,-273,Model snapshot; sportsbook quote age unverified,Not selected,Not selected,,0.0,True,4.0,,,,0.5900300769109327,1.3663003663003663,-0.1528526787993483,-0.1938416897883593,1.745673721232151,-134.10691184712806,False,ozziealbies,0.0,-1.0,-0.0,Resolved
2026-09-14,2026-09-14T20:30:45.576098+00:00,2026-09-14T23:07:00+00:00,822765,Gleyber Torres,DET,TOR,price-decision-v1,0.6194127531790531,-193,Model snapshot; sportsbook quote age unverified,Not selected,Not selected,,0.0,True,2.0,,,,0.5894127531790531,1.5181347150259068,-0.0596479964691059,-0.1051920379198831,1.7475020593711252,-133.77889565164566,False,gleybertorres,1.0,0.5181347150259068,0.0,Resolved
2026-09-14,2026-09-14T20:30:45.576098+00:00,2026-09-14T22:40:00+00:00,824386,Kyle Teel,CWS,CLE,price-decision-v1,0.5924161933109569,-115,Model snapshot; sportsbook quote age unverified,Not selected,Not selected,,0.0,True,2.0,,,,0.5624161933109568,1.869565217391304,0.107560709233528,0.0514737527117887,1.8313839684031263,-120.28136673368158,True,kyleteel,1.0,0.869565217391304,0.0,Resolved
2026-09-14,2026-09-14T21:30:43.338032+00:00,2026-09-14T23:07:00+00:00,822765,Brett Callahan,DET,TOR,price-decision-v1,0.5654987854413062,-131,Model snapshot; sportsbook quote age unverified,Not selected,Not selected,,0.0,True,5.0,,,,0.5354987854413061,1.763358778625954,-0.0028227523897578,-0.0557235157485365,1.9234404036064692,-108.29069164556036,False,brettcallahan,1.0,0.7633587786259539,0.0,Resolved
2026-09-14,2026-09-14T21:30:43.338032+00:00,2026-09-15T01:40:00+00:00,825034,Lars Nootbaar,ARI,MIA,price-decision-v1,0.6413142680782382,-233,Model snapshot; sportsbook quote age unverified,Not selected,Not selected,,0.0,True,1.0,,,,0.6113142680782382,1.4291845493562232,-0.083443556780887,-0.1263190932615737,1.6848944213881445,-146.0079055649482,False,larsnootbaar,1.0,0.4291845493562232,0.0,Resolved
2026-09-14,2026-09-14T22:30:44.550973+00:00,2026-09-15T01:38:00+00:00,823981,Christian Moore,LAA,SEA,price-decision-v1,0.5735812814951968,-164,Model snapshot; sportsbook quote age unverified,Not selected,Not selected,,0.0,True,5.0,,,,0.5435812814951968,1.6097560975609757,-0.0766740346662684,-0.1249667175930977,1.8948408178567888,-111.75171941698808,False,christianmoore,0.0,-1.0,-0.0,Resolved
2026-09-14,2026-09-14T22:30:44.550973+00:00,2026-09-15T01:38:00+00:00,823981,Jose Siri,LAA,SEA,price-decision-v1,0.5831190883805267,-154,Model snapshot; sportsbook quote age unverified,Not selected,Not selected,,0.0,True,3.0,,,,0.5531190883805267,1.6493506493506491,-0.0382321529308196,-0.087712672411339,1.8621667948863043,-115.9868375737982,False,josesiri,1.0,0.6493506493506491,0.0,Resolved
2026-09-15,2026-09-15T15:31:14.482823+00:00,2026-09-15T23:40:00+00:00,823654,Aaron Judge,NYY,MIN,price-decision-v1,0.6706967876809423,-209,Model snapshot; sportsbook quote age unverified,Not selected,Not selected,,0.0,False,2.58,,,,0.6406967876809423,1.4784688995215312,-0.0083956584047312,-0.0527497253903771,1.607624729520144,-164.57526354954717,False,aaronjudge,,,,Pending
2026-09-15,2026-09-15T15:31:14.482823+00:00,2026-09-15T23:10:00+00:00,823574,AJ Ewing,NYM,BAL,price-decision-v1,0.6279064371389839,-170,Model snapshot; sportsbook quote age unverified,Not selected,Not selected,,0.0,False,2.23,,,,0.5979064371389838,1.5882352941176472,-0.002736835132202,-0.0503838939557315,1.722677556255471,-138.37429865422496,False,ajewing,1.0,0.5882352941176472,0.0,Resolved
2026-09-15,2026-09-15T15:31:14.482823+00:00,2026-09-15T23:07:00+00:00,822762,Alejandro Kirk,TOR,DET,price-decision-v1,0.6101017656783836,-227,Model snapshot; sportsbook quote age unverified,Not selected,Not selected,,0.0,False,3.96,,,,0.5801017656783836,1.4405286343612334,-0.1211309366659408,-0.1643467956967779,1.7755505343023663,-128.94066289304195,False,alejandrokirk,1.0,0.44052863436123335,0.0,Resolved
2026-09-15,2026-09-15T15:31:14.482823+00:00,2026-09-15T23:40:00+00:00,824627,Alex Bregman,CHC,ATL,price-decision-v1,0.6248729334917473,-220,Model snapshot; sportsbook quote age unverified,Not selected,Not selected,,0.0,False,3.33,,,,0.5948729334917473,1.4545454545454546,-0.0910939149210947,-0.1347302785574584,1.731462203119869,-136.71246384772175,False,alexbregman,0.0,-1.0,-0.0,Resolved
2026-09-15,2026-09-15T15:31:14.482823+00:00,2026-09-15T22:40:00+00:00,824466,Alex Freeland,LAD,CIN,price-decision-v1,0.5635779090541796,-122,Model snapshot; sportsbook quote age unverified,Not selected,Not selected,,0.0,False,5.0,,,,0.5335779090541796,1.819672131147541,0.025527014836294,-0.0290631490981322,1.9303647743321652,-107.4847229376048,False,alexfreeland,1.0,0.819672131147541,0.0,Resolved
2026-09-15,2026-09-15T15:31:14.482823+00:00,2026-09-15T22:45:00+00:00,822683,Andres Chaparro,WSH,PHI,price-decision-v1,0.6099055550315852,-162,Model snapshot; sportsbook quote age unverified,Not selected,Not selected,,0.0,False,2.86,,,,0.5799055550315851,1.617283950617284,-0.0136095344550906,-0.0621280529736091,1.77615129060783,-128.84086029372784,False,andreschaparro,1.0,0.617283950617284,0.0,Resolved
2026-09-15,2026-09-15T15:31:14.482823+00:00,2026-09-15T23:07:00+00:00,822762,Andres Gimenez,TOR,DET,price-decision-v1,0.5709910999374141,-172,Model snapshot; sportsbook quote age unverified,Not selected,Not selected,,0.0,False,5.0,,,,0.5409910999374141,1.5813953488372094,-0.097037330331531,-0.1444791907966474,1.9039130220795837,-110.6301132490994,False,andresgimenez,0.0,-1.0,-0.0,Resolved
2026-09-15,2026-09-15T15:31:14.482823+00:00,2026-09-15T23:40:00+00:00,823654,Anthony Volpe,NYY,MIN,price-decision-v1,0.5321798990986721,-145,Model snapshot; sportsbook quote age unverified,Not selected,Not selected,,0.0,False,4.89,,,,0.5021798990986721,1.6896551724137931,-0.100799480833278,-0.1514891360056919,2.0510578018926595,105.10578018926596,False,anthonyvolpe,1.0,0.6896551724137931,0.0,Resolved
2026-09-15,2026-09-15T15:31:14.482823+00:00,2026-09-15T23:40:00+00:00,823654,Austin Martin,MIN,NYY,price-decision-v1,0.6155085709727189,-122,Model snapshot; sportsbook quote age unverified,Not selected,Not selected,,0.0,False,2.0,,,,0.5855085709727189,1.819672131147541,0.1200237930815049,0.0654336291470787,1.759154436097899,-131.7255030662881,True,austinmartin,0.0,-1.0,-0.0,Resolved
2026-09-15,2026-09-15T15:31:14.482823+00:00,2026-09-15T23:40:00+00:00,824627,Austin Riley,ATL,CHC,price-decision-v1,0.5751162720625065,-147,Model snapshot; sportsbook quote age unverified,Not selected,Not selected,,0.0,False,4.73,,,,0.5451162720625065,1.6802721088435373,-0.0336481687112987,-0.0840563319766048,1.8895051437427897,-112.42205928031832,False,austinriley,0.0,-1.0,-0.0,Resolved
2026-09-15,2026-09-15T15:31:14.482823+00:00,2026-09-15T23:40:00+00:00,823654,Ben Rice,NYY,MIN,price-decision-v1,0.6900708371412234,-255,Model snapshot; sportsbook quote age unverified,Not selected,Not selected,,0.0,False,1.91,,,,0.6600708371412234,1.392156862745098,-0.039313148293591,-0.0810778541759439,1.560438580290784,-178.43168460692857,False,benrice,1.0,0.392156862745098,0.0,Resolved
2026-09-15,2026-09-15T15:31:14.482823+00:00,2026-09-15T23:10:00+00:00,823574,Bo Bichette,NYM,BAL,price-decision-v1,0.6536695162158553,-238,Model snapshot; sportsbook quote age unverified,Not selected,Not selected,,0.0,False,2.6,,,,0.6236695162158553,1.4201680672268908,-0.071679426550592,-0.1142844685673987,1.6515157037810255,-153.4882419865815,False,bobichette,1.0,0.4201680672268908,0.0,Resolved
2026-09-15,2026-09-15T15:31:14.482823+00:00,2026-09-16T00:10:00+00:00,824143,Bobby Witt Jr.,KC,HOU,price-decision-v1,0.6463613703564964,-215,Model snapshot; sportsbook quote age unverified,Not selected,Not selected,,0.0,False,2.0,,,,0.6163613703564964,1.4651162790697674,-0.053005434128854,-0.0969589225009471,1.6710975890722348,-149.0096248717656,False,bobbywittjr,1.0,0.4651162790697674,0.0,Resolved
2026-09-15,2026-09-15T15:31:14.482823+00:00,2026-09-15T22:45:00+00:00,822683,Brady House,WSH,PHI,price-decision-v1,0.5870789161317672,-165,Model snapshot; sportsbook quote age unverified,Not selected,Not selected,,0.0,False,3.97,,,,0.5570789161317672,1.606060606060606,-0.0571156801520102,-0.1052974983338285,1.848930142881896,-117.79532254624174,False,bradyhouse,1.0,0.606060606060606,0.0,Resolved
2026-09-15,2026-09-15T15:31:14.482823+00:00,2026-09-15T22:40:00+00:00,823333,Brandon Lowe,PIT,MIL,price-decision-v1,0.5962615695644625,-126,Model snapshot; sportsbook quote age unverified,Not selected,Not selected,,0.0,False,2.22,,,,0.5662615695644625,1.7936507936507935,0.069485037472766,0.0156755136632422,1.8189473829068423,-122.10796699178812,False,brandonlowe,1.0,0.7936507936507935,0.0,Resolved
2026-09-15,2026-09-15T15:31:14.482823+00:00,2026-09-16T00:05:00+00:00,822849,Brandon Nimmo,TEX,BOS,price-decision-v1,0.6389018594792886,-205,Model snapshot; sportsbook quote age unverified,Not selected,Not selected,,0.0,False,3.65,,,,0.6089018594792885,1.4878048780487805,-0.0494386968722779,-0.0940728432137414,1.6915698054869135,-144.5985628733357,False,brandonnimmo,1.0,0.4878048780487805,0.0,Resolved
2026-09-15,2026-09-15T15:31:14.482823+00:00,2026-09-15T22:40:00+00:00,824384,Brayan Rocchio,CLE,CWS,price-decision-v1,0.5974559952305526,-165,Model snapshot; sportsbook quote age unverified,Not selected,Not selected,,0.0,False,3.36,,,,0.5674559952305526,1.606060606060606,-0.0404494622054761,-0.0886312803872944,1.8151187204948285,-122.68151557026404,False,brayanrocchio,1.0,0.606060606060606,0.0,Resolved
2026-09-15,2026-09-15T15:31:14.482823+00:00,2026-09-15T23:10:00+00:00,823574,Brett Baty,NYM,BAL,price-decision-v1,0.5710541377086497,-115,Model snapshot; sportsbook quote age unverified,Not selected,Not selected,,0.0,False,4.67,,,,0.5410541377086496,1.869565217391304,0.0676229531074754,0.0115359965857362,1.903691198744036,-110.65726891993806,False,brettbaty,1.0,0.869565217391304,0.0,Resolved
2026-09-15,2026-09-15T15:31:14.482823+00:00,2026-09-15T22:40:00+00:00,823333,Brice Turang,MIL,PIT,price-decision-v1,0.6431876675240845,-249,Model snapshot; sportsbook quote age unverified,Not selected,Not selected,,0.0,False,2.23,,,,0.6131876675240845,1.4016064257028114,-0.0985040322654396,-0.1405522250365241,1.6797467635950851,-147.1136095905982,False,briceturang,0.0,-1.0,-0.0,Resolved
2026-09-15,2026-09-15T15:31:14.482823+00:00,2026-09-15T23:40:00+00:00,823654,Brooks Lee,MIN,NYY,price-decision-v1,0.5846560408380197,-183,Model snapshot; sportsbook quote age unverified,Not selected,Not selected,,0.0,False,2.52,,,,0.5546560408380197,1.5464480874316942,-0.0958597838406579,-0.1422532264636088,1.857006728789597,-116.68519819119288,False,brookslee,0.0,-1.0,-0.0,Resolved
2026-09-15,2026-09-15T15:31:14.482823+00:00,2026-09-15T22:40:00+00:00,823333,Bryan Reynolds,PIT,MIL,price-decision-v1,0.5632667707324109,-134,Model snapshot; sportsbook quote age unverified,Not selected,Not selected,,0.0,False,3.0,,,,0.5332667707324109,1.7462686567164178,-0.0163848929001182,-0.0687729526016108,1.9314910595035857,-107.35476092845424,False,bryanreynolds,0.0,-1.0,-0.0,Resolved
2026-09-15,2026-09-15T15:31:14.482823+00:00,2026-09-15T23:45:00+00:00,823007,Bryce Eldridge,SF,STL,price-decision-v1,0.5980164394563655,-198,Model snapshot; sportsbook quote age unverified,Not selected,Not selected,,0.0,False,2.65,,,,0.5680164394563655,1.5050505050505052,-0.0999550557676922,-0.1451065709192074,1.8133277990788217,-122.95165628576866,False,bryceeldridge,1.0,0.5050505050505052,0.0,Resolved
2026-09-15,2026-09-15T15:31:14.482823+00:00,2026-09-15T22:45:00+00:00,822683,Bryce Harper,PHI,WSH,price-decision-v1,0.6721789544789891,-216,Model snapshot; sportsbook quote age unverified,Not selected,Not selected,,0.0,False,2.96,,,,0.6421789544789891,1.462962962962963,-0.0166270851140714,-0.0605159740029603,1.6039142871563845,-165.58641205669116,False,bryceharper,0.0,-1.0,-0.0,Resolved
2026-09-15,2026-09-15T15:31:14.482823+00:00,2026-09-15T22:45:00+00:00,822683,Bryson Stott,PHI,WSH,price-decision-v1,0.5964940129111956,-192,Model snapshot; sportsbook quote age unverified,Not selected,Not selected,,0.0,False,4.32,,,,0.5664940129111956,1.5208333333333337,-0.0928320220308899,-0.1384570220308899,1.8182010339471395,-122.21935178642242,False,brysonstott,0.0,-1.0,-0.0,Resolved
2026-09-15,2026-09-15T15:31:14.482823+00:00,2026-09-16T01:38:00+00:00,823980,Cal Raleigh,SEA,LAA,price-decision-v1,0.5885310950733762,-193,Model snapshot; sportsbook quote age unverified,Not selected,Not selected,,0.0,False,3.75,,,,0.5585310950733762,1.5181347150259068,-0.1065305136968951,-0.1520745551476724,1.8441229308185343,-118.4661574150478,False,calraleigh,0.0,-1.0,-0.0,Resolved
2026-09-15,2026-09-15T15:31:14.482823+00:00,2026-09-16T00:05:00+00:00,822849,Caleb Durbin,BOS,TEX,price-decision-v1,0.5618150272506321,-182,Model snapshot; sportsbook quote age unverified,Not selected,Not selected,,0.0,False,4.95,,,,0.5318150272506321,1.5494505494505495,-0.1294953973369326,-0.175978913820449,1.9367636249860705,-106.75051563993746,False,calebdurbin,1.0,0.5494505494505495,0.0,Resolved
2026-09-15,2026-09-15T15:31:14.482823+00:00,2026-09-16T00:10:00+00:00,824143,Cam Smith,HOU,KC,price-decision-v1,0.5765776966834267,-144,Model snapshot; sportsbook quote age unverified,Not selected,Not selected,,0.0,False,4.73,,,,0.5465776966834267,1.6944444444444444,-0.0230211250641936,-0.073854458397527,1.8844530361372716,-113.06422830174957,False,camsmith,0.0,-1.0,-0.0,Resolved
2026-09-15,2026-09-15T15:31:14.482823+00:00,2026-09-15T22:40:00+00:00,822925,Carlos Cortes,ATH,TB,price-decision-v1,0.6664173331609063,-117,Model snapshot; sportsbook quote age unverified,Not selected,Not selected,,0.0,False,2.89,,,,0.6364173331609063,1.8547008547008548,0.2360047974009973,0.1803637717599715,1.618434863934769,-161.6985164189381,True,carloscortes,0.0,-1.0,-0.0,Resolved
2026-09-15,2026-09-15T15:31:14.482823+00:00,2026-09-15T23:10:00+00:00,823574,Carson Benge,NYM,BAL,price-decision-v1,0.6302514929135334,-210,Model snapshot; sportsbook quote age unverified,Not selected,Not selected,,0.0,False,2.85,,,,0.6002514929135334,1.4761904761904765,-0.0696287485562124,-0.1139144628419268,1.7159474189735535,-139.67506181301547,False,carsonbenge,1.0,0.4761904761904765,0.0,Resolved
2026-09-15,2026-09-15T15:31:14.482823+00:00,2026-09-15T23:40:00+00:00,824627,Carson Kelly,CHC,ATL,price-decision-v1,0.5942384932621664,-155,Model snapshot; sportsbook quote age unverified,Not selected,Not selected,,0.0,False,4.17,,,,0.5642384932621664,1.6451612903225803,-0.0223818336654683,-0.0717366723751458,1.8254692161199704,-121.14322139114924,False,carsonkelly,0.0,-1.0,-0.0,Resolved
2026-09-15,2026-09-15T15:31:14.482823+00:00,2026-09-16T00:10:00+00:00,824143,Carter Jensen,KC,HOU,price-decision-v1,0.5613143332000202,-166,Model snapshot; sportsbook quote age unverified,Not selected,Not selected,,0.0,False,1.57,,,,0.5313143332000202,1.6024096385542168,-0.1005445022216543,-0.1486167913782808,1.9385887705992737,-106.54293246674114,False,carterjensen,1.0,0.6024096385542168,0.0,Resolved
2026-09-15,2026-09-15T15:31:14.482823+00:00,2026-09-15T22:40:00+00:00,822925,Cedric Mullins,TB,ATH,price-decision-v1,0.5339697765907842,-147,Model snapshot; sportsbook quote age unverified,Not selected,Not selected,,0.0,False,3.86,,,,0.5039697765907841,1.6802721088435373,-0.1027854774290906,-0.1531936406943967,2.0437733527745743,104.37733527745743,False,cedricmullins,0.0,-1.0,-0.0,Resolved
2026-09-15,2026-09-15T15:31:14.482823+00:00,2026-09-15T22:40:00+00:00,824384,Chase Meidroth,CWS,CLE,price-decision-v1,0.6039926229596227,-244,Model snapshot; sportsbook quote age unverified,Not selected,Not selected,,0.0,False,3.14,,,,0.5739926229596227,1.4098360655737705,-0.1484694168110236,-0.1907644987782367,1.794448149331799,-125.8735388635606,False,chasemeidroth,1.0,0.4098360655737705,0.0,Resolved
2026-09-15,2026-09-15T15:31:14.482823+00:00,2026-09-15T23:45:00+00:00,823007,Christian Koss,SF,STL,price-decision-v1,0.562244487285175,-165,Model snapshot; sportsbook quote age unverified,Not selected,Not selected,,0.0,False,5.0,,,,0.5322444872851749,1.606060606060606,-0.0970012779965372,-0.1451830961783554,1.9352008796816889,-106.92889856352215,False,christiankoss,1.0,0.606060606060606,0.0,Resolved
2026-09-15,2026-09-15T15:31:14.482823+00:00,2026-09-16T00:10:00+00:00,824143,Christian Walker,HOU,KC,price-decision-v1,0.5947708043524152,-166,Model snapshot; sportsbook quote age unverified,Not selected,Not selected,,0.0,False,3.79,,,,0.5647708043524152,1.6024096385542168,-0.0469335303750454,-0.0950058195316719,1.8237486641701173,-121.39625148982138,False,christianwalker,0.0,-1.0,-0.0,Resolved
2026-09-15,2026-09-15T15:31:14.482823+00:00,2026-09-15T22:40:00+00:00,823333,Christian Yelich,MIL,PIT,price-decision-v1,0.5886744041009676,-223,Model snapshot; sportsbook quote age unverified,Not selected,Not selected,,0.0,False,2.36,,,,0.5586744041009676,1.4484304932735426,-0.1473460424905267,-0.190798957288733,1.843649883437028,-118.5325831997987,False,christianyelich,0.0,-1.0,-0.0,Resolved
2026-09-15,2026-09-15T15:31:14.482823+00:00,2026-09-15T22:45:00+00:00,822683,CJ Abrams,WSH,PHI,price-decision-v1,0.6008633224491965,-146,Model snapshot; sportsbook quote age unverified,Not selected,Not selected,,0.0,False,3.53,,,,0.5708633224491965,1.6849315068493151,0.0124135433048104,-0.0381344019006689,1.804284772720994,-124.33407095559912,False,cjabrams,,,,Pending
2026-09-15,2026-09-15T15:31:14.482823+00:00,2026-09-15T23:10:00+00:00,823574,Coby Mayo,BAL,NYM,price-decision-v1,0.5797646837947279,-170,Model snapshot; sportsbook quote age unverified,Not selected,Not selected,,0.0,False,4.08,,,,0.5497646837947279,1.5882352941176472,-0.0791972669142556,-0.126844325737785,1.8735288576386315,-114.47818709770526,False,cobymayo,1.0,0.5882352941176472,0.0,Resolved
2026-09-15,2026-09-15T15:31:14.482823+00:00,2026-09-15T23:40:00+00:00,823654,Cody Bellinger,NYY,MIN,price-decision-v1,0.6400307619319364,-255,Model snapshot; sportsbook quote age unverified,Not selected,Not selected,,0.0,False,3.38,,,,0.6100307619319364,1.392156862745098,-0.1089767824084807,-0.1507414882908336,1.6884394431815903,-145.25605845280265,False,codybellinger,1.0,0.392156862745098,0.0,Resolved
2026-09-15,2026-09-15T15:31:14.482823+00:00,2026-09-16T01:38:00+00:00,823980,Cole Young,SEA,LAA,price-decision-v1,0.6510163840673688,-220,Model snapshot; sportsbook quote age unverified,Not selected,Not selected,,0.0,False,2.17,,,,0.6210163840673688,1.4545454545454546,-0.0530670777201907,-0.0967034413565544,1.65857137818809,-151.84382940407667,False,coleyoung,1.0,0.4545454545454546,0.0,Resolved
2026-09-15,2026-09-15T15:31:14.482823+00:00,2026-09-15T22:40:00+00:00,824384,Colson Montgomery,CWS,CLE,price-decision-v1,0.5723839956625165,-150,Model snapshot; sportsbook quote age unverified,Not selected,Not selected,,0.0,False,4.23,,,,0.5423839956625165,1.6666666666666663,-0.0460266738958058,-0.0960266738958058,1.8990235852034416,-111.23178706971387,False,colsonmontgomery,0.0,-1.0,-0.0,Resolved
2026-09-15,2026-09-15T15:31:14.482823+00:00,2026-09-15T23:07:00+00:00,822762,Colt Keith,DET,TOR,price-decision-v1,0.5925689876334687,-112,Model snapshot; sportsbook quote age unverified,Not selected,Not selected,,0.0,False,3.19,,,,0.5625689876334686,1.8928571428571428,0.121648440877637,0.0648627265919228,1.8308865626113704,-120.35337252983456,True,coltkeith,,,,Pending
2026-09-15,2026-09-15T15:31:14.482823+00:00,2026-09-16T01:40:00+00:00,825030,Corbin Carroll,ARI,MIA,price-decision-v1,0.6523086143665439,-251,Model snapshot; sportsbook quote age unverified,Not selected,Not selected,,0.0,False,2.0,,,,0.6223086143665438,1.398406374501992,-0.0878074755272633,-0.1297596667623231,1.6551273375003022,-152.64208082288107,False,corbincarroll,1.0,0.3984063745019919,0.0,Resolved
2026-09-15,2026-09-15T15:31:14.482823+00:00,2026-09-16T00:05:00+00:00,822849,Corey Seager,TEX,BOS,price-decision-v1,0.6119095333851584,-219,Model snapshot; sportsbook quote age unverified,Not selected,Not selected,,0.0,False,2.3,,,,0.5819095333851584,1.45662100456621,-0.1086797207768697,-0.1523783509138561,1.7700345859744773,-129.8642967749951,False,coreyseager,1.0,0.45662100456621,0.0,Resolved
2026-09-15,2026-09-15T15:31:14.482823+00:00,2026-09-15T23:07:00+00:00,822762,Dillon Dingler,DET,TOR,price-decision-v1,0.6403083105529112,-187,Model snapshot; sportsbook quote age unverified,Not selected,Not selected,,0.0,False,3.14,,,,0.6103083105529111,1.53475935828877,-0.0172808281888476,-0.0633236089375107,1.687671595143228,-145.4182500866159,False,dillondingler,,,,Pending
2026-09-15,2026-09-15T15:31:14.482823+00:00,2026-09-16T01:38:00+00:00,823980,Dominic Canzone,SEA,LAA,price-decision-v1,0.6703572457801178,-235,Model snapshot; sportsbook quote age unverified,Not selected,Not selected,,0.0,False,3.17,,,,0.6403572457801178,1.425531914893617,-0.0443843517602576,-0.0871503092070662,1.6084771536319518,-164.34470777268783,False,dominiccanzone,1.0,0.42553191489361697,0.0,Resolved
2026-09-15,2026-09-15T15:31:14.482823+00:00,2026-09-15T23:40:00+00:00,824627,Drake Baldwin,ATL,CHC,price-decision-v1,0.6900377618229593,-225,Model snapshot; sportsbook quote age unverified,Not selected,Not selected,,0.0,False,1.75,,,,0.6600377618229593,1.4444444444444444,-0.0032787884779477,-0.046612121811281,1.5605167758208889,-178.40679229189507,False,drakebaldwin,1.0,0.4444444444444444,0.0,Resolved
2026-09-15,2026-09-15T15:31:14.482823+00:00,2026-09-15T23:45:00+00:00,823007,Drew Gilbert,SF,STL,price-decision-v1,0.6107873028553308,-188,Model snapshot; sportsbook quote age unverified,Not selected,Not selected,,0.0,False,1.71,,,,0.5807873028553308,1.5319148936170213,-0.0643258339237485,-0.1102832807322592,1.7734547482980432,-129.2900460176191,False,drewgilbert,0.0,-1.0,-0.0,Resolved
2026-09-15,2026-09-15T15:31:14.482823+00:00,2026-09-15T23:10:00+00:00,823574,Dylan Beavers,BAL,NYM,price-decision-v1,0.5958943744438779,-144,Model snapshot; sportsbook quote age unverified,Not selected,Not selected,,0.0,False,2.42,,,,0.5658943744438779,1.6944444444444444,0.0097099122521264,-0.0411234210812069,1.8201276537025364,-121.9322376809774,False,dylanbeavers,0.0,-1.0,-0.0,Resolved
2026-09-15,2026-09-15T15:31:14.482823+00:00,2026-09-15T22:40:00+00:00,824384,Edgar Quero,CWS,CLE,price-decision-v1,0.5590858896464548,-209,Model snapshot; sportsbook quote age unverified,Not selected,Not selected,,0.0,False,4.62,,,,0.5290858896464548,1.4784688995215312,-0.1734088999963897,-0.2177629669820358,1.9467538638920527,-105.62407381038356,False,edgarquero,,,,Pending
2026-09-15,2026-09-15T15:31:14.482823+00:00,2026-09-15T22:40:00+00:00,824466,Elly De La Cruz,CIN,LAD,price-decision-v1,0.6720305043429694,-182,Model snapshot; sportsbook quote age unverified,Not selected,Not selected,,0.0,False,1.37,,,,0.6420305043429694,1.5494505494505495,0.0412780342017438,-0.0052054822817726,1.604285143825159,-165.4847897914457,False,ellydelacruz,1.0,0.5494505494505495,0.0,Resolved
2026-09-15,2026-09-15T15:31:14.482823+00:00,2026-09-15T23:07:00+00:00,822762,Ernie Clement,TOR,DET,price-decision-v1,0.620841227321143,-213,Model snapshot; sportsbook quote age unverified,Not selected,Not selected,,0.0,False,3.25,,,,0.590841227321143,1.4694835680751177,-0.0876840180679916,-0.1317685251102452,1.743277131607742,-134.53932019097033,False,ernieclement,0.0,-1.0,-0.0,Resolved
2026-09-15,2026-09-15T15:31:14.482823+00:00,2026-09-16T01:40:00+00:00,825030,Esteury Ruiz,MIA,ARI,price-decision-v1,0.578572582248119,-106,Model snapshot; sportsbook quote age unverified,Not selected,Not selected,,0.0,False,4.12,,,,0.548572582248119,1.9433962264150944,0.1243957730482312,0.0660938862557785,1.877600217967386,-113.94710023159573,True,esteuryruiz,1.0,0.9433962264150944,0.0,Resolved
2026-09-15,2026-09-15T15:31:14.482823+00:00,2026-09-15T22:40:00+00:00,824466,Eugenio Suarez,CIN,LAD,price-decision-v1,0.5637945083879118,-142,Model snapshot; sportsbook quote age unverified,Not selected,Not selected,,0.0,False,4.58,,,,0.5337945083879118,1.704225352112676,-0.0391671054234179,-0.0902938659867983,1.9295814846628072,-107.5752923760886,False,eugeniosuarez,0.0,-1.0,-0.0,Resolved
2026-09-15,2026-09-15T15:31:14.482823+00:00,2026-09-16T00:05:00+00:00,822849,Ezequiel Duran,TEX,BOS,price-decision-v1,0.6065367858323665,-211,Model snapshot; sportsbook quote age unverified,Not selected,Not selected,,0.0,False,4.1,,,,0.5765367858323664,1.4739336492890995,-0.106005021830019,-0.150223031308692,1.786529542105371,-127.14080609397254,False,ezequielduran,1.0,0.47393364928909953,0.0,Resolved
2026-09-15,2026-09-15T15:31:14.482823+00:00,2026-09-16T00:40:00+00:00,824307,Ezequiel Tovar,COL,SD,price-decision-v1,0.5944713753098536,-167,Model snapshot; sportsbook quote age unverified,Not selected,Not selected,,0.0,False,4.25,,,,0.5644713753098536,1.598802395209581,-0.0495577412710724,-0.0975218131273599,1.8247160884546276,-121.2538489304633,False,ezequieltovar,,,,No PA - excluded (book settlement unverified)
2026-09-15,2026-09-15T15:31:14.482823+00:00,2026-09-15T23:10:00+00:00,823574,Francisco Lindor,NYM,BAL,price-decision-v1,0.6418048004040982,-211,Model snapshot; sportsbook quote age unverified,Not selected,Not selected,,0.0,False,2.12,,,,0.6118048004040981,1.4739336492890995,-0.0540223084091254,-0.0982403178877985,1.68354350819033,-146.29646657715807,False,franciscolindor,1.0,0.47393364928909953,0.0,Resolved
2026-09-15,2026-09-15T15:31:14.482823+00:00,2026-09-15T22:40:00+00:00,824466,Freddie Freeman,LAD,CIN,price-decision-v1,0.6869039941465801,-261,Model snapshot; sportsbook quote age unverified,On card,Hold,3.0,0.0,False,2.99,,,,0.6569039941465801,1.3831417624521074,-0.0499143989007071,-0.0914086517742703,1.567961238138199,-176.0683534105324,False,freddiefreeman,1.0,0.3831417624521074,0.0,Resolved
2026-09-15,2026-09-15T15:31:14.482823+00:00,2026-09-15T22:40:00+00:00,823333,Garrett Mitchell,MIL,PIT,price-decision-v1,0.554263292811985,-172,Model snapshot; sportsbook quote age unverified,Not selected,Not selected,,0.0,False,3.97,,,,0.524263292811985,1.5813953488372094,-0.1234906067159304,-0.1709324671810468,1.964661676913142,-103.66328671829676,False,garrettmitchell,1.0,0.5813953488372094,0.0,Resolved
2026-09-15,2026-09-15T15:31:14.482823+00:00,2026-09-15T23:07:00+00:00,822762,George Springer,TOR,DET,price-decision-v1,0.5994303117485312,-248,Model snapshot; sportsbook quote age unverified,Not selected,Not selected,,0.0,False,2.53,,,,0.5694303117485312,1.403225806451613,-0.1588639173851255,-0.2009606915786739,1.8088253799437064,-123.63608076561589,False,georgespringer,1.0,0.403225806451613,0.0,Resolved
2026-09-15,2026-09-15T15:31:14.482823+00:00,2026-09-16T01:40:00+00:00,825030,Geraldo Perdomo,ARI,MIA,price-decision-v1,0.6308190503596935,-229,Model snapshot; sportsbook quote age unverified,Not selected,Not selected,,0.0,False,3.0,,,,0.6008190503596935,1.4366812227074237,-0.0937141154220996,-0.1368145521033223,1.7143264671507468,-139.99201289415006,False,geraldoperdomo,1.0,0.4366812227074237,0.0,Resolved
2026-09-15,2026-09-15T15:31:14.482823+00:00,2026-09-15T23:07:00+00:00,822762,Gleyber Torres,DET,TOR,price-decision-v1,0.632236649391232,-239,Model snapshot; sportsbook quote age unverified,Not selected,Not selected,,0.0,False,1.66,,,,0.602236649391232,1.4184100418410042,-0.1032291876835662,-0.1457814889387965,1.7102911306397086,-140.78734153689504,False,gleybertorres,0.0,-1.0,-0.0,Resolved
2026-09-15,2026-09-15T15:31:14.482823+00:00,2026-09-16T01:40:00+00:00,825030,Griffin Conine,MIA,ARI,price-decision-v1,0.6673650514045396,-171,Model snapshot; sportsbook quote age unverified,Not selected,Not selected,,0.0,False,3.6,,,,0.6373650514045396,1.5847953216374269,0.0576370112902353,0.0100931516411124,1.6160283619728195,-162.33018830456416,False,griffinconine,1.0,0.5847953216374269,0.0,Resolved
2026-09-15,2026-09-15T15:31:14.482823+00:00,2026-09-15T23:10:00+00:00,823574,Gunnar Henderson,BAL,NYM,price-decision-v1,0.5970116876395931,-171,Model snapshot; sportsbook quote age unverified,Not selected,Not selected,,0.0,False,2.51,,,,0.5670116876395931,1.5847953216374269,-0.0538586704659079,-0.1014025301150308,1.816541038664963,-122.46781884165809,False,gunnarhenderson,1.0,0.5847953216374269,0.0,Resolved
2026-09-15,2026-09-15T15:31:14.482823+00:00,2026-09-15T22:40:00+00:00,822925,Henry Bolte,ATH,TB,price-decision-v1,0.6156595206249496,-178,Model snapshot; sportsbook quote age unverified,Not selected,Not selected,,0.0,False,1.31,,,,0.5856595206249495,1.5617977528089888,-0.0384643441924944,-0.0853182767767641,1.7587010263248186,-131.80422397001942,False,henrybolte,1.0,0.5617977528089888,0.0,Resolved
2026-09-15,2026-09-15T15:31:14.482823+00:00,2026-09-16T01:40:00+00:00,825030,Heriberto Hernandez,MIA,ARI,price-decision-v1,0.6221803569169023,-200,Model snapshot; sportsbook quote age unverified,Not selected,Not selected,,0.0,False,3.07,,,,0.5921803569169023,1.5,-0.0667294646246465,-0.1117294646246465,1.739334964372239,-135.25668988874196,False,heribertohernandez,1.0,0.5,0.0,Resolved
2026-09-15,2026-09-15T15:31:14.482823+00:00,2026-09-16T00:10:00+00:00,824143,Isaac Collins,KC,HOU,price-decision-v1,0.5207977807360933,-117,Model snapshot; sportsbook quote age unverified,Not selected,Not selected,,0.0,False,4.36,,,,0.4907977807360932,1.8547008547008548,-0.0340759109424594,-0.0897169365834851,2.0986239963335147,109.86239963335149,False,isaaccollins,0.0,-1.0,-0.0,Resolved
2026-09-15,2026-09-15T15:31:14.482823+00:00,2026-09-16T00:10:00+00:00,824143,Isaac Paredes,HOU,KC,price-decision-v1,0.5866147033294652,-186,Model snapshot; sportsbook quote age unverified,Not selected,Not selected,,0.0,False,3.14,,,,0.5566147033294652,1.5376344086021505,-0.0980010475686717,-0.1441300798267364,1.8504721377982247,-117.58174730907538,False,isaacparedes,0.0,-1.0,-0.0,Resolved
2026-09-15,2026-09-15T15:31:14.482823+00:00,2026-09-15T23:45:00+00:00,823007,Ivan Herrera,STL,SF,price-decision-v1,0.6359269672239268,-254,Model snapshot; sportsbook quote age unverified,Not selected,Not selected,,0.0,False,2.21,,,,0.6059269672239268,1.3937007874015748,-0.1137080850501177,-0.155519108672165,1.6998748293362431,-142.88269245922066,False,ivanherrera,0.0,-1.0,-0.0,Resolved
2026-09-15,2026-09-15T15:31:14.482823+00:00,2026-09-16T00:10:00+00:00,824143,Jac Caglianone,KC,HOU,price-decision-v1,0.5813675709048254,-182,Model snapshot; sportsbook quote age unverified,Not selected,Not selected,,0.0,False,3.3,,,,0.5513675709048254,1.5494505494505495,-0.099199697828787,-0.1456832143123035,1.868082299997644,-115.1964508437408,False,jaccaglianone,0.0,-1.0,-0.0,Resolved
2026-09-15,2026-09-15T15:31:14.482823+00:00,2026-09-15T22:45:00+00:00,822683,Jacob Young,WSH,PHI,price-decision-v1,0.5728056183622349,-123,Model snapshot; sportsbook quote age unverified,Not selected,Not selected,,0.0,False,3.0,,,,0.5428056183622348,1.8130081300813008,0.0385012430469786,-0.0158890008554604,1.8975485241065464,-111.41458908814292,False,jacobyoung,0.0,-1.0,-0.0,Resolved
2026-09-15,2026-09-15T15:31:14.482823+00:00,2026-09-15T22:40:00+00:00,823333,Jake Bauers,MIL,PIT,price-decision-v1,0.5839262382105077,-186,Model snapshot; sportsbook quote age unverified,Not selected,Not selected,,0.0,False,4.39,,,,0.5539262382105077,1.5376344086021505,-0.1021349240419075,-0.1482639562999721,1.859453351275573,-116.35302817957854,False,jakebauers,1.0,0.5376344086021505,0.0,Resolved
2026-09-15,2026-09-15T15:31:14.482823+00:00,2026-09-16T00:05:00+00:00,822849,Jake Burger,TEX,BOS,price-decision-v1,0.5812002427574531,-154,Model snapshot; sportsbook quote age unverified,Not selected,Not selected,,0.0,False,4.37,,,,0.551200242757453,1.6493506493506491,-0.0413970022052397,-0.0908775216857592,1.868649394723208,-115.1212452428688,False,jakeburger,0.0,-1.0,-0.0,Resolved
2026-09-15,2026-09-15T15:31:14.482823+00:00,2026-09-15T22:40:00+00:00,823333,Jake Mangum,PIT,MIL,price-decision-v1,0.5844062282519384,-134,Model snapshot; sportsbook quote age unverified,Not selected,Not selected,,0.0,False,1.0,,,,0.5544062282519384,1.7462686567164178,0.0205302791862207,-0.0318577805152717,1.8578434864406643,-116.57138112095096,False,jakemangum,0.0,-1.0,-0.0,Resolved
2026-09-15,2026-09-15T15:31:14.482823+00:00,2026-09-16T01:40:00+00:00,825030,Jakob Marsee,MIA,ARI,price-decision-v1,0.5782673701130161,-163,Model snapshot; sportsbook quote age unverified,Not selected,Not selected,,0.0,False,3.44,,,,0.5482673701130161,1.6134969325153374,-0.0669673721489372,-0.1153722801243973,1.8786454495507965,-113.81154941521014,False,jakobmarsee,0.0,-1.0,-0.0,Resolved
2026-09-15,2026-09-15T15:31:14.482823+00:00,2026-09-15T22:45:00+00:00,822683,James Wood,WSH,PHI,price-decision-v1,0.6654809838449717,-167,Model snapshot; sportsbook quote age unverified,Not selected,Not selected,,0.0,False,1.0,,,,0.6354809838449716,1.598802395209581,0.063972590937769,0.0160085190814815,1.620819546429218,-161.07740256435596,False,jameswood,0.0,-1.0,-0.0,Resolved
2026-09-15,2026-09-15T15:31:14.482823+00:00,2026-09-15T23:10:00+00:00,823574,Jared Young,NYM,BAL,price-decision-v1,0.6070551209414498,-165,Model snapshot; sportsbook quote age unverified,Not selected,Not selected,,0.0,False,4.57,,,,0.5770551209414497,1.606060606060606,-0.0250326845485807,-0.0732145027303989,1.784924806350532,-127.40073850506128,False,jaredyoung,1.0,0.606060606060606,0.0,Resolved
2026-09-15,2026-09-15T15:31:14.482823+00:00,2026-09-16T01:40:00+00:00,825030,Javier Sanoja,MIA,ARI,price-decision-v1,0.6010679510231764,-211,Model snapshot; sportsbook quote age unverified,Not selected,Not selected,,0.0,False,4.63,,,,0.5710679510231764,1.4739336492890995,-0.1140657214776877,-0.1582837309563608,1.8036382503247816,-124.43409700768484,False,javiersanoja,1.0,0.47393364928909953,0.0,Resolved
2026-09-15,2026-09-15T15:31:14.482823+00:00,2026-09-15T22:40:00+00:00,822925,Jeff McNeil,ATH,TB,price-decision-v1,0.6329064952771929,-219,Model snapshot; sportsbook quote age unverified,Not selected,Not selected,,0.0,False,2.84,,,,0.6029064952771929,1.45662100456621,-0.078095105052856,-0.1217937351898423,1.7083909496222067,-141.16498813731482,False,jeffmcneil,1.0,0.45662100456621,0.0,Resolved
2026-09-15,2026-09-15T15:31:14.482823+00:00,2026-09-15T23:10:00+00:00,823574,Jeremiah Jackson,BAL,NYM,price-decision-v1,0.5690041887653204,-149,Model snapshot; sportsbook quote age unverified,Not selected,Not selected,,0.0,False,5.0,,,,0.5390041887653204,1.6711409395973154,-0.0491138053519142,-0.0992480335398336,1.910931346116972,-109.77775704642302,False,jeremiahjackson,1.0,0.6711409395973154,0.0,Resolved
2026-09-15,2026-09-15T15:31:14.482823+00:00,2026-09-16T00:10:00+00:00,824143,Jeremy Pena,HOU,KC,price-decision-v1,0.6415387681014088,-253,Model snapshot; sportsbook quote age unverified,Not selected,Not selected,,0.0,False,1.05,,,,0.6115387681014087,1.3952569169960474,-0.1048885962853862,-0.1467463037952676,1.6842758852357824,-146.13988620327137,False,jeremypena,1.0,0.39525691699604737,0.0,Resolved
2026-09-15,2026-09-15T15:31:14.482823+00:00,2026-09-15T22:40:00+00:00,824466,JJ Bleday,CIN,LAD,price-decision-v1,0.6353429461892267,-141,Model snapshot; sportsbook quote age unverified,Not selected,Not selected,,0.0,False,2.91,,,,0.6053429461892267,1.7092198581560285,0.0859407803659833,0.0346641846213024,1.701514829707833,-142.54866150391717,True,jjbleday,0.0,-1.0,-0.0,Resolved
2026-09-15,2026-09-15T15:31:14.482823+00:00,2026-09-16T01:40:00+00:00,825030,Joe Mack,MIA,ARI,price-decision-v1,0.5665960603947696,-131,Model snapshot; sportsbook quote age unverified,Not selected,Not selected,,0.0,False,5.0,,,,0.5365960603947696,1.763358778625954,-0.0008878629680016,-0.0537886263267803,1.9195071973548168,-108.75390675317608,False,joemack,,,,Pending
2026-09-15,2026-09-15T15:31:14.482823+00:00,2026-09-15T22:40:00+00:00,822925,Jonah Heim,ATH,TB,price-decision-v1,0.5645543796808202,-125,Model snapshot; sportsbook quote age unverified,Not selected,Not selected,,0.0,False,4.0,,,,0.5345543796808202,1.8,0.0161978834254763,-0.0378021165745235,1.926838576488716,-107.89365326036092,False,jonahheim,0.0,-1.0,-0.0,Resolved
2026-09-15,2026-09-15T15:31:14.482823+00:00,2026-09-15T22:40:00+00:00,822925,Jonathan Aranda,TB,ATH,price-decision-v1,0.6414863732542799,-222,Model snapshot; sportsbook quote age unverified,On card,Hold,1.0,0.0,False,2.32,,,,0.6114863732542799,1.4504504504504503,-0.0695558009555038,-0.1130693144690173,1.6844202014158145,-146.109071288569,False,jonathanaranda,1.0,0.4504504504504503,0.0,Resolved
2026-09-15,2026-09-15T15:31:14.482823+00:00,2026-09-15T22:45:00+00:00,822683,Jorbit Vivas,WSH,PHI,price-decision-v1,0.5500416872794379,-106,Model snapshot; sportsbook quote age unverified,Not selected,Not selected,,0.0,False,3.5,,,,0.5200416872794379,1.9433962264150944,0.068948939429851,0.010647052637398,1.9806104494975656,-101.97729388998135,False,jorbitvivas,1.0,0.9433962264150944,0.0,Resolved
2026-09-15,2026-09-15T15:31:14.482823+00:00,2026-09-16T01:40:00+00:00,825030,Jordan Lawlar,ARI,MIA,price-decision-v1,0.6031304392701029,-156,Model snapshot; sportsbook quote age unverified,Not selected,Not selected,,0.0,False,5.0,,,,0.5731304392701029,1.641025641025641,-0.010247484274703,-0.0594782535054722,1.797147611478694,-125.44728047858273,False,jordanlawlar,1.0,0.641025641025641,0.0,Resolved
2026-09-15,2026-09-15T15:31:14.482823+00:00,2026-09-15T23:45:00+00:00,823007,Jordan Walker,STL,SF,price-decision-v1,0.6389603737806256,-230,Model snapshot; sportsbook quote age unverified,Not selected,Not selected,,0.0,False,3.43,,,,0.6089603737806256,1.434782608695652,-0.0832307680538849,-0.1262742463147546,1.6914072644914848,-144.63255614409528,False,jordanwalker,0.0,-1.0,-0.0,Resolved
2026-09-15,2026-09-15T15:31:14.482823+00:00,2026-09-16T00:10:00+00:00,824143,Jose Altuve,HOU,KC,price-decision-v1,0.6043993419211324,-234,Model snapshot; sportsbook quote age unverified,Not selected,Not selected,,0.0,False,3.68,,,,0.5743993419211324,1.4273504273504274,-0.1373103410185545,-0.1801308538390674,1.7931775418736875,-126.0751782807346,False,josealtuve,0.0,-1.0,-0.0,Resolved
2026-09-15,2026-09-15T15:31:14.482823+00:00,2026-09-15T22:40:00+00:00,824384,Jose Ramirez,CLE,CWS,price-decision-v1,0.649989403362221,-260,Model snapshot; sportsbook quote age unverified,Not selected,Not selected,,0.0,False,2.41,,,,0.619989403362221,1.3846153846153846,-0.100014672267694,-0.1415531338061556,1.6613187167623824,-151.21301947957852,False,joseramirez,0.0,-1.0,-0.0,Resolved
2026-09-15,2026-09-15T15:31:14.482823+00:00,2026-09-15T23:40:00+00:00,823654,Josh Bell,MIN,NYY,price-decision-v1,0.5893837998775019,-179,Model snapshot; sportsbook quote age unverified,Not selected,Not selected,,0.0,False,4.0,,,,0.5593837998775019,1.558659217877095,-0.0813515074535026,-0.1281112839898155,1.841311815296684,-118.8619940690308,False,joshbell,0.0,-1.0,-0.0,Resolved
2026-09-15,2026-09-15T15:31:14.482823+00:00,2026-09-16T00:05:00+00:00,822849,Josh Jung,TEX,BOS,price-decision-v1,0.6521595020628284,-218,Model snapshot; sportsbook quote age unverified,Not selected,Not selected,,0.0,False,2.69,,,,0.6221595020628283,1.4587155963302751,-0.048684763045966,-0.0924462309358743,1.6555240201024628,-152.54971127430133,False,joshjung,0.0,-1.0,-0.0,Resolved
2026-09-15,2026-09-15T15:31:14.482823+00:00,2026-09-16T01:38:00+00:00,823980,Josh Lowe,LAA,SEA,price-decision-v1,0.5288175957885278,103,Model snapshot; sportsbook quote age unverified,Not selected,Not selected,,0.0,False,5.0,,,,0.4988175957885278,2.03,0.0734997194507116,0.0125997194507114,2.064883052835741,106.4883052835741,False,joshlowe,1.0,1.0299999999999998,0.0,Resolved
2026-09-15,2026-09-15T15:31:14.482823+00:00,2026-09-16T01:38:00+00:00,823980,Josh Naylor,SEA,LAA,price-decision-v1,0.6439619134884609,-222,Model snapshot; sportsbook quote age unverified,Not selected,Not selected,,0.0,False,4.22,,,,0.6139619134884609,1.4504504504504503,-0.0659651525077278,-0.1094786660212414,1.6776284935129913,-147.57348747478966,False,joshnaylor,1.0,0.4504504504504503,0.0,Resolved
2026-09-15,2026-09-15T15:31:14.482823+00:00,2026-09-16T01:38:00+00:00,823980,J.P. Crawford,SEA,LAA,price-decision-v1,0.6856634681620171,-215,Model snapshot; sportsbook quote age unverified,Not selected,Not selected,,0.0,False,1.24,,,,0.655663468162017,1.4651162790697674,0.0045767091676063,-0.0393767792044866,1.570927846395558,-175.1534815324398,False,jpcrawford,0.0,-1.0,-0.0,Resolved
2026-09-15,2026-09-15T15:31:14.482823+00:00,2026-09-15T23:10:00+00:00,823574,Juan Soto,NYM,BAL,price-decision-v1,0.6538158835461936,-213,Model snapshot; sportsbook quote age unverified,Not selected,Not selected,,0.0,False,2.48,,,,0.6238158835461936,1.4694835680751177,-0.0392283025823539,-0.0833128096246075,1.651128204919663,-153.57958577810055,False,juansoto,1.0,0.4694835680751177,0.0,Resolved
2026-09-15,2026-09-15T15:31:14.482823+00:00,2026-09-16T01:38:00+00:00,823980,Julio Rodriguez,SEA,LAA,price-decision-v1,0.6522556084946082,-248,Model snapshot; sportsbook quote age unverified,Not selected,Not selected,,0.0,False,2.98,,,,0.6222556084946081,1.403225806451613,-0.0847380977575659,-0.1268348719511143,1.655268326936944,-152.60923790937775,False,juliorodriguez,1.0,0.403225806451613,0.0,Resolved
2026-09-15,2026-09-15T15:31:14.482823+00:00,2026-09-16T00:05:00+00:00,822849,Justin Foscue,TEX,BOS,price-decision-v1,0.5957296983136185,-143,Model snapshot; sportsbook quote age unverified,Not selected,Not selected,,0.0,False,2.8,,,,0.5657296983136185,1.6993006993006992,0.0123238929385265,-0.0386551280404944,1.8206574678160312,-121.85351857715288,False,justinfoscue,0.0,-1.0,-0.0,Resolved
2026-09-15,2026-09-15T15:31:14.482823+00:00,2026-09-15T23:07:00+00:00,822762,Kazuma Okamoto,TOR,DET,price-decision-v1,0.6045267123283977,-171,Model snapshot; sportsbook quote age unverified,Not selected,Not selected,,0.0,False,4.02,,,,0.5745267123283977,1.5847953216374269,-0.0419488944971007,-0.0894927541462236,1.792780001169476,-126.13839886536512,False,kazumaokamoto,1.0,0.5847953216374269,0.0,Resolved
2026-09-15,2026-09-15T15:31:14.482823+00:00,2026-09-15T22:40:00+00:00,824466,Ke'Bryan Hayes,CIN,LAD,price-decision-v1,0.56632535712876,-105,Model snapshot; sportsbook quote age unverified,Not selected,Not selected,,0.0,False,4.5,,,,0.53632535712876,1.9523809523809523,0.1056828401085314,0.0471114115371027,1.920476043710012,-108.63943791187266,True,kebryanhayes,,,,Pending
2026-09-15,2026-09-15T15:31:14.482823+00:00,2026-09-15T23:07:00+00:00,822762,Kevin McGonigle,DET,TOR,price-decision-v1,0.6559211729539368,-220,Model snapshot; sportsbook quote age unverified,Not selected,Not selected,,0.0,False,1.63,,,,0.6259211729539368,1.4545454545454546,-0.0459328393397282,-0.0895692029760919,1.6455746258575603,-154.90075971800042,False,kevinmcgonigle,0.0,-1.0,-0.0,Resolved
2026-09-15,2026-09-15T15:31:14.482823+00:00,2026-09-15T23:40:00+00:00,823654,Kody Clemens,MIN,NYY,price-decision-v1,0.5863353154920191,-162,Model snapshot; sportsbook quote age unverified,Not selected,Not selected,,0.0,False,3.65,,,,0.5563353154920191,1.617283950617284,-0.0517293045746357,-0.1002478230931542,1.8514014324060573,-117.4534082206091,False,kodyclemens,1.0,0.617283950617284,0.0,Resolved
2026-09-15,2026-09-15T15:31:14.482823+00:00,2026-09-15T22:40:00+00:00,823333,Konnor Griffin,PIT,MIL,price-decision-v1,0.6005258530518583,-168,Model snapshot; sportsbook quote age unverified,Not selected,Not selected,,0.0,False,1.95,,,,0.5705258530518583,1.5952380952380951,-0.0420182820363211,-0.089875424893464,1.8053520177750428,-124.16930459337692,False,konnorgriffin,1.0,0.5952380952380951,0.0,Resolved
2026-09-15,2026-09-15T15:31:14.482823+00:00,2026-09-16T00:10:00+00:00,824143,Kyle Isbel,KC,HOU,price-decision-v1,0.5283357590417298,-115,Model snapshot; sportsbook quote age unverified,Not selected,Not selected,,0.0,False,5.0,,,,0.4983357590417298,1.869565217391304,-0.0122418417915487,-0.0683287983132878,2.066879571276661,106.68795712766612,False,kyleisbel,0.0,-1.0,-0.0,Resolved
2026-09-15,2026-09-15T15:31:14.482823+00:00,2026-09-16T00:40:00+00:00,824307,Kyle Karros,COL,SD,price-decision-v1,0.6359451688469806,-238,Model snapshot; sportsbook quote age unverified,Not selected,Not selected,,0.0,False,3.59,,,,0.6059451688469806,1.4201680672268908,-0.0968509786963047,-0.1394560207131115,1.6998237678170285,-142.89311766579692,False,kylekarros,1.0,0.4201680672268908,0.0,Resolved
2026-09-15,2026-09-15T15:31:14.482823+00:00,2026-09-15T22:45:00+00:00,822683,Kyle Schwarber,PHI,WSH,price-decision-v1,0.646085546071851,-210,Model snapshot; sportsbook quote age unverified,Not selected,Not selected,,0.0,False,1.44,,,,0.616085546071851,1.4761904761904765,-0.0462546700844104,-0.0905403843701246,1.671845747018834,-148.843689855488,False,kyleschwarber,1.0,0.4761904761904765,0.0,Resolved
2026-09-15,2026-09-15T15:31:14.482823+00:00,2026-09-16T01:40:00+00:00,825030,Kyle Stowers,MIA,ARI,price-decision-v1,0.6377721183110115,-233,Model snapshot; sportsbook quote age unverified,Not selected,Not selected,,0.0,False,2.84,,,,0.6077721183110115,1.4291845493562232,-0.0885059424997131,-0.1313814789803998,1.6947141353939577,-143.94409859429751,False,kylestowers,0.0,-1.0,-0.0,Resolved
2026-09-15,2026-09-15T15:31:14.482823+00:00,2026-09-15T22:40:00+00:00,824466,Kyle Tucker,LAD,CIN,price-decision-v1,0.6153258006374357,-223,Model snapshot; sportsbook quote age unverified,Not selected,Not selected,,0.0,False,4.43,,,,0.5853258006374357,1.4484304932735426,-0.1087433470587815,-0.1521962618569878,1.7597037391454504,-131.63025906978498,False,kyletucker,0.0,-1.0,-0.0,Resolved
2026-09-15,2026-09-15T15:31:14.482823+00:00,2026-09-15T22:40:00+00:00,822925,Lawrence Butler,ATH,TB,price-decision-v1,0.5880312059319366,-162,Model snapshot; sportsbook quote age unverified,Not selected,Not selected,,0.0,False,3.71,,,,0.5580312059319366,1.617283950617284,-0.0489865681841519,-0.0975050867026704,1.8457749119600848,-118.23476741376716,False,lawrencebutler,0.0,-1.0,-0.0,Resolved
2026-09-15,2026-09-15T15:31:14.482823+00:00,2026-09-15T23:10:00+00:00,823574,Leody Taveras,BAL,NYM,price-decision-v1,0.5833900497667059,-151,Model snapshot; sportsbook quote age unverified,Not selected,Not selected,,0.0,False,4.83,,,,0.5533900497667059,1.6622516556291391,-0.0302589238977272,-0.0801264735666014,1.861255005279224,-116.10963000160382,False,leodytaveras,0.0,-1.0,-0.0,Resolved
2026-09-15,2026-09-15T15:31:14.482823+00:00,2026-09-15T23:40:00+00:00,823654,Luis Garcia (NYY),MIN,NYY,price-decision-v1,0.6369804114279872,-265,Model snapshot; sportsbook quote age unverified,Not selected,Not selected,,0.0,False,2.88,,,,0.6069804114279872,1.3773584905660377,-0.1226496219954138,-0.163970376712395,1.6969246133937228,-143.4875423800044,False,luisgarcianyy,,,,Pending
2026-09-15,2026-09-15T15:31:14.482823+00:00,2026-09-15T22:40:00+00:00,824384,Luisangel Acuna,CWS,CLE,price-decision-v1,0.574505815968506,-119,Model snapshot; sportsbook quote age unverified,Not selected,Not selected,,0.0,False,3.0,,,,0.544505815968506,1.8403361344537816,0.057283812580696,0.0020737285470824,1.8916235048251069,-112.15496166132938,False,luisangelacuna,0.0,-1.0,-0.0,Resolved
2026-09-15,2026-09-15T15:31:14.482823+00:00,2026-09-15T23:40:00+00:00,823654,Luke Keaschall,MIN,NYY,price-decision-v1,0.5956384618174096,-199,Model snapshot; sportsbook quote age unverified,Not selected,Not selected,,0.0,False,1.5,,,,0.5656384618174096,1.5025125628140703,-0.105045728224093,-0.1501211051085151,1.8209511366864728,-121.8099293992338,False,lukekeaschall,1.0,0.5025125628140703,0.0,Resolved
2026-09-15,2026-09-15T15:31:14.482823+00:00,2026-09-15T23:10:00+00:00,823574,Marcus Semien,NYM,BAL,price-decision-v1,0.6054949046546466,-179,Model snapshot; sportsbook quote age unverified,Not selected,Not selected,,0.0,False,4.7,,,,0.5754949046546466,1.558659217877095,-0.0562397854824222,-0.1029995620187351,1.7897638913381884,-126.620121655041,False,marcussemien,1.0,0.558659217877095,0.0,Resolved
2026-09-15,2026-09-15T15:31:14.482823+00:00,2026-09-15T23:45:00+00:00,823007,Masyn Winn,STL,SF,price-decision-v1,0.59327442047457,-172,Model snapshot; sportsbook quote age unverified,Not selected,Not selected,,0.0,False,3.67,,,,0.56327442047457,1.5813953488372094,-0.0617985908774241,-0.1092404513425403,1.828593599425666,-120.68642585377718,False,masynwinn,1.0,0.5813953488372094,0.0,Resolved
2026-09-15,2026-09-15T15:31:14.482823+00:00,2026-09-15T22:40:00+00:00,824466,Matt McLain,CIN,LAD,price-decision-v1,0.572782999097141,-109,Model snapshot; sportsbook quote age unverified,Not selected,Not selected,,0.0,False,2.67,,,,0.542782999097141,1.9174311926605505,0.098271989094518,0.0407490533147016,1.8976276001888237,-111.40477407219224,True,mattmclain,0.0,-1.0,-0.0,Resolved
2026-09-15,2026-09-15T15:31:14.482823+00:00,2026-09-15T23:40:00+00:00,824627,Matt Olson,ATL,CHC,price-decision-v1,0.6650375055504879,-205,Model snapshot; sportsbook quote age unverified,Not selected,Not selected,,0.0,False,3.08,,,,0.6350375055504879,1.4878048780487805,-0.0105539551565911,-0.0551881014980546,1.6219514453829549,-160.78425533431616,False,mattolson,1.0,0.4878048780487805,0.0,Resolved
2026-09-15,2026-09-15T15:31:14.482823+00:00,2026-09-15T23:40:00+00:00,824627,Matt Shaw,CHC,ATL,price-decision-v1,0.5963302045506388,-155,Model snapshot; sportsbook quote age unverified,Not selected,Not selected,,0.0,False,3.67,,,,0.5663302045506388,1.6451612903225803,-0.0189406312231427,-0.0682954699328202,1.818726940084832,-122.1408446504015,False,mattshaw,1.0,0.6451612903225803,0.0,Resolved
2026-09-15,2026-09-15T15:31:14.482823+00:00,2026-09-15T23:40:00+00:00,824627,Mauricio Dubon,ATL,CHC,price-decision-v1,0.6093242218174241,-197,Model snapshot; sportsbook quote age unverified,Not selected,Not selected,,0.0,False,3.82,,,,0.579324221817424,1.5076142131979695,-0.0813741427422591,-0.1266025691381983,1.7779336012720834,-128.54567515335393,False,mauriciodubon,1.0,0.5076142131979695,0.0,Resolved
2026-09-15,2026-09-15T15:31:14.482823+00:00,2026-09-15T23:40:00+00:00,824627,Michael Busch,CHC,ATL,price-decision-v1,0.6053211766810606,-216,Model snapshot; sportsbook quote age unverified,Not selected,Not selected,,0.0,False,3.33,,,,0.5753211766810605,1.462962962962963,-0.1144375378184484,-0.1583264267073373,1.7903043408586343,-126.5335325013576,False,michaelbusch,1.0,0.462962962962963,0.0,Resolved
2026-09-15,2026-09-15T15:31:14.482823+00:00,2026-09-16T00:10:00+00:00,824143,Michael Massey,KC,HOU,price-decision-v1,0.5424197048505655,-132,Model snapshot; sportsbook quote age unverified,Not selected,Not selected,,0.0,False,4.77,,,,0.5124197048505654,1.7575757575757576,-0.0466562763232486,-0.0993835490505213,2.0100710223475384,101.00710223475384,False,michaelmassey,0.0,-1.0,-0.0,Resolved
2026-09-15,2026-09-15T15:31:14.482823+00:00,2026-09-16T00:40:00+00:00,824307,Mickey Moniak,COL,SD,price-decision-v1,0.6443196026445127,-220,Model snapshot; sportsbook quote age unverified,Not selected,Not selected,,0.0,False,2.85,,,,0.6143196026445127,1.4545454545454546,-0.0628078506988906,-0.1064442143352543,1.6766516900422408,-147.78652218212503,False,mickeymoniak,1.0,0.4545454545454546,0.0,Resolved
2026-09-15,2026-09-15T15:31:14.482823+00:00,2026-09-15T22:40:00+00:00,824384,Miguel Vargas,CWS,CLE,price-decision-v1,0.6651205186766004,-225,Model snapshot; sportsbook quote age unverified,Not selected,Not selected,,0.0,False,2.62,,,,0.6351205186766004,1.4444444444444444,-0.0392703619115772,-0.0826036952449106,1.6217394489886887,-160.8390784317424,False,miguelvargas,1.0,0.4444444444444444,0.0,Resolved
2026-09-15,2026-09-15T15:31:14.482823+00:00,2026-09-16T01:38:00+00:00,823980,Mike Trout,LAA,SEA,price-decision-v1,0.6682158091204062,-167,Model snapshot; sportsbook quote age unverified,Not selected,Not selected,,0.0,False,2.0,,,,0.6382158091204062,1.598802395209581,0.0683450361386135,0.020380964282326,1.6138741555455258,-162.89983720056424,False,miketrout,0.0,-1.0,-0.0,Resolved
2026-09-15,2026-09-15T15:31:14.482823+00:00,2026-09-15T23:40:00+00:00,824627,Mike Yastrzemski,ATL,CHC,price-decision-v1,0.5507669139004767,-108,Model snapshot; sportsbook quote age unverified,Not selected,Not selected,,0.0,False,5.0,,,,0.5207669139004767,1.925925925925926,0.0607362786231404,0.0029585008453625,1.9778522262204288,-102.26494077384028,False,mikeyastrzemski,0.0,-1.0,-0.0,Resolved
2026-09-15,2026-09-15T15:31:14.482823+00:00,2026-09-15T22:40:00+00:00,824384,Munetaka Murakami,CWS,CLE,price-decision-v1,0.604551129090182,-132,Model snapshot; sportsbook quote age unverified,Not selected,Not selected,,0.0,False,2.22,,,,0.574551129090182,1.7575757575757576,0.0625444087039563,0.0098171359766836,1.7927038132028985,-126.150522218321,False,munetakamurakami,0.0,-1.0,-0.0,Resolved
2026-09-15,2026-09-15T15:31:14.482823+00:00,2026-09-15T23:45:00+00:00,823007,Nathan Church,STL,SF,price-decision-v1,0.5907855890411632,-162,Model snapshot; sportsbook quote age unverified,Not selected,Not selected,,0.0,False,4.38,,,,0.5607855890411632,1.617283950617284,-0.0445319485877483,-0.0930504671062669,1.836709109734978,-119.51584945892886,False,nathanchurch,0.0,-1.0,-0.0,Resolved
2026-09-15,2026-09-15T15:31:14.482823+00:00,2026-09-15T23:07:00+00:00,822762,Nathan Lukes,TOR,DET,price-decision-v1,0.6206890376822888,-221,Model snapshot; sportsbook quote age unverified,Not selected,Not selected,,0.0,False,2.1,,,,0.5906890376822888,1.4524886877828054,-0.0984561941356801,-0.1420308547691643,1.743726282853418,-134.4580691922503,False,nathanlukes,1.0,0.4524886877828054,0.0,Resolved
2026-09-15,2026-09-15T15:31:14.482823+00:00,2026-09-15T22:40:00+00:00,823333,Nick Gonzales,PIT,MIL,price-decision-v1,0.5999507262159685,-163,Model snapshot; sportsbook quote age unverified,Not selected,Not selected,,0.0,False,3.58,,,,0.5699507262159684,1.6134969325153374,-0.0319813435901858,-0.080386251565646,1.8071737654207451,-123.88906117120176,False,nickgonzales,1.0,0.6134969325153374,0.0,Resolved
2026-09-15,2026-09-15T15:31:14.482823+00:00,2026-09-16T00:10:00+00:00,824143,Nick Loftin,KC,HOU,price-decision-v1,0.56734543791855,-134,Model snapshot; sportsbook quote age unverified,Not selected,Not selected,,0.0,False,2.43,,,,0.5373454379185499,1.7462686567164178,-0.0092624442317859,-0.0616505039332785,1.916830268420602,-109.07144260438436,False,nickloftin,0.0,-1.0,-0.0,Resolved
2026-09-15,2026-09-15T15:31:14.482823+00:00,2026-09-15T23:40:00+00:00,824627,Nico Hoerner,CHC,ATL,price-decision-v1,0.6467129002449005,-241,Model snapshot; sportsbook quote age unverified,Not selected,Not selected,,0.0,False,3.03,,,,0.6167129002449004,1.4149377593360997,-0.0849414979937299,-0.127389630773813,1.6701450538670113,-149.22142515707466,False,nicohoerner,0.0,-1.0,-0.0,Resolved
2026-09-15,2026-09-15T15:31:14.482823+00:00,2026-09-16T01:40:00+00:00,825030,Nolan Arenado,ARI,MIA,price-decision-v1,0.6267029981609956,-192,Model snapshot; sportsbook quote age unverified,Not selected,Not selected,,0.0,False,4.0,,,,0.5967029981609956,1.5208333333333337,-0.046889190296819,-0.092514190296819,1.7261518765188058,-137.71223794036456,False,nolanarenado,1.0,0.5208333333333337,0.0,Resolved
2026-09-15,2026-09-15T15:31:14.482823+00:00,2026-09-15T23:45:00+00:00,823007,Nolan Gorman,STL,SF,price-decision-v1,0.5703186983858837,-152,Model snapshot; sportsbook quote age unverified,Not selected,Not selected,,0.0,False,5.0,,,,0.5403186983858836,1.6578947368421053,-0.0544716316234034,-0.1042084737286666,1.906282353501668,-110.34088837063072,False,nolangorman,1.0,0.6578947368421053,0.0,Resolved
2026-09-15,2026-09-15T15:31:14.482823+00:00,2026-09-15T22:40:00+00:00,823333,Oneil Cruz,PIT,MIL,price-decision-v1,0.5871211202967807,-128,Model snapshot; sportsbook quote age unverified,Not selected,Not selected,,0.0,False,3.89,,,,0.5571211202967806,1.78125,0.0458094955286405,-0.0076280044713594,1.8487900789891345,-117.81476065212132,False,oneilcruz,0.0,-1.0,-0.0,Resolved
2026-09-15,2026-09-15T15:31:14.482823+00:00,2026-09-16T01:40:00+00:00,825030,Otto Lopez,MIA,ARI,price-decision-v1,0.6877877287206939,-256,Model snapshot; sportsbook quote age unverified,Not selected,Not selected,,0.0,False,2.44,,,,0.6577877287206939,1.390625,-0.0435451897477849,-0.085263939747785,1.565854689936535,-176.7238158107618,False,ottolopez,0.0,-1.0,-0.0,Resolved
2026-09-15,2026-09-15T15:31:14.482823+00:00,2026-09-15T23:40:00+00:00,824627,Ozzie Albies,ATL,CHC,price-decision-v1,0.6062149651665808,-192,Model snapshot; sportsbook quote age unverified,Not selected,Not selected,,0.0,False,3.43,,,,0.5762149651665808,1.5208333333333337,-0.0780480738091582,-0.1236730738091583,1.7875273331407358,-126.9797196767638,False,ozziealbies,1.0,0.5208333333333337,0.0,Resolved
2026-09-15,2026-09-15T15:31:14.482823+00:00,2026-09-15T22:40:00+00:00,824384,Patrick Bailey,CLE,CWS,price-decision-v1,0.5922326097224733,-160,Model snapshot; sportsbook quote age unverified,Not selected,Not selected,,0.0,False,2.33,,,,0.5622326097224732,1.625,-0.0376220092009809,-0.0863720092009809,1.831981962960889,-120.19491341388724,False,patrickbailey,0.0,-1.0,-0.0,Resolved
2026-09-15,2026-09-15T15:31:14.482823+00:00,2026-09-16T01:40:00+00:00,825030,Pavin Smith,ARI,MIA,price-decision-v1,0.5807876446414275,-150,Model snapshot; sportsbook quote age unverified,Not selected,Not selected,,0.0,False,4.92,,,,0.5507876446414275,1.6666666666666663,-0.0320205922642875,-0.0820205922642876,1.870049210473028,-114.93602752151465,False,pavinsmith,0.0,-1.0,-0.0,Resolved
2026-09-15,2026-09-15T15:31:14.482823+00:00,2026-09-15T23:10:00+00:00,823574,Pete Alonso,BAL,NYM,price-decision-v1,0.6265207907374123,-215,Model snapshot; sportsbook quote age unverified,Not selected,Not selected,,0.0,False,2.99,,,,0.5965207907374123,1.4651162790697674,-0.0820741903149541,-0.1260276786870472,1.726679130037908,-137.6123186512641,False,petealonso,1.0,0.4651162790697674,0.0,Resolved
2026-09-15,2026-09-15T15:31:14.482823+00:00,2026-09-15T23:40:00+00:00,824627,Pete Crow-Armstrong,CHC,ATL,price-decision-v1,0.6328942456573027,-264,Model snapshot; sportsbook quote age unverified,Not selected,Not selected,,0.0,False,1.13,,,,0.6028942456573027,1.378787878787879,-0.1273730855331128,-0.1687367218967492,1.708425660750912,-141.15807139736117,False,petecrowarmstrong,0.0,-1.0,-0.0,Resolved
2026-09-15,2026-09-15T15:31:14.482823+00:00,2026-09-15T22:40:00+00:00,824384,Petey Halpin,CLE,CWS,price-decision-v1,0.598958446079817,-163,Model snapshot; sportsbook quote age unverified,Not selected,Not selected,,0.0,False,3.0,,,,0.5689584460798169,1.6134969325153374,-0.0335823845460622,-0.0819872925215223,1.810325529213614,-123.407194263083,False,peteyhalpin,0.0,-1.0,-0.0,Resolved
2026-09-15,2026-09-15T15:31:14.482823+00:00,2026-09-15T22:40:00+00:00,824384,Randal Grichuk,CWS,CLE,price-decision-v1,0.6220041603471589,-189,Model snapshot; sportsbook quote age unverified,Not selected,Not selected,,0.0,False,3.0,,,,0.5920041603471589,1.529100529100529,-0.048893109310429,-0.0947661251834449,1.7398526378530763,-135.16205104057286,False,randalgrichuk,1.0,0.5291005291005291,0.0,Resolved
2026-09-15,2026-09-15T15:31:14.482823+00:00,2026-09-16T01:38:00+00:00,823980,Randy Arozarena,SEA,LAA,price-decision-v1,0.6427392527017618,-231,Model snapshot; sportsbook quote age unverified,Not selected,Not selected,,0.0,False,2.66,,,,0.6127392527017618,1.432900432900433,-0.0790186465615447,-0.1220056595485578,1.6809760358234,-146.84804565712113,False,randyarozarena,1.0,0.4329004329004329,0.0,Resolved
2026-09-15,2026-09-15T15:31:14.482823+00:00,2026-09-15T22:40:00+00:00,822925,Richie Palacios,TB,ATH,price-decision-v1,0.5844530442133072,-148,Model snapshot; sportsbook quote age unverified,Not selected,Not selected,,0.0,False,4.35,,,,0.5544530442133072,1.6756756756756757,-0.0206462502371608,-0.0709165205074311,1.8576866170180897,-116.5927018281677,False,richiepalacios,0.0,-1.0,-0.0,Resolved
2026-09-15,2026-09-15T15:31:14.482823+00:00,2026-09-15T23:07:00+00:00,822762,Riley Greene,DET,TOR,price-decision-v1,0.61297059008861,-169,Model snapshot; sportsbook quote age unverified,Not selected,Not selected,,0.0,False,4.05,,,,0.58297059008861,1.5917159763313609,-0.0243249187346977,-0.0720763980246386,1.766812970519564,-130.4098963430988,False,rileygreene,1.0,0.5917159763313609,0.0,Resolved
2026-09-15,2026-09-15T15:31:14.482823+00:00,2026-09-16T00:05:00+00:00,822849,Roman Anthony,BOS,TEX,price-decision-v1,0.6458507098032659,-233,Model snapshot; sportsbook quote age unverified,Not selected,Not selected,,0.0,False,1.0,,,,0.6158507098032658,1.4291845493562232,-0.0769601443584225,-0.1198356808391093,1.672483255445195,-148.70258729906718,False,romananthony,1.0,0.4291845493562232,0.0,Resolved
2026-09-15,2026-09-15T15:31:14.482823+00:00,2026-09-15T23:40:00+00:00,824627,Ronald Acuna Jr.,ATL,CHC,price-decision-v1,0.6517688589534892,-220,Model snapshot; sportsbook quote age unverified,Not selected,Not selected,,0.0,False,1.53,,,,0.6217688589534892,1.4545454545454546,-0.0519725687949247,-0.0956089324312884,1.656564147862941,-152.3080422918176,False,ronaldacunajr,1.0,0.4545454545454546,0.0,Resolved
2026-09-15,2026-09-15T15:31:14.482823+00:00,2026-09-15T23:40:00+00:00,823654,Royce Lewis,MIN,NYY,price-decision-v1,0.5632570581563248,-141,Model snapshot; sportsbook quote age unverified,Not selected,Not selected,,0.0,False,4.56,,,,0.5332570581563247,1.7092198581560285,-0.0372698509526646,-0.0885464466973455,1.9315262390733412,-107.35070662043556,False,roycelewis,1.0,0.7092198581560285,0.0,Resolved
2026-09-15,2026-09-15T15:31:14.482823+00:00,2026-09-15T23:40:00+00:00,823654,Ryan Jeffers,MIN,NYY,price-decision-v1,0.6162287456799324,-159,Model snapshot; sportsbook quote age unverified,Not selected,Not selected,,0.0,False,2.86,,,,0.5862287456799323,1.6289308176100628,0.0037939945352356,-0.0450739299930662,1.7569933367995516,-132.1015590741977,False,ryanjeffers,,,,Pending
2026-09-15,2026-09-15T15:31:14.482823+00:00,2026-09-15T23:40:00+00:00,823654,Ryan McMahon,NYY,MIN,price-decision-v1,0.5751421736819,-141,Model snapshot; sportsbook quote age unverified,Not selected,Not selected,,0.0,False,1.0,,,,0.5451421736819,1.7092198581560285,-0.0169555754798729,-0.0682321712245538,1.889415366716836,-112.4334070920512,False,ryanmcmahon,,,,Pending
2026-09-15,2026-09-15T15:31:14.482823+00:00,2026-09-15T22:40:00+00:00,823333,Ryan O'Hearn,PIT,MIL,price-decision-v1,0.5765546168658764,-119,Model snapshot; sportsbook quote age unverified,Not selected,Not selected,,0.0,False,4.58,,,,0.5465546168658764,1.8403361344537816,0.0610542949044281,0.0058442108708145,1.8845326125069768,-113.05405655601103,False,ryanohearn,1.0,0.8403361344537816,0.0,Resolved
2026-09-15,2026-09-15T15:31:14.482823+00:00,2026-09-15T22:40:00+00:00,823333,Sal Frelick,MIL,PIT,price-decision-v1,0.5685581578625959,-193,Model snapshot; sportsbook quote age unverified,Not selected,Not selected,,0.0,False,3.29,,,,0.5385581578625959,1.5181347150259068,-0.1368521230376134,-0.1823961644883907,1.9125139689422128,-109.58736348542708,False,salfrelick,,,,Pending
2026-09-15,2026-09-15T15:31:14.482823+00:00,2026-09-15T22:40:00+00:00,824466,Sal Stewart,CIN,LAD,price-decision-v1,0.6571775258181973,-185,Model snapshot; sportsbook quote age unverified,On card,Hold,2.0,0.0,False,2.67,,,,0.6271775258181973,1.5405405405405406,0.0124086208550606,-0.0338075953611555,1.6422782347889338,-155.69576327440416,False,salstewart,0.0,-1.0,-0.0,Resolved
2026-09-15,2026-09-15T15:31:14.482823+00:00,2026-09-16T00:10:00+00:00,824143,Salvador Perez,KC,HOU,price-decision-v1,0.536462327944949,-167,Model snapshot; sportsbook quote age unverified,Not selected,Not selected,,0.0,False,3.99,,,,0.5064623279449489,1.598802395209581,-0.142302745141908,-0.1902668169981954,2.033714934296077,103.37149342960772,False,salvadorperez,1.0,0.5988023952095809,0.0,Resolved
2026-09-15,2026-09-15T15:31:14.482823+00:00,2026-09-15T23:40:00+00:00,824627,Sean Murphy,ATL,CHC,price-decision-v1,0.5424374660050604,-115,Model snapshot; sportsbook quote age unverified,Not selected,Not selected,,0.0,False,5.0,,,,0.5124374660050603,1.869565217391304,0.0141222190529388,-0.0419647374688002,2.0100013530037804,101.00013530037803,False,seanmurphy,,,,Pending
2026-09-15,2026-09-15T15:31:14.482823+00:00,2026-09-15T23:40:00+00:00,824627,Seiya Suzuki,CHC,ATL,price-decision-v1,0.6344507226992494,-208,Model snapshot; sportsbook quote age unverified,Not selected,Not selected,,0.0,False,2.78,,,,0.6044507226992494,1.4807692307692308,-0.0605248913876498,-0.1049479683107268,1.704026418233744,-142.04012436192266,False,seiyasuzuki,1.0,0.48076923076923084,0.0,Resolved
2026-09-15,2026-09-15T15:31:14.482823+00:00,2026-09-15T22:40:00+00:00,822925,Shea Langeliers,ATH,TB,price-decision-v1,0.6978931392082076,-168,Model snapshot; sportsbook quote age unverified,Not selected,Not selected,,0.0,False,2.78,,,,0.6678931392082076,1.5952380952380951,0.113305722070236,0.0654485792130932,1.5421628693791838,-184.44641942098932,True,shealangeliers,1.0,0.5952380952380951,0.0,Resolved
2026-09-15,2026-09-15T15:31:14.482823+00:00,2026-09-15T22:40:00+00:00,823333,Spencer Horwitz,PIT,MIL,price-decision-v1,0.553897039732223,-118,Model snapshot; sportsbook quote age unverified,Not selected,Not selected,,0.0,False,2.17,,,,0.523897039732223,1.847457627118644,0.0233013106917341,-0.0321224181218252,1.9660351593634868,-103.51590108365129,False,spencerhorwitz,0.0,-1.0,-0.0,Resolved
2026-09-15,2026-09-15T15:31:14.482823+00:00,2026-09-15T23:40:00+00:00,823654,Spencer Jones,NYY,MIN,price-decision-v1,0.5676242575887738,-178,Model snapshot; sportsbook quote age unverified,Not selected,Not selected,,0.0,False,4.46,,,,0.5376242575887737,1.5617977528089888,-0.1134857100579824,-0.1603396426422522,1.915836172682227,-109.18983436429257,False,spencerjones,1.0,0.5617977528089888,0.0,Resolved
2026-09-15,2026-09-15T15:31:14.482823+00:00,2026-09-15T23:07:00+00:00,822762,Spencer Torkelson,DET,TOR,price-decision-v1,0.5643298352111961,-141,Model snapshot; sportsbook quote age unverified,Not selected,Not selected,,0.0,False,4.73,,,,0.534329835211196,1.7092198581560285,-0.0354362391071044,-0.0867128348517853,1.927648302836933,-107.79947496716171,False,spencertorkelson,1.0,0.7092198581560285,0.0,Resolved
2026-09-15,2026-09-15T15:31:14.482823+00:00,2026-09-15T22:40:00+00:00,824384,Steven Kwan,CLE,CWS,price-decision-v1,0.6207380137081239,-246,Model snapshot; sportsbook quote age unverified,Not selected,Not selected,,0.0,False,1.0,,,,0.5907380137081238,1.4065040650406504,-0.1269294603942647,-0.1691245823454843,1.7435817165964709,-134.48421036724915,False,stevenkwan,1.0,0.4065040650406504,0.0,Resolved
2026-09-15,2026-09-15T15:31:14.482823+00:00,2026-09-16T00:10:00+00:00,824143,Taylor Trammell,HOU,KC,price-decision-v1,0.554930579104889,-122,Model snapshot; sportsbook quote age unverified,Not selected,Not selected,,0.0,False,4.31,,,,0.5249305791048889,1.819672131147541,0.0097917095187323,-0.0447984544156938,1.9621642194218425,-103.93236204531624,False,taylortrammell,,,,Pending
2026-09-15,2026-09-15T15:31:14.482823+00:00,2026-09-15T22:40:00+00:00,824466,Teoscar Hernandez,LAD,CIN,price-decision-v1,0.6098744468072533,-223,Model snapshot; sportsbook quote age unverified,Not selected,Not selected,,0.0,False,4.47,,,,0.5798744468072533,1.4484304932735426,-0.1166392541760411,-0.1600921689742475,1.776246574876864,-128.82504507780016,False,teoscarhernandez,1.0,0.44843049327354256,0.0,Resolved
2026-09-15,2026-09-15T15:31:14.482823+00:00,2026-09-16T01:40:00+00:00,825030,Tim Tawa,ARI,MIA,price-decision-v1,0.6077658965300515,-194,Model snapshot; sportsbook quote age unverified,Not selected,Not selected,,0.0,False,4.14,,,,0.5777658965300515,1.5154639175257731,-0.0789527135060044,-0.1244166310317776,1.7827289671923832,-127.75814386772464,False,timtawa,,,,Pending
2026-09-15,2026-09-15T15:31:14.482823+00:00,2026-09-16T00:40:00+00:00,824307,T.J. Rumfield,COL,SD,price-decision-v1,0.6503979783154776,-259,Model snapshot; sportsbook quote age unverified,Not selected,Not selected,,0.0,False,3.69,,,,0.6203979783154776,1.3861003861003862,-0.0984831111380057,-0.1400661227210174,1.6602246235500082,-151.46360258771168,False,tjrumfield,1.0,0.3861003861003862,0.0,Resolved
2026-09-15,2026-09-15T15:31:14.482823+00:00,2026-09-15T22:40:00+00:00,824384,Travis Bazzana,CLE,CWS,price-decision-v1,0.6116210222694717,-167,Model snapshot; sportsbook quote age unverified,Not selected,Not selected,,0.0,False,2.33,,,,0.5816210222694717,1.598802395209581,-0.0221388446350363,-0.0701029164913238,1.7709126055673918,-129.7163897409616,False,travisbazzana,1.0,0.5988023952095809,0.0,Resolved
2026-09-15,2026-09-15T15:31:14.482823+00:00,2026-09-16T00:05:00+00:00,822849,Trevor Story,BOS,TEX,price-decision-v1,0.5689980888493147,-196,Model snapshot; sportsbook quote age unverified,Not selected,Not selected,,0.0,False,4.62,,,,0.5389980888493147,1.510204081632653,-0.1406967637785861,-0.1860028862275656,1.9109529723916197,-109.77515089221303,False,trevorstory,1.0,0.510204081632653,0.0,Resolved
2026-09-15,2026-09-15T15:31:14.482823+00:00,2026-09-16T01:38:00+00:00,823980,Vaughn Grissom,LAA,SEA,price-decision-v1,0.6126866045795417,-173,Model snapshot; sportsbook quote age unverified,Not selected,Not selected,,0.0,False,3.76,,,,0.5826866045795417,1.5780346820809248,-0.0331592887270816,-0.0805003291895094,1.7676740668223072,-130.2636161905765,False,vaughngrissom,1.0,0.5780346820809248,0.0,Resolved
2026-09-15,2026-09-15T15:31:14.482823+00:00,2026-09-16T00:10:00+00:00,824143,Vinnie Pasquantino,KC,HOU,price-decision-v1,0.5612800343159905,-163,Model snapshot; sportsbook quote age unverified,Not selected,Not selected,,0.0,False,3.98,,,,0.5312800343159905,1.6134969325153374,-0.094376386349046,-0.1427812943245061,1.9387139238652151,-106.52872771743232,False,vinniepasquantino,1.0,0.6134969325153374,0.0,Resolved
2026-09-15,2026-09-15T15:31:14.482823+00:00,2026-09-15T23:07:00+00:00,822762,Vladimir Guerrero Jr.,TOR,DET,price-decision-v1,0.6594588812938342,-246,Model snapshot; sportsbook quote age unverified,Not selected,Not selected,,0.0,False,2.59,,,,0.6294588812938342,1.4065040650406504,-0.0724684027330624,-0.1146635246842819,1.63632610581785,-157.15212543649005,False,vladimirguerrerojr,0.0,-1.0,-0.0,Resolved
2026-09-15,2026-09-15T15:31:14.482823+00:00,2026-09-15T22:40:00+00:00,824466,Will Smith (LAD),LAD,CIN,price-decision-v1,0.6404934707269,-276,Model snapshot; sportsbook quote age unverified,Not selected,Not selected,,0.0,False,4.21,,,,0.6104934707269,1.3623188405797102,-0.127443677560455,-0.1683132427778464,1.687159731247582,-145.5265718473399,False,willsmithlad,,,,Pending
2026-09-15,2026-09-15T15:31:14.482823+00:00,2026-09-15T22:40:00+00:00,823333,William Contreras,MIL,PIT,price-decision-v1,0.6105808346001208,-226,Model snapshot; sportsbook quote age unverified,Not selected,Not selected,,0.0,False,3.7,,,,0.5805808346001208,1.4424778761061947,-0.1192506545148699,-0.1625249907980558,1.7740854306867018,-129.18470757328248,False,williamcontreras,1.0,0.4424778761061947,0.0,Resolved
2026-09-15,2026-09-15T15:31:14.482823+00:00,2026-09-16T00:05:00+00:00,822849,Willson Contreras,BOS,TEX,price-decision-v1,0.6297832860272675,-202,Model snapshot; sportsbook quote age unverified,Not selected,Not selected,,0.0,False,3.95,,,,0.5997832860272675,1.495049504950495,-0.0584428099988376,-0.1032942951473525,1.7172869334561185,-139.4142223087321,False,willsoncontreras,0.0,-1.0,-0.0,Resolved
2026-09-15,2026-09-15T15:31:14.482823+00:00,2026-09-16T00:05:00+00:00,822849,Wilyer Abreu,BOS,TEX,price-decision-v1,0.6465838720711229,-232,Model snapshot; sportsbook quote age unverified,Not selected,Not selected,,0.0,False,3.18,,,,0.6165838720711229,1.4310344827586206,-0.0747161830706345,-0.1176472175533932,1.6704945533852524,-149.14364254729753,False,wilyerabreu,0.0,-1.0,-0.0,Resolved
2026-09-15,2026-09-15T15:31:14.482823+00:00,2026-09-16T00:05:00+00:00,822849,Wyatt Langford,TEX,BOS,price-decision-v1,0.5914258950167133,-150,Model snapshot; sportsbook quote age unverified,Not selected,Not selected,,0.0,False,2.46,,,,0.5614258950167133,1.6666666666666663,-0.0142901749721445,-0.0642901749721446,1.8346143438384463,-119.81581761474813,False,wyattlangford,0.0,-1.0,-0.0,Resolved
2026-09-15,2026-09-15T15:31:14.482823+00:00,2026-09-16T01:40:00+00:00,825030,Xavier Edwards,MIA,ARI,price-decision-v1,0.6816363738868959,-262,Model snapshot; sportsbook quote age unverified,Not selected,Not selected,,0.0,False,2.99,,,,0.6516363738868959,1.381679389312977,-0.0581970711944415,-0.0996474528738309,1.5806361358501704,-172.2248992539527,False,xavieredwards,,,,Pending
2026-09-15,2026-09-15T15:31:14.482823+00:00,2026-09-16T00:10:00+00:00,824143,Yainer Diaz,HOU,KC,price-decision-v1,0.574315393759296,-238,Model snapshot; sportsbook quote age unverified,Not selected,Not selected,,0.0,False,4.88,,,,0.5443153937592959,1.4201680672268908,-0.1843756172662098,-0.2269806592830167,1.892285266610484,-112.07178213293724,False,yainerdiaz,0.0,-1.0,-0.0,Resolved
2026-09-15,2026-09-15T15:31:14.482823+00:00,2026-09-16T00:10:00+00:00,824143,Yordan Alvarez,HOU,KC,price-decision-v1,0.7173771369757,-248,Model snapshot; sportsbook quote age unverified,Not selected,Not selected,,0.0,False,2.09,,,,0.6873771369757,1.403225806451613,0.006642111562676,-0.0354546626308724,1.498449605891405,-200.62208660224437,False,yordanalvarez,1.0,0.403225806451613,0.0,Resolved
2026-09-15,2026-09-15T15:31:14.482823+00:00,2026-09-15T23:07:00+00:00,822762,Zach McKinstry,DET,TOR,price-decision-v1,0.5429097811330381,-132,Model snapshot; sportsbook quote age unverified,Not selected,Not selected,,0.0,False,4.29,,,,0.5129097811330381,1.7575757575757576,-0.0457949301298118,-0.0985222028570845,2.008150434808806,100.8150434808806,False,zachmckinstry,0.0,-1.0,-0.0,Resolved
2026-09-15,2026-09-15T15:31:14.482823+00:00,2026-09-16T01:38:00+00:00,823980,Zach Neto,LAA,SEA,price-decision-v1,0.6124601951055599,-177,Model snapshot; sportsbook quote age unverified,Not selected,Not selected,,0.0,False,1.33,,,,0.5824601951055599,1.5649717514124295,-0.0415170957952535,-0.0884662483376265,1.7683611835712345,-130.14712629705488,False,zachneto,0.0,-1.0,-0.0,Resolved
2026-09-15,2026-09-15T15:31:14.482823+00:00,2026-09-15T22:40:00+00:00,822925,Zack Gelof,ATH,TB,price-decision-v1,0.5987762471419588,-133,Model snapshot; sportsbook quote age unverified,Not selected,Not selected,,0.0,False,2.74,,,,0.5687762471419587,1.7518796992481205,0.0489839517599728,-0.0035724392174708,1.8109054398379725,-123.31894088659844,False,zackgelof,0.0,-1.0,-0.0,Resolved
2026-09-15,2026-09-15T16:30:43.365814+00:00,2026-09-15T23:45:00+00:00,823007,Jung Hoo Lee,SF,STL,price-decision-v1,0.6268185812052524,-270,Model snapshot; sportsbook quote age unverified,Not selected,Not selected,,0.0,False,4.42,,,,0.5968185812052523,1.3703703703703702,-0.1410263887187283,-0.1821374998298395,1.725817580813175,-137.77566518568517,False,junghoolee,1.0,0.37037037037037024,0.0,Resolved
2026-09-15,2026-09-15T18:00:52.221855+00:00,2026-09-16T00:05:00+00:00,822849,Jarren Duran,BOS,TEX,price-decision-v1,0.5648320758616033,-126,Model snapshot; sportsbook quote age unverified,Not selected,Not selected,,0.0,False,2.6,,,,0.5348320758616033,1.7936507936507935,0.01311150114859,-0.0406980226609338,1.9258381209479472,-108.0102425439255,False,jarrenduran,0.0,-1.0,-0.0,Resolved
2026-09-15,2026-09-15T18:30:41.089885+00:00,2026-09-16T01:40:00+00:00,825030,Gabriel Moreno,ARI,MIA,price-decision-v1,0.6365243066281929,-274,Model snapshot; sportsbook quote age unverified,Not selected,Not selected,,0.0,False,3.37,,,,0.6065243066281929,1.364963503649635,-0.1311675522666271,-0.1721164573761162,1.6982006965656582,-143.2252939475492,False,gabrielmoreno,1.0,0.36496350364963503,0.0,Resolved
2026-09-15,2026-09-15T19:00:51.109480+00:00,2026-09-15T22:40:00+00:00,824466,Carlos Jorge,CIN,LAD,price-decision-v1,0.6092958989358893,-162,Model snapshot; sportsbook quote age unverified,Not selected,Not selected,,0.0,True,1.0,,,,0.5792958989358893,1.617283950617284,-0.0145955214740555,-0.063114039992574,1.7780205278373469,-128.53131302070997,False,carlosjorge,0.0,-1.0,-0.0,Resolved
2026-09-15,2026-09-15T19:00:51.109480+00:00,2026-09-15T22:40:00+00:00,824466,Josue De Paula,LAD,CIN,price-decision-v1,0.6279625291453591,-179,Model snapshot; sportsbook quote age unverified,Not selected,Not selected,,0.0,True,1.0,,,,0.5979625291453591,1.558659217877095,-0.021220415466172,-0.0679801920024849,1.7225159601089597,-138.40524711027754,False,josuedepaula,0.0,-1.0,-0.0,Resolved
2026-09-15,2026-09-15T19:00:51.109480+00:00,2026-09-15T22:40:00+00:00,822925,Victor Mesa Jr.,TB,ATH,price-decision-v1,0.5954910328323636,-198,Model snapshot; sportsbook quote age unverified,Not selected,Not selected,,0.0,True,5.0,,,,0.5654910328323636,1.5050505050505052,-0.1037559202826041,-0.1489074354341194,1.8214258762708573,-121.73952986967498,False,victormesajr,0.0,-1.0,-0.0,Resolved
2026-09-15,2026-09-15T19:30:50.590312+00:00,2026-09-15T23:07:00+00:00,822762,Brett Bateman,TOR,DET,price-decision-v1,0.6275735550038768,-228,Model snapshot; sportsbook quote age unverified,Not selected,Not selected,,0.0,True,1.0,,,,0.5975735550038768,1.4385964912280702,-0.0971748857838965,-0.1403327805207387,1.7236371847032586,-138.19079797703725,False,brettbateman,1.0,0.4385964912280702,0.0,Resolved
2026-09-15,2026-09-15T19:30:50.590312+00:00,2026-09-15T23:45:00+00:00,823007,Jonah Cox,SF,STL,price-decision-v1,0.6172086277336816,-218,Model snapshot; sportsbook quote age unverified,Not selected,Not selected,,0.0,True,3.0,,,,0.5872086277336815,1.4587155963302751,-0.0996681485352718,-0.1434296164251801,1.7540614210238392,-132.61519182909976,False,jonahcox,1.0,0.45871559633027514,0.0,Resolved
2026-09-15,2026-09-15T19:30:50.590312+00:00,2026-09-15T23:45:00+00:00,823007,Osleivis Basabe,SF,STL,price-decision-v1,0.5777823329284216,-154,Model snapshot; sportsbook quote age unverified,Not selected,Not selected,,0.0,True,5.0,,,,0.5477823329284216,1.6493506493506491,-0.0470343340011747,-0.0965148534816942,1.8803089075430068,-113.59648771373423,False,osleivisbasabe,1.0,0.6493506493506491,0.0,Resolved
2026-09-15,2026-09-15T20:00:41.733195+00:00,2026-09-15T23:45:00+00:00,823007,Bryan Torres,STL,SF,price-decision-v1,0.6201651984240263,-211,Model snapshot; sportsbook quote age unverified,Not selected,Not selected,,0.0,True,1.0,,,,0.5901651984240263,1.4739336492890995,-0.0859176459247764,-0.1301356554034494,1.745274039795139,-134.17883175897018,False,bryantorres,0.0,-1.0,-0.0,Resolved
2026-09-15,2026-09-15T20:00:41.733195+00:00,2026-09-15T23:10:00+00:00,823574,Christian Encarnacion-Strand,BAL,NYM,price-decision-v1,0.6056276784707841,-194,Model snapshot; sportsbook quote age unverified,Not selected,Not selected,,0.0,True,4.0,,,,0.5756276784707841,1.5154639175257731,-0.0821931058226261,-0.1276570233483993,1.7893510658422542,-126.6863431587286,False,christianencarnacionstrand,1.0,0.5154639175257731,0.0,Resolved
2026-09-15,2026-09-15T20:00:41.733195+00:00,2026-09-15T23:40:00+00:00,823654,Kaelen Culpepper,MIN,NYY,price-decision-v1,0.611196447342656,-212,Model snapshot; sportsbook quote age unverified,Not selected,Not selected,,0.0,True,2.0,,,,0.581196447342656,1.4716981132075473,-0.1005033416466572,-0.1446542850428835,1.772206290505322,-129.49907457314453,False,kaelenculpepper,0.0,-1.0,-0.0,Resolved
2026-09-15,2026-09-15T21:00:47.400587+00:00,2026-09-15T22:45:00+00:00,822683,Dylan Crews,WSH,PHI,price-decision-v1,0.6140658204657784,-215,Model snapshot; sportsbook quote age unverified,Not selected,Not selected,,0.0,True,1.0,,,,0.5840658204657784,1.4651162790697674,-0.1003221700152549,-0.144275658387348,1.7634998726318207,-130.9757913322175,False,dylancrews,0.0,-1.0,-0.0,Resolved
2026-09-15,2026-09-15T21:00:47.400587+00:00,2026-09-15T23:07:00+00:00,822762,Eduardo Valencia,DET,TOR,price-decision-v1,0.5767384049831086,-159,Model snapshot; sportsbook quote age unverified,Not selected,Not selected,,0.0,True,5.0,,,,0.5467384049831086,1.6289308176100628,-0.0605330384237414,-0.1094009629520433,1.8838991199672936,-113.13508265932003,False,eduardovalencia,1.0,0.6289308176100628,0.0,Resolved
2026-09-15,2026-09-15T21:00:47.400587+00:00,2026-09-15T23:07:00+00:00,822762,Hao-Yu Lee,DET,TOR,price-decision-v1,0.5971430957136227,-185,Model snapshot; sportsbook quote age unverified,Not selected,Not selected,,0.0,True,3.0,,,,0.5671430957136226,1.5405405405405406,-0.0800768525492839,-0.1262930687655002,1.8161201428432725,-122.53097889682157,False,haoyulee,1.0,0.5405405405405406,0.0,Resolved
2026-09-15,2026-09-15T21:00:47.400587+00:00,2026-09-16T00:10:00+00:00,824143,Maikel Garcia,KC,HOU,price-decision-v1,0.595409321812377,-201,Model snapshot; sportsbook quote age unverified,Not selected,Not selected,,0.0,True,4.0,,,,0.565409321812377,1.4975124378109452,-0.1083671349973856,-0.153292508131714,1.821689102504381,-121.7005308884047,False,maikelgarcia,0.0,-1.0,-0.0,Resolved
2026-09-15,2026-09-15T21:00:47.400587+00:00,2026-09-15T22:45:00+00:00,822683,Yohandy Morales,WSH,PHI,price-decision-v1,0.5718221468892201,-162,Model snapshot; sportsbook quote age unverified,Not selected,Not selected,,0.0,True,4.0,,,,0.54182214688922,1.617283950617284,-0.0752012192285452,-0.1237197377470639,1.900992799784155,-110.9886782934962,False,yohandymorales,1.0,0.617283950617284,0.0,Resolved
2026-09-15,2026-09-15T22:00:42.595646+00:00,2026-09-16T00:40:00+00:00,824307,Adael Amador,COL,SD,price-decision-v1,0.6367141349352274,-220,Model snapshot; sportsbook quote age unverified,Not selected,Not selected,,0.0,True,2.0,,,,0.6067141349352274,1.4545454545454546,-0.0738703491851237,-0.1175067128214873,1.6976693646835217,-143.33437164087348,False,adaelamador,1.0,0.4545454545454546,0.0,Resolved
2026-09-15,2026-09-15T22:00:42.595646+00:00,2026-09-16T00:40:00+00:00,824307,Cole Carrigg,COL,SD,price-decision-v1,0.6272774113855656,-242,Model snapshot; sportsbook quote age unverified,Not selected,Not selected,,0.0,True,3.0,,,,0.5972774113855656,1.4132231404958675,-0.1135170467195726,-0.1559137409344486,1.7244918029138312,-138.02778664687486,False,colecarrigg,1.0,0.4132231404958675,0.0,Resolved
2026-09-15,2026-09-15T22:00:42.595646+00:00,2026-09-16T01:38:00+00:00,823980,Wade Meckler,LAA,SEA,price-decision-v1,0.5923395344539837,-162,Model snapshot; sportsbook quote age unverified,Not selected,Not selected,,0.0,True,3.0,,,,0.5623395344539837,1.617283950617284,-0.0420187776114584,-0.0905372961299769,1.831633625048436,-120.24525823396785,False,wademeckler,1.0,0.617283950617284,0.0,Resolved
2026-09-15,2026-09-15T22:30:45.430242+00:00,2026-09-16T01:40:00+00:00,825030,Lars Nootbaar,ARI,MIA,price-decision-v1,0.6404736296325693,-196,Model snapshot; sportsbook quote age unverified,Not selected,Not selected,,0.0,True,1.0,,,,0.6104736296325692,1.510204081632653,-0.0327541103508138,-0.0780602327997934,1.68721456587721,-145.5149599053577,False,larsnootbaar,0.0,-1.0,-0.0,Resolved
2026-09-16,2026-09-16T15:31:20.001882+00:00,2026-09-16T17:40:00+00:00,823655,Aaron Judge,NYY,MIN,price-decision-v1,0.6835897169688395,-214,Model snapshot; sportsbook quote age unverified,Not selected,Not selected,,0.0,False,2.58,,,,0.6535897169688395,1.4672897196261685,0.0030241641505401,-0.0409945274382448,1.5759121865883123,-173.63758282733554,False,aaronjudge,,,,Pending
2026-09-16,2026-09-16T15:31:20.001882+00:00,2026-09-17T01:38:00+00:00,823979,Adam Frazier,LAA,SEA,price-decision-v1,0.5417623708238102,-138,Model snapshot; sportsbook quote age unverified,Not selected,Not selected,,0.0,False,5.0,,,,0.5117623708238102,1.7246376811594204,-0.0656562010429939,-0.1173953314777765,2.0126528614090096,101.26528614090095,False,adamfrazier,,,,Pending
2026-09-16,2026-09-16T15:31:20.001882+00:00,2026-09-17T01:40:00+00:00,825031,Agustin Ramirez,MIA,ARI,price-decision-v1,0.6133811511616707,-149,Model snapshot; sportsbook quote age unverified,Not selected,Not selected,,0.0,False,3.5,,,,0.5833811511616707,1.6711409395973154,0.0250463532835973,-0.0250878749043221,1.7655695559395257,-130.62170409490432,False,agustinramirez,,,,Pending
2026-09-16,2026-09-16T15:31:20.001882+00:00,2026-09-16T23:10:00+00:00,823576,AJ Ewing,NYM,BAL,price-decision-v1,0.6409222278915051,-195,Model snapshot; sportsbook quote age unverified,Not selected,Not selected,,0.0,False,2.23,,,,0.6109222278915051,1.5128205128205128,-0.0303997065231076,-0.0757843219077231,1.685975649559963,-145.77776931899496,False,ajewing,,,,Pending
2026-09-16,2026-09-16T15:31:20.001882+00:00,2026-09-16T19:07:00+00:00,822763,Alejandro Kirk,TOR,DET,price-decision-v1,0.6130283761760686,-244,Model snapshot; sportsbook quote age unverified,Not selected,Not selected,,0.0,False,3.96,,,,0.5830283761760686,1.4098360655737705,-0.135730486046854,-0.1780255680140672,1.7666378551855433,-130.43968455718613,False,alejandrokirk,,,,Pending
2026-09-16,2026-09-16T15:31:20.001882+00:00,2026-09-16T23:40:00+00:00,824626,Alex Bregman,CHC,ATL,price-decision-v1,0.6079273589104859,-196,Model snapshot; sportsbook quote age unverified,Not selected,Not selected,,0.0,False,3.32,,,,0.5779273589104859,1.510204081632653,-0.0819056212372254,-0.1272117436862051,1.782230905181173,-127.83949002480144,False,alexbregman,,,,Pending
2026-09-16,2026-09-16T15:31:20.001882+00:00,2026-09-16T19:07:00+00:00,822763,Andres Gimenez,TOR,DET,price-decision-v1,0.572822494584651,-177,Model snapshot; sportsbook quote age unverified,Not selected,Not selected,,0.0,False,5.0,,,,0.5428224945846509,1.5649717514124295,-0.1035489774014218,-0.1504981299437948,1.8974895297736705,-111.42191266032717,False,andresgimenez,,,,Pending
2026-09-16,2026-09-16T15:31:20.001882+00:00,2026-09-16T17:40:00+00:00,823655,Anthony Volpe,NYY,MIN,price-decision-v1,0.5443161316362287,-145,Model snapshot; sportsbook quote age unverified,Not selected,Not selected,,0.0,False,4.89,,,,0.5143161316362287,1.6896551724137931,-0.080293432752579,-0.1309830879249929,2.0026593307956166,100.26593307956166,False,anthonyvolpe,,,,Pending
2026-09-16,2026-09-16T15:31:20.001882+00:00,2026-09-16T17:40:00+00:00,823655,Austin Martin,MIN,NYY,price-decision-v1,0.6098621453946171,-131,Model snapshot; sportsbook quote age unverified,Not selected,Not selected,,0.0,False,2.0,,,,0.5798621453946171,1.763358778625954,0.075405767833256,0.0225050044744774,1.7762842568366797,-128.81879172391712,False,austinmartin,,,,Pending
2026-09-16,2026-09-16T15:31:20.001882+00:00,2026-09-16T23:40:00+00:00,824626,Austin Riley,ATL,CHC,price-decision-v1,0.5467500906618984,-132,Model snapshot; sportsbook quote age unverified,Not selected,Not selected,,0.0,False,4.73,,,,0.5167500906618984,1.7575757575757576,-0.0390452952002997,-0.0917725679275726,1.993226549182965,-100.68196433357596,False,austinriley,,,,Pending
2026-09-16,2026-09-16T15:31:20.001882+00:00,2026-09-16T17:40:00+00:00,823655,Ben Rice,NYY,MIN,price-decision-v1,0.6996146039215188,-251,Model snapshot; sportsbook quote age unverified,Not selected,Not selected,,0.0,False,1.9,,,,0.6696146039215187,1.398406374501992,-0.0216544781814617,-0.0636066694165216,1.5381982321889738,-185.80514393976625,False,benrice,,,,Pending
2026-09-16,2026-09-16T15:31:20.001882+00:00,2026-09-16T23:10:00+00:00,823576,Bo Bichette,NYM,BAL,price-decision-v1,0.6646619370617616,-256,Model snapshot; sportsbook quote age unverified,Not selected,Not selected,,0.0,False,2.6,,,,0.6346619370617615,1.390625,-0.0757044937734877,-0.1174232437734879,1.6229112537747266,-160.5365120537132,False,bobichette,,,,Pending
2026-09-16,2026-09-16T15:31:20.001882+00:00,2026-09-17T00:10:00+00:00,824140,Bobby Witt Jr.,KC,HOU,price-decision-v1,0.7074888601291374,-215,Model snapshot; sportsbook quote age unverified,Not selected,Not selected,,0.0,False,2.0,,,,0.6774888601291373,1.4651162790697674,0.0365534462357128,-0.0074000421363802,1.5203202009899763,-192.1893476550345,False,bobbywittjr,,,,Pending
2026-09-16,2026-09-16T15:31:20.001882+00:00,2026-09-16T22:40:00+00:00,823332,Brandon Lowe,PIT,MIL,price-decision-v1,0.6169743076649493,-163,Model snapshot; sportsbook quote age unverified,Not selected,Not selected,,0.0,False,2.22,,,,0.5869743076649493,1.6134969325153374,-0.0045138471418302,-0.0529187551172903,1.7547616421193246,-132.49215966938397,False,brandonlowe,,,,Pending
2026-09-16,2026-09-16T15:31:20.001882+00:00,2026-09-16T22:45:00+00:00,822680,Brandon Marsh,PHI,WSH,price-decision-v1,0.6251996508801356,-163,Model snapshot; sportsbook quote age unverified,Not selected,Not selected,,0.0,False,4.24,,,,0.5951996508801356,1.6134969325153374,0.0087577189047587,-0.0396471890707014,1.7305117677352717,-136.89033416945412,False,brandonmarsh,,,,Pending
2026-09-16,2026-09-16T15:31:20.001882+00:00,2026-09-17T00:05:00+00:00,822846,Brandon Nimmo,TEX,BOS,price-decision-v1,0.670447548911134,-205,Model snapshot; sportsbook quote age unverified,Not selected,Not selected,,0.0,False,3.66,,,,0.640447548911134,1.4878048780487805,-0.0025048662541664,-0.0471390125956299,1.6082503582864345,-164.40598618259827,False,brandonnimmo,,,,Pending
2026-09-16,2026-09-16T15:31:20.001882+00:00,2026-09-16T23:10:00+00:00,823576,Brett Baty,NYM,BAL,price-decision-v1,0.5855357618002949,-135,Model snapshot; sportsbook quote age unverified,Not selected,Not selected,,0.0,False,4.67,,,,0.5555357618002948,1.7407407407407407,0.0192659557264391,-0.032956266495783,1.8540660580736232,-117.08696189795155,False,brettbaty,,,,Pending
2026-09-16,2026-09-16T15:31:20.001882+00:00,2026-09-16T22:40:00+00:00,823332,Brice Turang,MIL,PIT,price-decision-v1,0.6806112898851374,-212,Model snapshot; sportsbook quote age unverified,Not selected,Not selected,,0.0,False,2.23,,,,0.6506112898851374,1.4716981132075473,0.0016543511517117,-0.0424965922445147,1.583126539629895,-171.48936500724022,False,briceturang,,,,Pending
2026-09-16,2026-09-16T15:31:20.001882+00:00,2026-09-16T17:40:00+00:00,823655,Brooks Lee,MIN,NYY,price-decision-v1,0.5748511407427817,-176,Model snapshot; sportsbook quote age unverified,Not selected,Not selected,,0.0,False,2.52,,,,0.5448511407427816,1.5681818181818183,-0.0985288929260923,-0.1455743474715469,1.8904246003703455,-112.30597173349427,False,brookslee,,,,Pending
2026-09-16,2026-09-16T15:31:20.001882+00:00,2026-09-16T22:40:00+00:00,823332,Bryan Reynolds,PIT,MIL,price-decision-v1,0.5933340482449817,-168,Model snapshot; sportsbook quote age unverified,Not selected,Not selected,,0.0,False,3.0,,,,0.5633340482449817,1.5952380952380951,-0.0534909230377672,-0.10134806589491,1.828400046489069,-120.7146238388333,False,bryanreynolds,,,,Pending
2026-09-16,2026-09-16T15:31:20.001882+00:00,2026-09-16T17:15:00+00:00,823004,Bryce Eldridge,SF,STL,price-decision-v1,0.6317513426287543,-211,Model snapshot; sportsbook quote age unverified,Not selected,Not selected,,0.0,True,2.0,,,,0.6017513426287543,1.4739336492890995,-0.0688404381159119,-0.1130584475945849,1.711670464249301,-140.51447267167967,False,bryceeldridge,,,,Pending
2026-09-16,2026-09-16T15:31:20.001882+00:00,2026-09-16T22:45:00+00:00,822680,Bryce Harper,PHI,WSH,price-decision-v1,0.68042302524378,-259,Model snapshot; sportsbook quote age unverified,Not selected,Not selected,,0.0,False,2.96,,,,0.6504230252437799,1.3861003861003862,-0.0568653819980037,-0.0984483935810154,1.5835847748685616,-171.35471024329345,False,bryceharper,,,,Pending
2026-09-16,2026-09-16T15:31:20.001882+00:00,2026-09-16T22:45:00+00:00,822680,Bryson Stott,PHI,WSH,price-decision-v1,0.6065968333767788,-236,Model snapshot; sportsbook quote age unverified,Not selected,Not selected,,0.0,False,4.32,,,,0.5765968333767788,1.423728813559322,-0.1363706101076369,-0.1790824745144166,1.7863434905944822,-127.17088803570964,False,brysonstott,,,,Pending
2026-09-16,2026-09-16T15:31:20.001882+00:00,2026-09-17T01:38:00+00:00,823979,Cal Raleigh,SEA,LAA,price-decision-v1,0.5785091106724621,-189,Model snapshot; sportsbook quote age unverified,Not selected,Not selected,,0.0,False,3.76,,,,0.5485091106724621,1.529100529100529,-0.1154014127812615,-0.1612744286542775,1.877817487365413,-113.9188970820452,False,calraleigh,,,,Pending
2026-09-16,2026-09-16T15:31:20.001882+00:00,2026-09-17T00:05:00+00:00,822846,Caleb Durbin,BOS,TEX,price-decision-v1,0.5522987087795723,-156,Model snapshot; sportsbook quote age unverified,Not selected,Not selected,,0.0,False,4.95,,,,0.5222987087795723,1.641025641025641,-0.0936636573873684,-0.1428944266181377,1.972051591716063,-102.87519803702978,False,calebdurbin,,,,Pending
2026-09-16,2026-09-16T15:31:20.001882+00:00,2026-09-17T00:10:00+00:00,824140,Cam Smith,HOU,KC,price-decision-v1,0.56774680217687,-169,Model snapshot; sportsbook quote age unverified,Not selected,Not selected,,0.0,False,4.73,,,,0.53774680217687,1.5917159763313609,-0.0963083444640353,-0.1440598237539762,1.9153995817928144,-109.24191138928592,False,camsmith,,,,Pending
2026-09-16,2026-09-16T15:31:20.001882+00:00,2026-09-16T22:40:00+00:00,822926,Carlos Cortes,ATH,TB,price-decision-v1,0.6653928084043279,-132,Model snapshot; sportsbook quote age unverified,Not selected,Not selected,,0.0,False,2.89,,,,0.6353928084043279,1.7575757575757576,0.1694782693166976,0.1167509965894246,1.6210444726100308,-161.01906451197493,True,carloscortes,,,,Pending
2026-09-16,2026-09-16T15:31:20.001882+00:00,2026-09-16T23:10:00+00:00,823576,Carson Benge,NYM,BAL,price-decision-v1,0.6506780009772085,-264,Model snapshot; sportsbook quote age unverified,Not selected,Not selected,,0.0,False,2.86,,,,0.6206780009772085,1.378787878787879,-0.1028530592586972,-0.1442166956223336,1.6594756030958828,-151.63563220618602,False,carsonbenge,,,,Pending
2026-09-16,2026-09-16T15:31:20.001882+00:00,2026-09-16T23:40:00+00:00,824626,Carson Kelly,CHC,ATL,price-decision-v1,0.5765292000281712,-136,Model snapshot; sportsbook quote age unverified,Not selected,Not selected,,0.0,False,4.17,,,,0.5465292000281712,1.7352941176470589,0.0004477294606499,-0.0516110940687617,1.884620254410758,-113.04285596152172,False,carsonkelly,,,,Pending
2026-09-16,2026-09-16T15:31:20.001882+00:00,2026-09-17T00:10:00+00:00,824140,Carter Jensen,KC,HOU,price-decision-v1,0.6023695597445452,-147,Model snapshot; sportsbook quote age unverified,Not selected,Not selected,,0.0,False,1.56,,,,0.5723695597445452,1.6802721088435373,0.01214477045512,-0.038263392810186,1.7995366498171224,-125.0724404226785,False,carterjensen,,,,Pending
2026-09-16,2026-09-16T15:31:20.001882+00:00,2026-09-16T22:40:00+00:00,822926,Cedric Mullins,TB,ATH,price-decision-v1,0.5768538126570255,-147,Model snapshot; sportsbook quote age unverified,Not selected,Not selected,,0.0,False,3.86,,,,0.5468538126570255,1.6802721088435373,-0.0307286277123449,-0.0811367909776511,1.8835015431189708,-113.18599359427964,False,cedricmullins,,,,Pending
2026-09-16,2026-09-16T15:31:20.001882+00:00,2026-09-16T22:40:00+00:00,822926,Chandler Simpson,TB,ATH,price-decision-v1,0.6577388631558614,-275,Model snapshot; sportsbook quote age unverified,Not selected,Not selected,,0.0,False,4.0,,,,0.6277388631558614,1.3636363636363638,-0.1030833684238252,-0.1439924593329162,1.6408096749368557,-156.0525752203318,False,chandlersimpson,,,,Pending
2026-09-16,2026-09-16T15:31:20.001882+00:00,2026-09-16T17:10:00+00:00,824382,Chase Meidroth,CWS,CLE,price-decision-v1,0.6119330592097744,-199,Model snapshot; sportsbook quote age unverified,Not selected,Not selected,,0.0,True,1.0,,,,0.5819330592097743,1.5025125628140703,-0.0805628909360677,-0.1256382678204898,1.7699630287350752,-129.87636583575167,False,chasemeidroth,,,,Pending
2026-09-16,2026-09-16T15:31:20.001882+00:00,2026-09-17T00:10:00+00:00,824140,Christian Walker,HOU,KC,price-decision-v1,0.5788676462219949,-194,Model snapshot; sportsbook quote age unverified,Not selected,Not selected,,0.0,False,3.79,,,,0.5488676462219949,1.5154639175257731,-0.1227469691274922,-0.1682108866532654,1.8765908449692197,-114.078307540973,False,christianwalker,,,,Pending
2026-09-16,2026-09-16T15:31:20.001882+00:00,2026-09-16T22:40:00+00:00,823332,Christian Yelich,MIL,PIT,price-decision-v1,0.613697278494418,-188,Model snapshot; sportsbook quote age unverified,Not selected,Not selected,,0.0,False,2.36,,,,0.583697278494418,1.5319148936170213,-0.059867998902168,-0.1058254457106788,1.7646133328851046,-130.78505919151505,False,christianyelich,,,,Pending
2026-09-16,2026-09-16T15:31:20.001882+00:00,2026-09-16T22:45:00+00:00,822680,CJ Abrams,WSH,PHI,price-decision-v1,0.6133460421546043,-157,Model snapshot; sportsbook quote age unverified,Not selected,Not selected,,0.0,False,3.53,,,,0.5833460421546043,1.6369426751592355,0.0040123110428871,-0.0450959692118898,1.7656758177284744,-130.60357619321107,False,cjabrams,,,,Pending
2026-09-16,2026-09-16T15:31:20.001882+00:00,2026-09-16T23:10:00+00:00,823576,Coby Mayo,BAL,NYM,price-decision-v1,0.5653324910412787,-147,Model snapshot; sportsbook quote age unverified,Not selected,Not selected,,0.0,False,4.05,,,,0.5353324910412787,1.6802721088435373,-0.0500875830803004,-0.1004957463456066,1.9240378965165,-108.2206697116933,False,cobymayo,,,,Pending
2026-09-16,2026-09-16T15:31:20.001882+00:00,2026-09-16T17:40:00+00:00,823655,Cody Bellinger,NYY,MIN,price-decision-v1,0.651536097965153,-266,Model snapshot; sportsbook quote age unverified,Not selected,Not selected,,0.0,False,3.36,,,,0.621536097965153,1.3759398496240602,-0.1035255193411803,-0.1448037148299022,1.6571845197280046,-152.16426589200242,False,codybellinger,,,,Pending
2026-09-16,2026-09-16T15:31:20.001882+00:00,2026-09-17T01:38:00+00:00,823979,Cole Young,SEA,LAA,price-decision-v1,0.6323796523782983,-191,Model snapshot; sportsbook quote age unverified,Not selected,Not selected,,0.0,False,2.17,,,,0.6023796523782983,1.5235602094240837,-0.0365315243869905,-0.0822383306697132,1.7098851130402284,-140.8678646206983,False,coleyoung,,,,Pending
2026-09-16,2026-09-16T15:31:20.001882+00:00,2026-09-16T23:10:00+00:00,823576,Colton Cowser,BAL,NYM,price-decision-v1,0.5319681436272361,-112,Model snapshot; sportsbook quote age unverified,Not selected,Not selected,,0.0,False,4.5,,,,0.5019681436272361,1.8928571428571428,0.0069397004372682,-0.049846013848446,2.0519230414846463,105.19230414846464,False,coltoncowser,,,,Pending
2026-09-16,2026-09-16T15:31:20.001882+00:00,2026-09-17T01:40:00+00:00,825031,Corbin Carroll,ARI,MIA,price-decision-v1,0.7016947191959515,-236,Model snapshot; sportsbook quote age unverified,Not selected,Not selected,,0.0,False,2.0,,,,0.6716947191959515,1.423728813559322,-0.0009770099583064,-0.043688874365086,1.5334347145574645,-187.46436493725324,False,corbincarroll,,,,Pending
2026-09-16,2026-09-16T15:31:20.001882+00:00,2026-09-17T00:05:00+00:00,822846,Corey Seager,TEX,BOS,price-decision-v1,0.6283466885458242,-216,Model snapshot; sportsbook quote age unverified,Not selected,Not selected,,0.0,False,2.29,,,,0.5983466885458242,1.462962962962963,-0.0807520667570349,-0.1246409556459238,1.721410044907632,-138.61742112671,False,coreyseager,,,,Pending
2026-09-16,2026-09-16T15:31:20.001882+00:00,2026-09-16T22:40:00+00:00,824467,Dane Myers,CIN,LAD,price-decision-v1,0.6201600626179531,-153,Model snapshot; sportsbook quote age unverified,Not selected,Not selected,,0.0,False,2.27,,,,0.5901600626179531,1.65359477124183,0.025493436878053,-0.0241144062592018,1.7452892278594976,-134.17609736183127,False,danemyers,,,,Pending
2026-09-16,2026-09-16T15:31:20.001882+00:00,2026-09-16T17:10:00+00:00,824382,David Fry,CLE,CWS,price-decision-v1,0.5632995033484134,-132,Model snapshot; sportsbook quote age unverified,Not selected,Not selected,,0.0,True,5.0,,,,0.5332995033484134,1.7575757575757576,-0.0099584486603643,-0.0626857213876371,1.931372509317872,-107.36842562943907,False,davidfry,,,,Pending
2026-09-16,2026-09-16T15:31:20.001882+00:00,2026-09-16T22:45:00+00:00,822680,Daylen Lile,WSH,PHI,price-decision-v1,0.608131737308141,-173,Model snapshot; sportsbook quote age unverified,Not selected,Not selected,,0.0,False,4.02,,,,0.5781317373081409,1.5780346820809248,-0.0403470272536272,-0.087688067716055,1.781600859340154,-127.94254101053878,False,daylenlile,,,,Pending
2026-09-16,2026-09-16T15:31:20.001882+00:00,2026-09-16T19:07:00+00:00,822763,Dillon Dingler,DET,TOR,price-decision-v1,0.6747184787680215,-172,Model snapshot; sportsbook quote age unverified,Not selected,Not selected,,0.0,False,3.14,,,,0.6447184787680215,1.5813953488372094,0.0669966640982666,0.0195548036331503,1.597596523009864,-167.3369843190158,False,dillondingler,,,,Pending
2026-09-16,2026-09-16T15:31:20.001882+00:00,2026-09-17T01:38:00+00:00,823979,Dominic Canzone,SEA,LAA,price-decision-v1,0.6352830484231796,-191,Model snapshot; sportsbook quote age unverified,Not selected,Not selected,,0.0,False,3.17,,,,0.6052830484231796,1.5235602094240837,-0.0321080257008101,-0.0778148319835327,1.701683208679392,-142.5144549036676,False,dominiccanzone,,,,Pending
2026-09-16,2026-09-16T15:31:20.001882+00:00,2026-09-16T23:40:00+00:00,824626,Drake Baldwin,ATL,CHC,price-decision-v1,0.6726584296145582,-193,Model snapshot; sportsbook quote age unverified,Not selected,Not selected,,0.0,False,1.74,,,,0.6426584296145582,1.5181347150259068,0.0211861133526714,-0.0243579280981058,1.6027176374512886,-165.915171195039,False,drakebaldwin,,,,Pending
2026-09-16,2026-09-16T15:31:20.001882+00:00,2026-09-16T23:10:00+00:00,823576,Dylan Beavers,BAL,NYM,price-decision-v1,0.5970028680653126,-171,Model snapshot; sportsbook quote age unverified,Not selected,Not selected,,0.0,False,2.42,,,,0.5670028680653125,1.5847953216374269,-0.0538726476859666,-0.1014165073350895,1.8165692944631724,-122.4635810800868,False,dylanbeavers,,,,Pending
2026-09-16,2026-09-16T15:31:20.001882+00:00,2026-09-16T17:10:00+00:00,824382,Edgar Quero,CWS,CLE,price-decision-v1,0.5385959065904279,-138,Model snapshot; sportsbook quote age unverified,Not selected,Not selected,,0.0,False,4.62,,,,0.5085959065904279,1.7246376811594204,-0.0711172045759286,-0.1228563350107113,2.025183424902117,102.51834249021172,False,edgarquero,,,,Pending
2026-09-16,2026-09-16T15:31:20.001882+00:00,2026-09-16T22:40:00+00:00,824467,Elly De La Cruz,CIN,LAD,price-decision-v1,0.6660905474724008,-138,Model snapshot; sportsbook quote age unverified,Not selected,Not selected,,0.0,False,1.38,,,,0.6360905474724008,1.7246376811594204,0.1487648572350102,0.0970257268002274,1.619266320011917,-161.48141238825264,True,ellydelacruz,,,,Pending
2026-09-16,2026-09-16T15:31:20.001882+00:00,2026-09-16T22:40:00+00:00,824467,Eugenio Suarez,CIN,LAD,price-decision-v1,0.5451948632997168,-102,Model snapshot; sportsbook quote age unverified,Not selected,Not selected,,0.0,False,4.59,,,,0.5151948632997168,1.9803921568627447,0.0796996312406155,0.0202878665347332,1.9992435355489817,-100.07570371226898,False,eugeniosuarez,,,,Pending
2026-09-16,2026-09-16T15:31:20.001882+00:00,2026-09-17T00:05:00+00:00,822846,Ezequiel Duran,TEX,BOS,price-decision-v1,0.6225794227791507,-217,Model snapshot; sportsbook quote age unverified,Not selected,Not selected,,0.0,False,4.1,,,,0.5925794227791507,1.4608294930875576,-0.0905176174147891,-0.1343425022074158,1.7381636290531004,-135.47131836917748,False,ezequielduran,,,,Pending
2026-09-16,2026-09-16T15:31:20.001882+00:00,2026-09-17T00:40:00+00:00,824306,Ezequiel Tovar,COL,SD,price-decision-v1,0.5720458409968446,-146,Model snapshot; sportsbook quote age unverified,Not selected,Not selected,,0.0,False,4.25,,,,0.5420458409968446,1.6849315068493151,-0.0361419391423027,-0.0866898843477823,1.9002082888520788,-111.08540238783768,False,ezequieltovar,,,,Pending
2026-09-16,2026-09-16T15:31:20.001882+00:00,2026-09-16T23:10:00+00:00,823576,Francisco Lindor,NYM,BAL,price-decision-v1,0.6557335212063269,-254,Model snapshot; sportsbook quote age unverified,Not selected,Not selected,,0.0,False,2.11,,,,0.6257335212063269,1.3937007874015748,-0.0861036751691349,-0.1279146987911822,1.646068118604712,-154.78244030361083,False,franciscolindor,,,,Pending
2026-09-16,2026-09-16T15:31:20.001882+00:00,2026-09-16T22:40:00+00:00,824467,Freddie Freeman,LAD,CIN,price-decision-v1,0.6813190785229303,-215,Model snapshot; sportsbook quote age unverified,On card,Hold,3.0,0.0,False,2.98,,,,0.6513190785229303,1.4651162790697674,-0.0017883268152417,-0.0457418151873347,1.5814061555449093,-171.99680300301836,False,freddiefreeman,,,,Pending
2026-09-16,2026-09-16T15:31:20.001882+00:00,2026-09-17T01:40:00+00:00,825031,Gabriel Moreno,ARI,MIA,price-decision-v1,0.6859898301315817,-265,Model snapshot; sportsbook quote age unverified,Not selected,Not selected,,0.0,False,3.37,,,,0.6559898301315816,1.3773584905660377,-0.055146083026312,-0.0964668377432932,1.570146292959142,-175.3935809719739,False,gabrielmoreno,,,,Pending
2026-09-16,2026-09-16T15:31:20.001882+00:00,2026-09-16T22:40:00+00:00,823332,Garrett Mitchell,MIL,PIT,price-decision-v1,0.5836353082482699,-161,Model snapshot; sportsbook quote age unverified,Not selected,Not selected,,0.0,False,3.87,,,,0.5536353082482699,1.62111801242236,-0.0538582891130532,-0.102491829485724,1.8604304759011343,-116.22089500638542,False,garrettmitchell,,,,Pending
2026-09-16,2026-09-16T15:31:20.001882+00:00,2026-09-16T19:07:00+00:00,822763,George Springer,TOR,DET,price-decision-v1,0.5824640295072343,-263,Model snapshot; sportsbook quote age unverified,Not selected,Not selected,,0.0,True,4.0,,,,0.5524640295072343,1.3802281368821292,-0.1960667577523724,-0.2374736018588363,1.8643747737182093,-115.69055812427092,False,georgespringer,,,,Pending
2026-09-16,2026-09-16T15:31:20.001882+00:00,2026-09-17T01:40:00+00:00,825031,Geraldo Perdomo,ARI,MIA,price-decision-v1,0.6621831604077955,-233,Model snapshot; sportsbook quote age unverified,Not selected,Not selected,,0.0,False,3.0,,,,0.6321831604077954,1.4291845493562232,-0.0536180583013051,-0.0964935947819919,1.6292746540980136,-158.9131221935793,False,geraldoperdomo,,,,Pending
2026-09-16,2026-09-16T15:31:20.001882+00:00,2026-09-16T19:07:00+00:00,822763,Gleyber Torres,DET,TOR,price-decision-v1,0.6430138194528452,-215,Model snapshot; sportsbook quote age unverified,Not selected,Not selected,,0.0,False,1.67,,,,0.6130138194528452,1.4651162790697674,-0.0579099854528082,-0.1018634738249013,1.6802231325214532,-147.0105840554403,False,gleybertorres,,,,Pending
2026-09-16,2026-09-16T15:31:20.001882+00:00,2026-09-17T01:40:00+00:00,825031,Griffin Conine,MIA,ARI,price-decision-v1,0.6923210110192167,-187,Model snapshot; sportsbook quote age unverified,Not selected,Not selected,,0.0,False,3.6,,,,0.6623210110192167,1.53475935828877,0.0625461506016855,0.0165033698530223,1.5551371357145658,-180.135670209274,False,griffinconine,,,,Pending
2026-09-16,2026-09-16T15:31:20.001882+00:00,2026-09-16T23:10:00+00:00,823576,Gunnar Henderson,BAL,NYM,price-decision-v1,0.5892080672693851,-190,Model snapshot; sportsbook quote age unverified,Not selected,Not selected,,0.0,False,2.53,,,,0.5592080672693851,1.526315789473684,-0.1006824236414648,-0.1464718973256754,1.8418904523847333,-118.78029940444232,False,gunnarhenderson,,,,Pending
2026-09-16,2026-09-16T15:31:20.001882+00:00,2026-09-16T19:07:00+00:00,822763,Hao-Yu Lee,DET,TOR,price-decision-v1,0.6049133854717982,-169,Model snapshot; sportsbook quote age unverified,Not selected,Not selected,,0.0,False,2.7,,,,0.5749133854717982,1.5917159763313609,-0.0371497000478479,-0.0849011793377887,1.7915742197491864,-126.33054172947348,False,haoyulee,,,,Pending
2026-09-16,2026-09-16T15:31:20.001882+00:00,2026-09-16T22:40:00+00:00,822926,Henry Bolte,ATH,TB,price-decision-v1,0.6130696267194954,-199,Model snapshot; sportsbook quote age unverified,Not selected,Not selected,,0.0,False,1.3,,,,0.5830696267194954,1.5025125628140703,-0.0788551839742255,-0.1239305608586477,1.7665128705040831,-130.46095355742276,False,henrybolte,,,,Pending
2026-09-16,2026-09-16T15:31:20.001882+00:00,2026-09-17T01:40:00+00:00,825031,Heriberto Hernandez,MIA,ARI,price-decision-v1,0.6389283447384854,-189,Model snapshot; sportsbook quote age unverified,Not selected,Not selected,,0.0,False,3.07,,,,0.6089283447384853,1.529100529100529,-0.0230143300030567,-0.0688873458760727,1.6914962308781194,-144.61394803701486,False,heribertohernandez,,,,Pending
2026-09-16,2026-09-16T15:31:20.001882+00:00,2026-09-16T23:40:00+00:00,824626,Ian Happ,CHC,ATL,price-decision-v1,0.5564688602101199,-128,Model snapshot; sportsbook quote age unverified,Not selected,Not selected,,0.0,False,4.77,,,,0.5264688602101198,1.78125,-0.0087898427507239,-0.062227342750724,1.956431002564739,-104.5553727679705,False,ianhapp,,,,Pending
2026-09-16,2026-09-16T15:31:20.001882+00:00,2026-09-17T00:10:00+00:00,824140,Isaac Collins,KC,HOU,price-decision-v1,0.5776721942995684,-124,Model snapshot; sportsbook quote age unverified,Not selected,Not selected,,0.0,False,4.36,,,,0.5476721942995684,1.8064516129032255,0.043536867121801,-0.0106566812652958,1.8806870436745335,-113.54771336565268,False,isaaccollins,,,,Pending
2026-09-16,2026-09-16T15:31:20.001882+00:00,2026-09-17T00:10:00+00:00,824140,Isaac Paredes,HOU,KC,price-decision-v1,0.5714631934110258,-235,Model snapshot; sportsbook quote age unverified,Not selected,Not selected,,0.0,False,3.14,,,,0.5414631934110258,1.425531914893617,-0.1853609796055589,-0.2281269370523675,1.9022530294466848,-110.8336539045216,False,isaacparedes,,,,Pending
2026-09-16,2026-09-16T15:31:20.001882+00:00,2026-09-16T17:15:00+00:00,823004,Ivan Herrera,STL,SF,price-decision-v1,0.615823216512452,-248,Model snapshot; sportsbook quote age unverified,Not selected,Not selected,,0.0,False,2.21,,,,0.585823216512452,1.403225806451613,-0.1358609703776883,-0.1779577445712367,1.758209594580154,-131.88965256417433,False,ivanherrera,,,,Pending
2026-09-16,2026-09-16T15:31:20.001882+00:00,2026-09-17T00:10:00+00:00,824140,Jac Caglianone,KC,HOU,price-decision-v1,0.6215194417668125,-184,Model snapshot; sportsbook quote age unverified,Not selected,Not selected,,0.0,False,3.29,,,,0.5915194417668125,1.5434782608695652,-0.0406982529251371,-0.0870026007512242,1.7412783541374188,-134.90209101864846,False,jaccaglianone,,,,Pending
2026-09-16,2026-09-16T15:31:20.001882+00:00,2026-09-16T22:45:00+00:00,822680,Jacob Young,WSH,PHI,price-decision-v1,0.5750470699262882,-107,Model snapshot; sportsbook quote age unverified,Not selected,Not selected,,0.0,False,3.22,,,,0.5450470699262882,1.9345794392523368,0.1124742380816976,0.0544368549041276,1.889745045577984,-112.39174693581953,True,jacobyoung,,,,Pending
2026-09-16,2026-09-16T15:31:20.001882+00:00,2026-09-16T22:40:00+00:00,823332,Jake Bauers,MIL,PIT,price-decision-v1,0.5947526216189905,-153,Model snapshot; sportsbook quote age unverified,Not selected,Not selected,,0.0,False,4.39,,,,0.5647526216189904,1.65359477124183,-0.0165201747084667,-0.0661280178457217,1.8238073814465408,-121.38759891226988,False,jakebauers,,,,Pending
2026-09-16,2026-09-16T15:31:20.001882+00:00,2026-09-17T00:05:00+00:00,822846,Jake Burger,TEX,BOS,price-decision-v1,0.6008515988397912,-176,Model snapshot; sportsbook quote age unverified,Not selected,Not selected,,0.0,False,4.37,,,,0.5708515988397912,1.5681818181818183,-0.0577554472739636,-0.1048009018194182,1.8043218274125712,-124.32834294910376,False,jakeburger,,,,Pending
2026-09-16,2026-09-16T15:31:20.001882+00:00,2026-09-17T00:40:00+00:00,824306,Jake Cronenworth,SD,COL,price-decision-v1,0.6080853101416468,-245,Model snapshot; sportsbook quote age unverified,Not selected,Not selected,,0.0,False,2.09,,,,0.5780853101416468,1.4081632653061225,-0.1437166040862524,-0.1859615020454361,1.781743943203853,-127.91912347944252,False,jakecronenworth,,,,Pending
2026-09-16,2026-09-16T15:31:20.001882+00:00,2026-09-16T22:40:00+00:00,823332,Jake Mangum,PIT,MIL,price-decision-v1,0.600552131218501,-158,Model snapshot; sportsbook quote age unverified,Not selected,Not selected,,0.0,False,1.0,,,,0.570552131218501,1.6329113924050631,-0.0193515832001691,-0.068338924972321,1.8052688678951705,-124.18212597909344,False,jakemangum,,,,Pending
2026-09-16,2026-09-16T15:31:20.001882+00:00,2026-09-17T01:40:00+00:00,825031,Jakob Marsee,MIA,ARI,price-decision-v1,0.6111802324475462,-197,Model snapshot; sportsbook quote age unverified,Not selected,Not selected,,0.0,False,3.44,,,,0.5811802324475461,1.5076142131979695,-0.0785759947364406,-0.1238044211323796,1.7722557349590546,-129.49078326404666,False,jakobmarsee,,,,Pending
2026-09-16,2026-09-16T15:31:20.001882+00:00,2026-09-17T01:40:00+00:00,825031,James McCann,ARI,MIA,price-decision-v1,0.6186636515347826,-178,Model snapshot; sportsbook quote age unverified,Not selected,Not selected,,0.0,False,5.0,,,,0.5886636515347826,1.5617977528089888,-0.0337724992883731,-0.0806264318726428,1.749725836332091,-133.38209136453585,False,jamesmccann,,,,Pending
2026-09-16,2026-09-16T15:31:20.001882+00:00,2026-09-16T22:45:00+00:00,822680,James Wood,WSH,PHI,price-decision-v1,0.6721143010830123,-161,Model snapshot; sportsbook quote age unverified,Not selected,Not selected,,0.0,False,1.0,,,,0.6421143010830123,1.62111801242236,0.0895765998923365,0.0409430595196658,1.6040757825557943,-165.54214369744852,True,jameswood,,,,Pending
2026-09-16,2026-09-16T15:31:20.001882+00:00,2026-09-16T23:10:00+00:00,823576,Jared Young,NYM,BAL,price-decision-v1,0.6280239268990488,-205,Model snapshot; sportsbook quote age unverified,Not selected,Not selected,,0.0,False,4.58,,,,0.5980239268990488,1.4878048780487805,-0.0656229380282443,-0.1102570843697078,1.722339113320916,-138.43913219686425,False,jaredyoung,,,,Pending
2026-09-16,2026-09-16T15:31:20.001882+00:00,2026-09-17T01:40:00+00:00,825031,Javier Sanoja,MIA,ARI,price-decision-v1,0.6282287872432428,-224,Model snapshot; sportsbook quote age unverified,Not selected,Not selected,,0.0,False,4.63,,,,0.5982287872432428,1.4464285714285714,-0.0913119327374524,-0.1347047898803095,1.721749307228167,-138.55226322841057,False,javiersanoja,,,,Pending
2026-09-16,2026-09-16T15:31:20.001882+00:00,2026-09-16T22:40:00+00:00,822926,Jeff McNeil,ATH,TB,price-decision-v1,0.6381401536777042,-265,Model snapshot; sportsbook quote age unverified,Not selected,Not selected,,0.0,False,2.81,,,,0.6081401536777041,1.3773584905660377,-0.121052241160898,-0.1623729958778792,1.693688525204453,-144.15691822281002,False,jeffmcneil,,,,Pending
2026-09-16,2026-09-16T15:31:20.001882+00:00,2026-09-16T22:40:00+00:00,824467,JJ Bleday,CIN,LAD,price-decision-v1,0.6504542957778315,-103,Model snapshot; sportsbook quote age unverified,Not selected,Not selected,,0.0,False,2.93,,,,0.6204542957778315,1.970873786407767,0.2819633208048524,0.2228371072126194,1.66007392810254,-151.4981818589044,True,jjbleday,,,,Pending
2026-09-16,2026-09-16T15:31:20.001882+00:00,2026-09-16T17:15:00+00:00,823004,JJ Wetherholt,STL,SF,price-decision-v1,0.6091637404668783,-237,Model snapshot; sportsbook quote age unverified,Not selected,Not selected,,0.0,True,1.0,,,,0.5791637404668782,1.421940928270042,-0.1338051454120761,-0.1764633732601773,1.7784262515634897,-128.46432118540113,False,jjwetherholt,,,,Pending
2026-09-16,2026-09-16T15:31:20.001882+00:00,2026-09-17T01:40:00+00:00,825031,Joe Mack,MIA,ARI,price-decision-v1,0.5955722650236204,-146,Model snapshot; sportsbook quote age unverified,Not selected,Not selected,,0.0,False,5.0,,,,0.5655722650236203,1.6849315068493151,0.0034984739439083,-0.0470494712615711,1.8211642679419289,-121.77831391839352,False,joemack,,,,Pending
2026-09-16,2026-09-16T15:31:20.001882+00:00,2026-09-16T17:15:00+00:00,823004,Jonah Cox,SF,STL,price-decision-v1,0.6536666433254407,-213,Model snapshot; sportsbook quote age unverified,Not selected,Not selected,,0.0,True,1.0,,,,0.6236666433254406,1.4694835680751177,-0.0394476086344462,-0.0835321156766998,1.6515233114087315,-153.4864497538527,False,jonahcox,,,,Pending
2026-09-16,2026-09-16T15:31:20.001882+00:00,2026-09-16T22:40:00+00:00,822926,Jonah Heim,ATH,TB,price-decision-v1,0.5621124740807721,-138,Model snapshot; sportsbook quote age unverified,Not selected,Not selected,,0.0,False,4.0,,,,0.5321124740807721,1.7246376811594204,-0.0305596461505522,-0.082298776585335,1.9356809888347983,-106.87403206142916,False,jonahheim,,,,Pending
2026-09-16,2026-09-16T15:31:20.001882+00:00,2026-09-16T22:40:00+00:00,822926,Jonny DeLuca,TB,ATH,price-decision-v1,0.6527996729159437,-218,Model snapshot; sportsbook quote age unverified,Not selected,Not selected,,0.0,False,4.11,,,,0.6227996729159436,1.4587155963302751,-0.0477509358382106,-0.0915124037281189,1.6538223200689033,-152.94675163347355,False,jonnydeluca,,,,Pending
2026-09-16,2026-09-16T15:31:20.001882+00:00,2026-09-16T22:45:00+00:00,822680,Jorbit Vivas,WSH,PHI,price-decision-v1,0.5587060268832362,-106,Model snapshot; sportsbook quote age unverified,Not selected,Not selected,,0.0,False,3.5,,,,0.5287060268832362,1.9433962264150944,0.0857871843202515,0.0274852975277986,1.9481525604539285,-105.46825919251326,False,jorbitvivas,,,,Pending
2026-09-16,2026-09-16T15:31:20.001882+00:00,2026-09-17T00:40:00+00:00,824306,Jordan Beck,COL,SD,price-decision-v1,0.5913985322117922,-156,Model snapshot; sportsbook quote age unverified,Not selected,Not selected,,0.0,False,2.0,,,,0.5613985322117921,1.641025641025641,-0.0294998445755205,-0.0787306138062898,1.8347037637273769,-119.80298202256706,False,jordanbeck,,,,Pending
2026-09-16,2026-09-16T15:31:20.001882+00:00,2026-09-16T17:15:00+00:00,823004,Jordan Walker,STL,SF,price-decision-v1,0.6047482771002116,-245,Model snapshot; sportsbook quote age unverified,Not selected,Not selected,,0.0,True,4.0,,,,0.5747482771002116,1.4081632653061225,-0.1484156914303143,-0.1906605893894979,1.79208888662821,-126.248457323626,False,jordanwalker,,,,Pending
2026-09-16,2026-09-16T15:31:20.001882+00:00,2026-09-17T00:10:00+00:00,824140,Jose Altuve,HOU,KC,price-decision-v1,0.5876956569186393,-276,Model snapshot; sportsbook quote age unverified,Not selected,Not selected,,0.0,False,3.69,,,,0.5576956569186393,1.3623188405797102,-0.1993711340528681,-0.2402406992702594,1.84688546023636,-118.07972234178013,False,josealtuve,,,,Pending
2026-09-16,2026-09-16T15:31:20.001882+00:00,2026-09-17T01:40:00+00:00,825031,Jose Fernandez,ARI,MIA,price-decision-v1,0.6382155916838564,-196,Model snapshot; sportsbook quote age unverified,Not selected,Not selected,,0.0,False,5.0,,,,0.6082155916838564,1.510204081632653,-0.0361642084774413,-0.0814703309264209,1.6934784541587062,-144.20058676706122,False,josefernandez,,,,Pending
2026-09-16,2026-09-16T15:31:20.001882+00:00,2026-09-16T17:40:00+00:00,823655,Josh Bell,MIN,NYY,price-decision-v1,0.5776160032126035,-159,Model snapshot; sportsbook quote age unverified,Not selected,Not selected,,0.0,False,3.99,,,,0.5476160032126035,1.6289308176100628,-0.059103491622237,-0.107971416150539,1.8808800216894288,-113.522838000357,False,joshbell,,,,Pending
2026-09-16,2026-09-16T15:31:20.001882+00:00,2026-09-17T00:05:00+00:00,822846,Josh Jung,TEX,BOS,price-decision-v1,0.6935530513107413,-269,Model snapshot; sportsbook quote age unverified,Not selected,Not selected,,0.0,False,2.69,,,,0.6635530513107413,1.3717472118959106,-0.0486205355625891,-0.0897729519194665,1.5522496625784514,-181.07752123034427,False,joshjung,,,,Pending
2026-09-16,2026-09-16T15:31:20.001882+00:00,2026-09-17T01:38:00+00:00,823979,Josh Lowe,LAA,SEA,price-decision-v1,0.5338448498888482,-128,Model snapshot; sportsbook quote age unverified,Not selected,Not selected,,0.0,False,5.0,,,,0.5038448498888481,1.78125,-0.0490888611354891,-0.1025263611354891,2.0442800997712403,104.42800997712402,False,joshlowe,,,,Pending
2026-09-16,2026-09-16T15:31:20.001882+00:00,2026-09-17T01:38:00+00:00,823979,Josh Naylor,SEA,LAA,price-decision-v1,0.6358068181306084,-221,Model snapshot; sportsbook quote age unverified,Not selected,Not selected,,0.0,False,4.22,,,,0.6058068181306083,1.4524886877828054,-0.0764977890501118,-0.1200724496835961,1.7002119639035462,-142.81389801242375,False,joshnaylor,,,,Pending
2026-09-16,2026-09-16T15:31:20.001882+00:00,2026-09-16T17:15:00+00:00,823004,Joshua Baez,STL,SF,price-decision-v1,0.5543287045442987,-166,Model snapshot; sportsbook quote age unverified,Not selected,Not selected,,0.0,True,5.0,,,,0.5243287045442987,1.6024096385542168,-0.111738340910943,-0.1598106300675695,1.9644165789000376,-103.68963183322155,False,joshuabaez,,,,Pending
2026-09-16,2026-09-16T15:31:20.001882+00:00,2026-09-17T01:38:00+00:00,823979,J.P. Crawford,SEA,LAA,price-decision-v1,0.6598183892624799,-217,Model snapshot; sportsbook quote age unverified,Not selected,Not selected,,0.0,False,1.23,,,,0.6298183892624799,1.4608294930875576,-0.0361178368838426,-0.0799427216764694,1.635392071047869,-157.38314114477865,False,jpcrawford,,,,Pending
2026-09-16,2026-09-16T15:31:20.001882+00:00,2026-09-16T23:10:00+00:00,823576,Juan Soto,NYM,BAL,price-decision-v1,0.6899061294368372,-261,Model snapshot; sportsbook quote age unverified,Not selected,Not selected,,0.0,False,2.47,,,,0.6599061294368371,1.3831417624521074,-0.0457620202042212,-0.0872562730777846,1.5608280542552324,-178.30777052121232,False,juansoto,,,,Pending
2026-09-16,2026-09-16T15:31:20.001882+00:00,2026-09-17T01:38:00+00:00,823979,Julio Rodriguez,SEA,LAA,price-decision-v1,0.6389289864701017,-198,Model snapshot; sportsbook quote age unverified,Not selected,Not selected,,0.0,False,3.0,,,,0.6089289864701016,1.5050505050505052,-0.038379606221766,-0.0835311213732813,1.691494448262027,-144.61432083993694,False,juliorodriguez,,,,Pending
2026-09-16,2026-09-16T15:31:20.001882+00:00,2026-09-16T17:15:00+00:00,823004,Jung Hoo Lee,SF,STL,price-decision-v1,0.6437947972668173,-232,Model snapshot; sportsbook quote age unverified,Not selected,Not selected,,0.0,True,4.0,,,,0.6137947972668173,1.4310344827586206,-0.0787074452905891,-0.1216384797733477,1.67808525680979,-147.4740808707054,False,junghoolee,,,,Pending
2026-09-16,2026-09-16T15:31:20.001882+00:00,2026-09-17T00:05:00+00:00,822846,Justin Foscue,TEX,BOS,price-decision-v1,0.6172019370744749,-159,Model snapshot; sportsbook quote age unverified,Not selected,Not selected,,0.0,False,2.73,,,,0.5872019370744749,1.6289308176100628,0.0053792559892389,-0.0434886685390629,1.754081407039645,-132.61167702380786,False,justinfoscue,,,,Pending
2026-09-16,2026-09-16T15:31:20.001882+00:00,2026-09-16T19:07:00+00:00,822763,Kazuma Okamoto,TOR,DET,price-decision-v1,0.5862219445814837,-161,Model snapshot; sportsbook quote age unverified,Not selected,Not selected,,0.0,True,5.0,,,,0.5562219445814837,1.62111801242236,-0.0496650463616942,-0.098298586734365,1.851778790883556,-117.40137353768732,False,kazumaokamoto,,,,Pending
2026-09-16,2026-09-16T15:31:20.001882+00:00,2026-09-16T22:40:00+00:00,824467,Ke'Bryan Hayes,CIN,LAD,price-decision-v1,0.5731009792173746,-119,Model snapshot; sportsbook quote age unverified,Not selected,Not selected,,0.0,False,4.5,,,,0.5431009792173745,1.8403361344537816,0.05469844074458,-0.0005116432890333,1.8965165584570705,-111.5428366120786,False,kebryanhayes,,,,Pending
2026-09-16,2026-09-16T15:31:20.001882+00:00,2026-09-16T22:45:00+00:00,822680,Keibert Ruiz,WSH,PHI,price-decision-v1,0.5462821000685256,-138,Model snapshot; sportsbook quote age unverified,Not selected,Not selected,,0.0,False,4.85,,,,0.5162821000685256,1.7246376811594204,-0.0578613056789195,-0.1096004361137021,1.9950333351926963,-100.49914556946396,False,keibertruiz,,,,Pending
2026-09-16,2026-09-16T15:31:20.001882+00:00,2026-09-16T19:07:00+00:00,822763,Kevin McGonigle,DET,TOR,price-decision-v1,0.6933557943775759,-230,Model snapshot; sportsbook quote age unverified,Not selected,Not selected,,0.0,False,1.62,,,,0.6633557943775759,1.434782608695652,-0.0051851645886955,-0.048228642849565,1.5527112429408187,-180.9262997219462,False,kevinmcgonigle,,,,Pending
2026-09-16,2026-09-16T15:31:20.001882+00:00,2026-09-16T17:40:00+00:00,823655,Kody Clemens,MIN,NYY,price-decision-v1,0.5914673144120556,-173,Model snapshot; sportsbook quote age unverified,Not selected,Not selected,,0.0,False,3.66,,,,0.5614673144120556,1.5780346820809248,-0.0666440645405135,-0.1139851050029412,1.8344790044965875,-119.83524985188404,False,kodyclemens,,,,Pending
2026-09-16,2026-09-16T15:31:20.001882+00:00,2026-09-16T22:40:00+00:00,823332,Konnor Griffin,PIT,MIL,price-decision-v1,0.6130377934455069,-178,Model snapshot; sportsbook quote age unverified,Not selected,Not selected,,0.0,False,1.9,,,,0.5830377934455069,1.5617977528089888,-0.0425589518098262,-0.089412884394096,1.7666093203206183,-130.4445398057215,False,konnorgriffin,,,,Pending
2026-09-16,2026-09-16T15:31:20.001882+00:00,2026-09-17T00:10:00+00:00,824140,Kyle Isbel,KC,HOU,price-decision-v1,0.5859465666066279,-133,Model snapshot; sportsbook quote age unverified,Not selected,Not selected,,0.0,False,5.0,,,,0.5559465666066279,1.7518796992481205,0.0265078948822878,-0.0260484960951556,1.8526960356763909,-117.27508492598562,False,kyleisbel,,,,Pending
2026-09-16,2026-09-16T15:31:20.001882+00:00,2026-09-17T00:40:00+00:00,824306,Kyle Karros,COL,SD,price-decision-v1,0.6155350681723284,-214,Model snapshot; sportsbook quote age unverified,Not selected,Not selected,,0.0,False,3.65,,,,0.5855350681723284,1.4672897196261685,-0.0968317224013498,-0.1408504139901349,1.759074829138776,-131.7393176025308,False,kylekarros,,,,Pending
2026-09-16,2026-09-16T15:31:20.001882+00:00,2026-09-16T22:45:00+00:00,822680,Kyle Schwarber,PHI,WSH,price-decision-v1,0.639931674015111,-198,Model snapshot; sportsbook quote age unverified,Not selected,Not selected,,0.0,False,1.43,,,,0.609931674015111,1.5050505050505052,-0.036870510825742,-0.0820220259772571,1.68871374267158,-145.19820616921535,False,kyleschwarber,,,,Pending
2026-09-16,2026-09-16T15:31:20.001882+00:00,2026-09-17T01:40:00+00:00,825031,Kyle Stowers,MIA,ARI,price-decision-v1,0.6605837274774554,-221,Model snapshot; sportsbook quote age unverified,Not selected,Not selected,,0.0,False,2.84,,,,0.6305837274774554,1.4524886877828054,-0.0405096085055964,-0.0840842691390806,1.6334071989461931,-157.87632373988038,False,kylestowers,,,,Pending
2026-09-16,2026-09-16T15:31:20.001882+00:00,2026-09-16T17:10:00+00:00,824382,Kyle Teel,CWS,CLE,price-decision-v1,0.5607330787924981,-123,Model snapshot; sportsbook quote age unverified,Not selected,Not selected,,0.0,True,5.0,,,,0.5307330787924981,1.8130081300813008,0.0166136306563178,-0.0377766132461213,1.940711896728603,-106.30247193402953,False,kyleteel,,,,Pending
2026-09-16,2026-09-16T15:31:20.001882+00:00,2026-09-16T22:40:00+00:00,824467,Kyle Tucker,LAD,CIN,price-decision-v1,0.6072616628297789,-190,Model snapshot; sportsbook quote age unverified,Not selected,Not selected,,0.0,False,4.41,,,,0.5772616628297789,1.526315789473684,-0.0731269356808639,-0.1189164093650744,1.7842861674736283,-127.5044800574817,False,kyletucker,,,,Pending
2026-09-16,2026-09-16T15:31:20.001882+00:00,2026-09-16T22:40:00+00:00,822926,Lawrence Butler,ATH,TB,price-decision-v1,0.5950220564469213,-163,Model snapshot; sportsbook quote age unverified,Not selected,Not selected,,0.0,False,3.72,,,,0.5650220564469213,1.6134969325153374,-0.0399337371439245,-0.0883386451193847,1.8229376857906063,-121.51588355554378,False,lawrencebutler,,,,Pending
2026-09-16,2026-09-16T15:31:20.001882+00:00,2026-09-16T17:40:00+00:00,823655,Luke Keaschall,MIN,NYY,price-decision-v1,0.5853690460681873,-189,Model snapshot; sportsbook quote age unverified,Not selected,Not selected,,0.0,False,1.48,,,,0.5553690460681873,1.529100529100529,-0.1049118819380627,-0.1507848978110787,1.8546226284882616,-117.01070936641304,False,lukekeaschall,,,,Pending
2026-09-16,2026-09-16T15:31:20.001882+00:00,2026-09-17T00:10:00+00:00,824140,Maikel Garcia,KC,HOU,price-decision-v1,0.6713844565917952,-190,Model snapshot; sportsbook quote age unverified,Not selected,Not selected,,0.0,False,2.54,,,,0.6413844565917952,1.526315789473684,0.0247446969032663,-0.0210447767809441,1.605901093196489,-165.04343881018676,False,maikelgarcia,,,,Pending
2026-09-16,2026-09-16T15:31:20.001882+00:00,2026-09-16T23:10:00+00:00,823576,Marcus Semien,NYM,BAL,price-decision-v1,0.6187765378730273,-206,Model snapshot; sportsbook quote age unverified,Not selected,Not selected,,0.0,False,4.7,,,,0.5887765378730273,1.4854368932038835,-0.0808465019944351,-0.1254096087905516,1.7493903607655723,-133.44180181052852,False,marcussemien,,,,Pending
2026-09-16,2026-09-16T15:31:20.001882+00:00,2026-09-16T17:15:00+00:00,823004,Masyn Winn,STL,SF,price-decision-v1,0.5721890323229943,-171,Model snapshot; sportsbook quote age unverified,Not selected,Not selected,,0.0,False,3.67,,,,0.5421890323229943,1.5847953216374269,-0.0931974984822721,-0.140741358131395,1.8997064466372413,-111.1473640916565,False,masynwinn,,,,Pending
2026-09-16,2026-09-16T15:31:20.001882+00:00,2026-09-16T23:40:00+00:00,824626,Matt Olson,ATL,CHC,price-decision-v1,0.6261510145475679,-167,Model snapshot; sportsbook quote age unverified,Not selected,Not selected,,0.0,False,3.08,,,,0.5961510145475679,1.598802395209581,0.0010917418215605,-0.0468723300347267,1.7277501419362502,-137.40979800284236,False,mattolson,,,,Pending
2026-09-16,2026-09-16T15:31:20.001882+00:00,2026-09-16T23:40:00+00:00,824626,Mauricio Dubon,ATL,CHC,price-decision-v1,0.5956542265534531,-187,Model snapshot; sportsbook quote age unverified,Not selected,Not selected,,0.0,False,3.84,,,,0.5656542265534531,1.53475935828877,-0.0858141014928286,-0.1318568822414918,1.820900386930402,-121.81745994045714,False,mauriciodubon,,,,Pending
2026-09-16,2026-09-16T15:31:20.001882+00:00,2026-09-16T23:40:00+00:00,824626,Michael Busch,CHC,ATL,price-decision-v1,0.5829077977193059,-161,Model snapshot; sportsbook quote age unverified,Not selected,Not selected,,0.0,False,3.33,,,,0.5529077977193059,1.62111801242236,-0.0550376695357837,-0.1036712099084545,1.8628784116423316,-115.89118310384922,False,michaelbusch,,,,Pending
2026-09-16,2026-09-16T15:31:20.001882+00:00,2026-09-16T23:40:00+00:00,824626,Michael Conforto,CHC,ATL,price-decision-v1,0.5939852606860742,-101,Model snapshot; sportsbook quote age unverified,Not selected,Not selected,,0.0,False,3.83,,,,0.5639852606860741,1.99009900990099,0.1820894791871377,0.1223865088901079,1.8262888621362736,-121.023052085516,True,michaelconforto,,,,Pending
2026-09-16,2026-09-16T15:31:20.001882+00:00,2026-09-17T00:10:00+00:00,824140,Michael Massey,KC,HOU,price-decision-v1,0.5867778097243049,-147,Model snapshot; sportsbook quote age unverified,Not selected,Not selected,,0.0,False,4.77,,,,0.5567778097243049,1.6802721088435373,-0.0140536122319503,-0.0644617754972564,1.8499300475175489,-117.65674162488682,False,michaelmassey,,,,Pending
2026-09-16,2026-09-16T15:31:20.001882+00:00,2026-09-16T22:40:00+00:00,824467,Miguel Rojas,LAD,CIN,price-decision-v1,0.6154440309622715,-181,Model snapshot; sportsbook quote age unverified,Not selected,Not selected,,0.0,False,4.33,,,,0.5854440309622715,1.5524861878453038,-0.044531642539236,-0.0911062281745951,1.759348367267541,-131.69186148360683,False,miguelrojas,,,,Pending
2026-09-16,2026-09-16T15:31:20.001882+00:00,2026-09-16T17:10:00+00:00,824382,Miguel Vargas,CWS,CLE,price-decision-v1,0.6236522103945226,-168,Model snapshot; sportsbook quote age unverified,On card,Locked,1.0,21.0,True,3.0,,,,0.5936522103945225,1.5952380952380951,-0.0051262357992138,-0.0529833786563568,1.7350225973478557,-136.05023894615607,False,miguelvargas,,,,Pending
2026-09-16,2026-09-16T15:31:20.001882+00:00,2026-09-17T01:38:00+00:00,823979,Mike Trout,LAA,SEA,price-decision-v1,0.6581000031481319,-186,Model snapshot; sportsbook quote age unverified,Not selected,Not selected,,0.0,False,2.0,,,,0.6281000031481319,1.5376344086021505,0.0119172091417512,-0.0342118231163134,1.6398662551146073,-156.28265938495048,False,miketrout,,,,Pending
2026-09-16,2026-09-16T15:31:20.001882+00:00,2026-09-16T22:40:00+00:00,824467,Mookie Betts,LAD,CIN,price-decision-v1,0.6335331503926014,-265,Model snapshot; sportsbook quote age unverified,Not selected,Not selected,,0.0,False,3.75,,,,0.6035331503926014,1.3773584905660377,-0.1273977362517,-0.1687184909686812,1.706617108488539,-141.51935864375113,False,mookiebetts,,,,Pending
2026-09-16,2026-09-16T15:31:20.001882+00:00,2026-09-16T17:10:00+00:00,824382,Munetaka Murakami,CWS,CLE,price-decision-v1,0.5923770882224147,-115,Model snapshot; sportsbook quote age unverified,Not selected,Not selected,,0.0,False,2.24,,,,0.5623770882224147,1.869565217391304,0.1074875997201665,0.0514006431984275,1.8315113143312212,-120.2629456466618,True,munetakamurakami,,,,Pending
2026-09-16,2026-09-16T15:31:20.001882+00:00,2026-09-16T19:07:00+00:00,822763,Nathan Lukes,TOR,DET,price-decision-v1,0.6163985695043719,-210,Model snapshot; sportsbook quote age unverified,Not selected,Not selected,,0.0,True,2.0,,,,0.5863985695043719,1.4761904761904765,-0.0900783021602128,-0.1343640164459272,1.7564845031435925,-132.19041445587743,False,nathanlukes,,,,Pending
2026-09-16,2026-09-16T15:31:20.001882+00:00,2026-09-16T22:40:00+00:00,822926,Nick Fortes,TB,ATH,price-decision-v1,0.6358337889564194,-164,Model snapshot; sportsbook quote age unverified,Not selected,Not selected,,0.0,False,5.0,,,,0.6058337889564194,1.6097560975609757,0.0235373188078946,-0.0247553641189346,1.7001362729771632,-142.82933745851184,False,nickfortes,,,,Pending
2026-09-16,2026-09-16T15:31:20.001882+00:00,2026-09-16T22:40:00+00:00,823332,Nick Gonzales,PIT,MIL,price-decision-v1,0.6126583583028093,-177,Model snapshot; sportsbook quote age unverified,Not selected,Not selected,,0.0,False,3.6,,,,0.5826583583028093,1.5649717514124295,-0.0412069759893887,-0.0881561285317615,1.7677597606258073,-130.2490767665255,False,nickgonzales,,,,Pending
2026-09-16,2026-09-16T15:31:20.001882+00:00,2026-09-16T23:40:00+00:00,824626,Nico Hoerner,CHC,ATL,price-decision-v1,0.6299913334835461,-215,Model snapshot; sportsbook quote age unverified,Not selected,Not selected,,0.0,False,3.09,,,,0.599991333483546,1.4651162790697674,-0.076989441640386,-0.120942930012479,1.7166914628913492,-139.53005606704158,False,nicohoerner,,,,Pending
2026-09-16,2026-09-16T15:31:20.001882+00:00,2026-09-16T22:40:00+00:00,823332,Oneil Cruz,PIT,MIL,price-decision-v1,0.6059822558005472,-171,Model snapshot; sportsbook quote age unverified,Not selected,Not selected,,0.0,False,3.89,,,,0.5759822558005472,1.5847953216374269,-0.0396421560119982,-0.0871860156611211,1.7882495330840045,-126.86337993598652,False,oneilcruz,,,,Pending
2026-09-16,2026-09-16T15:31:20.001882+00:00,2026-09-17T01:40:00+00:00,825031,Otto Lopez,MIA,ARI,price-decision-v1,0.7098938214353775,-251,Model snapshot; sportsbook quote age unverified,Not selected,Not selected,,0.0,False,2.44,,,,0.6798938214353775,1.398406374501992,-0.0072799548851891,-0.0492321461202489,1.5149424329603198,-194.19646469046327,False,ottolopez,,,,Pending
2026-09-16,2026-09-16T15:31:20.001882+00:00,2026-09-16T23:40:00+00:00,824626,Ozzie Albies,ATL,CHC,price-decision-v1,0.5918041485088026,-180,Model snapshot; sportsbook quote age unverified,Not selected,Not selected,,0.0,False,3.43,,,,0.5618041485088026,1.5555555555555556,-0.079415768986307,-0.1260824356529738,1.8333791281782637,-119.99340590470077,False,ozziealbies,,,,Pending
2026-09-16,2026-09-16T15:31:20.001882+00:00,2026-09-17T01:40:00+00:00,825031,Pavin Smith,ARI,MIA,price-decision-v1,0.6092436348673544,-164,Model snapshot; sportsbook quote age unverified,Not selected,Not selected,,0.0,False,4.92,,,,0.5792436348673544,1.6097560975609757,-0.0192663438720634,-0.0675590267988928,1.778180955300213,-128.50481538888494,False,pavinsmith,,,,Pending
2026-09-16,2026-09-16T15:31:20.001882+00:00,2026-09-16T23:10:00+00:00,823576,Pete Alonso,BAL,NYM,price-decision-v1,0.6077518594987846,-189,Model snapshot; sportsbook quote age unverified,Not selected,Not selected,,0.0,False,2.98,,,,0.5777518594987846,1.529100529100529,-0.070686310078578,-0.1165593259515939,1.7827722802892456,-127.75107463315967,False,petealonso,,,,Pending
2026-09-16,2026-09-16T15:31:20.001882+00:00,2026-09-16T23:40:00+00:00,824626,Pete Crow-Armstrong,CHC,ATL,price-decision-v1,0.615002330149789,-231,Model snapshot; sportsbook quote age unverified,Not selected,Not selected,,0.0,False,1.13,,,,0.585002330149789,1.432900432900433,-0.1187628948935923,-0.1617499078806054,1.7606767476229883,-131.4618861592476,False,petecrowarmstrong,,,,Pending
2026-09-16,2026-09-16T15:31:20.001882+00:00,2026-09-16T17:10:00+00:00,824382,Randal Grichuk,CWS,CLE,price-decision-v1,0.6158342055646829,-154,Model snapshot; sportsbook quote age unverified,Not selected,Not selected,,0.0,True,2.0,,,,0.5858342055646829,1.6493506493506491,0.015726546840451,-0.0337539726400684,1.7581766141620012,-131.89538971803842,False,randalgrichuk,,,,Pending
2026-09-16,2026-09-16T15:31:20.001882+00:00,2026-09-17T01:38:00+00:00,823979,Randy Arozarena,SEA,LAA,price-decision-v1,0.6389869986514727,-223,Model snapshot; sportsbook quote age unverified,Not selected,Not selected,,0.0,False,2.65,,,,0.6089869986514727,1.4484304932735426,-0.0744717463478669,-0.1179246611460732,1.6913333162790165,-144.64802671196716,False,randyarozarena,,,,Pending
2026-09-16,2026-09-16T15:31:20.001882+00:00,2026-09-16T19:07:00+00:00,822763,Riley Greene,DET,TOR,price-decision-v1,0.6585884519063252,-205,Model snapshot; sportsbook quote age unverified,Not selected,Not selected,,0.0,False,4.05,,,,0.6285884519063252,1.4878048780487805,-0.0201488886271746,-0.0647830349686381,1.6385919863406826,-156.59451126693435,False,rileygreene,,,,Pending
2026-09-16,2026-09-16T15:31:20.001882+00:00,2026-09-17T00:05:00+00:00,822846,Roman Anthony,BOS,TEX,price-decision-v1,0.6387892584529667,-212,Model snapshot; sportsbook quote age unverified,On card,Hold,2.0,0.0,False,1.0,,,,0.6087892584529667,1.4716981132075473,-0.0598950535975205,-0.104045996993747,1.6918826764739556,-144.53317506030126,False,romananthony,,,,Pending
2026-09-16,2026-09-16T15:31:20.001882+00:00,2026-09-16T23:40:00+00:00,824626,Ronald Acuna Jr.,ATL,CHC,price-decision-v1,0.6294114804206459,-188,Model snapshot; sportsbook quote age unverified,Not selected,Not selected,,0.0,False,1.54,,,,0.5994114804206458,1.5319148936170213,-0.0357951789300744,-0.0817526257385851,1.7183521397974932,-139.2074923423914,False,ronaldacunajr,,,,Pending
2026-09-16,2026-09-16T15:31:20.001882+00:00,2026-09-16T17:40:00+00:00,823655,Royce Lewis,MIN,NYY,price-decision-v1,0.541010900068866,-133,Model snapshot; sportsbook quote age unverified,Not selected,Not selected,,0.0,False,4.57,,,,0.511010900068866,1.7518796992481205,-0.0522139870974002,-0.1047703780748439,2.0156125825519435,101.56125825519436,False,roycelewis,,,,Pending
2026-09-16,2026-09-16T15:31:20.001882+00:00,2026-09-16T17:40:00+00:00,823655,Ryan Jeffers,MIN,NYY,price-decision-v1,0.6089343812303532,-176,Model snapshot; sportsbook quote age unverified,Not selected,Not selected,,0.0,False,2.86,,,,0.5789343812303531,1.5681818181818183,-0.0450801748887642,-0.0921256294342188,1.779130819301215,-128.34815094297997,False,ryanjeffers,,,,Pending
2026-09-16,2026-09-16T15:31:20.001882+00:00,2026-09-16T17:40:00+00:00,823655,Ryan Kreidler,MIN,NYY,price-decision-v1,0.5712271494226455,104,Model snapshot; sportsbook quote age unverified,Not selected,Not selected,,0.0,False,5.0,,,,0.5412271494226455,2.04,0.1653033848221969,0.1041033848221968,1.9030826541106691,-110.73183561307266,True,ryankreidler,,,,Pending
2026-09-16,2026-09-16T15:31:20.001882+00:00,2026-09-16T17:40:00+00:00,823655,Ryan McMahon,NYY,MIN,price-decision-v1,0.5868043489019017,-140,Model snapshot; sportsbook quote age unverified,Not selected,Not selected,,0.0,False,1.0,,,,0.5568043489019017,1.7142857142857144,0.00595031240326,-0.0454782590253113,1.849841873597626,-117.66894890301312,False,ryanmcmahon,,,,Pending
2026-09-16,2026-09-16T15:31:20.001882+00:00,2026-09-16T22:40:00+00:00,823332,Ryan O'Hearn,PIT,MIL,price-decision-v1,0.5966220831222493,-165,Model snapshot; sportsbook quote age unverified,Not selected,Not selected,,0.0,False,4.58,,,,0.5666220831222493,1.606060606060606,-0.041788775591539,-0.0899705937733572,1.8177900768081725,-122.28076964482028,False,ryanohearn,,,,Pending
2026-09-16,2026-09-16T15:31:20.001882+00:00,2026-09-16T22:40:00+00:00,822926,Ryan Vilade,TB,ATH,price-decision-v1,0.6421512617491455,-191,Model snapshot; sportsbook quote age unverified,Not selected,Not selected,,0.0,False,3.8,,,,0.6121512617491455,1.5235602094240837,-0.0216438891675323,-0.0673506954502548,1.6825906673081164,-146.5006845088621,False,ryanvilade,,,,Pending
2026-09-16,2026-09-16T15:31:20.001882+00:00,2026-09-17T01:40:00+00:00,825031,Ryan Waldschmidt,ARI,MIA,price-decision-v1,0.6599977946020981,-159,Model snapshot; sportsbook quote age unverified,Not selected,Not selected,,0.0,False,4.57,,,,0.629997794602098,1.6289308176100628,0.0750907471820339,0.0262228226537319,1.6349263581954925,-157.4985802829282,False,ryanwaldschmidt,,,,Pending
2026-09-16,2026-09-16T15:31:20.001882+00:00,2026-09-16T22:40:00+00:00,824467,Sal Stewart,CIN,LAD,price-decision-v1,0.6517068637118595,-138,Model snapshot; sportsbook quote age unverified,Not selected,Not selected,,0.0,False,2.67,,,,0.6217068637118595,1.7246376811594204,0.1239582142276998,0.072219083792917,1.6567293367978175,-152.26973183137434,True,salstewart,,,,Pending
2026-09-16,2026-09-16T15:31:20.001882+00:00,2026-09-17T00:10:00+00:00,824140,Salvador Perez,KC,HOU,price-decision-v1,0.5928199781635116,-164,Model snapshot; sportsbook quote age unverified,Not selected,Not selected,,0.0,False,3.99,,,,0.5628199781635116,1.6097560975609757,-0.0457044253953227,-0.093997108322152,1.830070075623297,-120.47175646575418,False,salvadorperez,,,,Pending
2026-09-16,2026-09-16T15:31:20.001882+00:00,2026-09-16T17:10:00+00:00,824382,Sam Antonacci,CWS,CLE,price-decision-v1,0.6382129279353989,-129,Model snapshot; sportsbook quote age unverified,Not selected,Not selected,,0.0,False,1.15,,,,0.6082129279353988,1.7751937984496124,0.1329516317612895,0.0796958178078011,1.6934858709701763,-144.19904454592782,True,samantonacci,,,,Pending
2026-09-16,2026-09-16T15:31:20.001882+00:00,2026-09-16T23:10:00+00:00,823576,Samuel Basallo,BAL,NYM,price-decision-v1,0.5890468777109368,-156,Model snapshot; sportsbook quote age unverified,Not selected,Not selected,,0.0,False,4.77,,,,0.5590468777109368,1.641025641025641,-0.0333589699102576,-0.0825897391410268,1.8424215232493908,-118.70541912827645,False,samuelbasallo,,,,Pending
2026-09-16,2026-09-16T15:31:20.001882+00:00,2026-09-16T23:40:00+00:00,824626,Sean Murphy,ATL,CHC,price-decision-v1,0.5252746805298888,100,Model snapshot; sportsbook quote age unverified,Not selected,Not selected,,0.0,False,5.0,,,,0.4952746805298887,2.0,0.0505493610597775,-0.0094506389402224,2.0796540596382087,107.96540596382088,False,seanmurphy,,,,Pending
2026-09-16,2026-09-16T15:31:20.001882+00:00,2026-09-16T23:40:00+00:00,824626,Seiya Suzuki,CHC,ATL,price-decision-v1,0.6182707789568036,-187,Model snapshot; sportsbook quote age unverified,Not selected,Not selected,,0.0,False,2.77,,,,0.5882707789568036,1.53475935828877,-0.0511031360395581,-0.0971459167882212,1.750894378650809,-133.17452206750815,False,seiyasuzuki,,,,Pending
2026-09-16,2026-09-16T15:31:20.001882+00:00,2026-09-16T22:40:00+00:00,822926,Shea Langeliers,ATH,TB,price-decision-v1,0.6979807196990411,-198,Model snapshot; sportsbook quote age unverified,Not selected,Not selected,,0.0,False,2.78,,,,0.667980719699041,1.5050505050505052,0.0504962346985569,0.0053447195470417,1.541960672853053,-184.5152333167797,False,shealangeliers,,,,Pending
2026-09-16,2026-09-16T15:31:20.001882+00:00,2026-09-16T22:40:00+00:00,823332,Spencer Horwitz,PIT,MIL,price-decision-v1,0.5701676107894507,-138,Model snapshot; sportsbook quote age unverified,Not selected,Not selected,,0.0,False,2.17,,,,0.5401676107894506,1.7246376811594204,-0.0166674538558748,-0.0684065842906574,1.9068155502597857,-110.2760092406354,False,spencerhorwitz,,,,Pending
2026-09-16,2026-09-16T15:31:20.001882+00:00,2026-09-16T17:40:00+00:00,823655,Spencer Jones,NYY,MIN,price-decision-v1,0.5770339650625478,-165,Model snapshot; sportsbook quote age unverified,Not selected,Not selected,,0.0,False,4.48,,,,0.5470339650625478,1.606060606060606,-0.0732484803540899,-0.1214302985359082,1.882881257441172,-113.26551465123065,False,spencerjones,,,,Pending
2026-09-16,2026-09-16T15:31:20.001882+00:00,2026-09-16T19:07:00+00:00,822763,Spencer Torkelson,DET,TOR,price-decision-v1,0.5822336330964186,-132,Model snapshot; sportsbook quote age unverified,Not selected,Not selected,,0.0,False,4.73,,,,0.5522336330964186,1.7575757575757576,0.0233197187755236,-0.0294075539517491,1.8651526061980448,-115.58654425079392,False,spencertorkelson,,,,Pending
2026-09-16,2026-09-16T15:31:20.001882+00:00,2026-09-16T17:10:00+00:00,824382,Steven Kwan,CLE,CWS,price-decision-v1,0.6259396086696288,-226,Model snapshot; sportsbook quote age unverified,Not selected,Not selected,,0.0,True,1.0,,,,0.5959396086696288,1.4424778761061947,-0.0970959627154911,-0.140370298998677,1.7283630505771623,-137.2941693304719,False,stevenkwan,,,,Pending
2026-09-16,2026-09-16T15:31:20.001882+00:00,2026-09-16T22:40:00+00:00,824467,Teoscar Hernandez,LAD,CIN,price-decision-v1,0.6091398589358394,-216,Model snapshot; sportsbook quote age unverified,Not selected,Not selected,,0.0,False,4.5,,,,0.5791398589358394,1.462962962962963,-0.1088509471123829,-0.1527398360012719,1.77849958711633,-128.45221969919575,False,teoscarhernandez,,,,Pending
2026-09-16,2026-09-16T15:31:20.001882+00:00,2026-09-17T00:40:00+00:00,824306,T.J. Rumfield,COL,SD,price-decision-v1,0.6327823581247787,-251,Model snapshot; sportsbook quote age unverified,Not selected,Not selected,,0.0,False,3.69,,,,0.6027823581247786,1.398406374501992,-0.115113116725907,-0.1570653079609668,1.7087427760896503,-141.0949125319209,False,tjrumfield,,,,Pending
2026-09-16,2026-09-16T15:31:20.001882+00:00,2026-09-16T17:10:00+00:00,824382,Travis Bazzana,CLE,CWS,price-decision-v1,0.6026669739591365,-163,Model snapshot; sportsbook quote age unverified,Not selected,Not selected,,0.0,True,4.0,,,,0.5726669739591365,1.6134969325153374,-0.0275986861886324,-0.0760035941640927,1.7986020616469098,-125.21881022167148,False,travisbazzana,,,,Pending
2026-09-16,2026-09-16T15:31:20.001882+00:00,2026-09-17T00:05:00+00:00,822846,Trevor Story,BOS,TEX,price-decision-v1,0.5594803686658156,-167,Model snapshot; sportsbook quote age unverified,Not selected,Not selected,,0.0,False,4.62,,,,0.5294803686658156,1.598802395209581,-0.1055014465043547,-0.1534655183606421,1.9453034729038088,-105.78613415310674,False,trevorstory,,,,Pending
2026-09-16,2026-09-16T15:31:20.001882+00:00,2026-09-16T22:40:00+00:00,824467,Tyler Stephenson,CIN,LAD,price-decision-v1,0.5756509779479867,-141,Model snapshot; sportsbook quote age unverified,Not selected,Not selected,,0.0,False,4.29,,,,0.5456509779479867,1.7092198581560285,-0.0160859171243631,-0.0673625128690439,1.8876535397654564,-112.65656646445964,False,tylerstephenson,,,,Pending
2026-09-16,2026-09-16T15:31:20.001882+00:00,2026-09-17T01:38:00+00:00,823979,Vaughn Grissom,LAA,SEA,price-decision-v1,0.6108321742103823,-210,Model snapshot; sportsbook quote age unverified,Not selected,Not selected,,0.0,False,3.77,,,,0.5808321742103822,1.4761904761904765,-0.0982953618799118,-0.1425810761656262,1.7733177425996471,-129.3129518324925,False,vaughngrissom,,,,Pending
2026-09-16,2026-09-16T15:31:20.001882+00:00,2026-09-17T00:10:00+00:00,824140,Vinnie Pasquantino,KC,HOU,price-decision-v1,0.6123583918310896,-179,Model snapshot; sportsbook quote age unverified,Not selected,Not selected,,0.0,False,4.0,,,,0.5823583918310896,1.558659217877095,-0.045541947928078,-0.092301724464391,1.768670314445725,-130.0947859188608,False,vinniepasquantino,,,,Pending
2026-09-16,2026-09-16T15:31:20.001882+00:00,2026-09-16T19:07:00+00:00,822763,Vladimir Guerrero Jr.,TOR,DET,price-decision-v1,0.6498972575762475,-253,Model snapshot; sportsbook quote age unverified,Not selected,Not selected,,0.0,True,3.0,,,,0.6198972575762475,1.3952569169960474,-0.0932263560299788,-0.1350840635398602,1.6615656665867888,-151.15657454826714,False,vladimirguerrerojr,,,,Pending
2026-09-16,2026-09-16T15:31:20.001882+00:00,2026-09-16T22:40:00+00:00,824467,Will Smith (LAD),LAD,CIN,price-decision-v1,0.6352822974021762,-267,Model snapshot; sportsbook quote age unverified,Not selected,Not selected,,0.0,False,4.21,,,,0.6052822974021762,1.3745318352059923,-0.1267842578779076,-0.1680202129340874,1.7016853200906068,-142.51402606953107,False,willsmithlad,,,,Pending
2026-09-16,2026-09-16T15:31:20.001882+00:00,2026-09-16T22:40:00+00:00,823332,William Contreras,MIL,PIT,price-decision-v1,0.6379993208357263,-227,Model snapshot; sportsbook quote age unverified,Not selected,Not selected,,0.0,False,3.7,,,,0.6079993208357263,1.4405286343612334,-0.0809437096331168,-0.1241595686639538,1.6940808397354987,-144.07543657033975,False,williamcontreras,,,,Pending
2026-09-16,2026-09-16T15:31:20.001882+00:00,2026-09-17T00:05:00+00:00,822846,Willson Contreras,BOS,TEX,price-decision-v1,0.6139935715714927,-171,Model snapshot; sportsbook quote age unverified,Not selected,Not selected,,0.0,False,3.95,,,,0.5839935715714927,1.5847953216374269,-0.0269458602580437,-0.0744897199071665,1.7637180444098557,-130.9383754017133,False,willsoncontreras,,,,Pending
2026-09-16,2026-09-16T15:31:20.001882+00:00,2026-09-17T00:05:00+00:00,822846,Wilyer Abreu,BOS,TEX,price-decision-v1,0.6331545270896347,-193,Model snapshot; sportsbook quote age unverified,Not selected,Not selected,,0.0,False,3.2,,,,0.6031545270896347,1.5181347150259068,-0.0387861324494146,-0.0843301739001918,1.7076884177094669,-141.30512454006816,False,wilyerabreu,,,,Pending
2026-09-16,2026-09-16T15:31:20.001882+00:00,2026-09-17T00:05:00+00:00,822846,Wyatt Langford,TEX,BOS,price-decision-v1,0.6104644332102802,-169,Model snapshot; sportsbook quote age unverified,Not selected,Not selected,,0.0,False,2.46,,,,0.5804644332102802,1.5917159763313609,-0.0283140086771279,-0.0760654879670689,1.7744411906575337,-129.12536317327817,False,wyattlangford,,,,Pending
2026-09-16,2026-09-16T15:31:20.001882+00:00,2026-09-17T01:40:00+00:00,825031,Xavier Edwards,MIA,ARI,price-decision-v1,0.7010681756110851,-268,Model snapshot; sportsbook quote age unverified,Not selected,Not selected,,0.0,False,2.99,,,,0.6710681756110851,1.373134328358209,-0.0373392215489577,-0.078533251399704,1.5348664076672478,-186.9625733949854,False,xavieredwards,,,,Pending
2026-09-16,2026-09-16T15:31:20.001882+00:00,2026-09-17T00:10:00+00:00,824140,Yainer Diaz,HOU,KC,price-decision-v1,0.5559167313292916,-274,Model snapshot; sportsbook quote age unverified,Not selected,Not selected,,0.0,False,4.89,,,,0.5259167313292916,1.364963503649635,-0.2411939506673172,-0.2821428557768063,1.9584849437982368,-104.33132063997266,False,yainerdiaz,,,,Pending
2026-09-16,2026-09-16T15:31:20.001882+00:00,2026-09-16T19:07:00+00:00,822763,Zach McKinstry,DET,TOR,price-decision-v1,0.5643452633797178,-136,Model snapshot; sportsbook quote age unverified,Not selected,Not selected,,0.0,False,4.29,,,,0.5343452633797178,1.7352941176470589,-0.0206949841351955,-0.0727538076646073,1.927592645783516,-107.80594310936164,False,zachmckinstry,,,,Pending
2026-09-16,2026-09-16T15:31:20.001882+00:00,2026-09-17T01:38:00+00:00,823979,Zach Neto,LAA,SEA,price-decision-v1,0.6006123776409963,-200,Model snapshot; sportsbook quote age unverified,Not selected,Not selected,,0.0,False,1.33,,,,0.5706123776409963,1.5,-0.0990814335385055,-0.1440814335385056,1.8050782639139136,-124.21152635999238,False,zachneto,,,,Pending
2026-09-16,2026-09-16T15:31:20.001882+00:00,2026-09-16T22:40:00+00:00,822926,Zack Gelof,ATH,TB,price-decision-v1,0.5983767383638964,-161,Model snapshot; sportsbook quote age unverified,Not selected,Not selected,,0.0,False,2.8,,,,0.5683767383638963,1.62111801242236,-0.0299606912237456,-0.0785942315964165,1.812178314976281,-123.12567099617829,False,zackgelof,,,,Pending
